folio_i,folio_int,sexo,edad,Ciudad,Peso,Estatura,imc,muestra_suero,ac_urico,imc_calc,Peso_num,Estatura_num,ac_urico_num,imc_calculado,imc_final,categoria_imc,hiperuricemia,imc_num
2024_01001010,2024_01001010_01,Mujer,89.0,AGUASCALIENTES,,,,1.0,4.1,,,,4.1,,,,0,
2024_01001012,2024_01001012_01,Mujer,71.0,AGUASCALIENTES,,,32.0,1.0,4.3,,,,4.3,,32.0,Obesidad I,0,32.0
2024_01001016,2024_01001016_02,Mujer,57.0,AGUASCALIENTES,80.25,170.6,,1.0,4.9,27.57318834703804,80.25,170.6,4.9,27.57318834703804,27.57318834703804,Sobrepeso,0,
2024_01001016,2024_01001016_05,Mujer,20.0,AGUASCALIENTES,68.6,166.2,,1.0,4.9,24.834880626041723,68.6,166.2,4.9,24.834880626041723,24.834880626041723,Normal,0,
2024_01001031,2024_01001031_01,Hombre,74.0,AGUASCALIENTES,,,,1.0,6.4,,,,6.4,,,,0,
2024_01001034,2024_01001034_01,Hombre,38.0,AGUASCALIENTES,80.15,169.0,,1.0,7.3,28.062742901158927,80.15,169.0,7.3,28.062742901158927,28.062742901158927,Sobrepeso,1,
2024_01001038,2024_01001038_01,Mujer,63.0,AGUASCALIENTES,,,,1.0,6.9,,,,6.9,,,,1,
2024_01001042,2024_01001042_01,Hombre,74.0,AGUASCALIENTES,,,,1.0,4.8,,,,4.8,,,,0,
2024_01001046,2024_01001046_01,Mujer,32.0,AGUASCALIENTES,56.3,151.8,,1.0,3.0,24.432328092750843,56.3,151.8,3.0,24.432328092750843,24.432328092750843,Normal,0,
2024_01001048,2024_01001048_01,Hombre,83.0,AGUASCALIENTES,,,,1.0,3.0,,,,3.0,,,,0,
2024_01001055,2024_01001055_01,Hombre,53.0,AGUASCALIENTES,75.15,174.8,,1.0,6.1,24.594960438605213,75.15,174.8,6.1,24.594960438605213,24.594960438605213,Normal,0,
2024_01001060,2024_01001060_02,Mujer,55.0,AGUASCALIENTES,57.45,147.8,,1.0,4.0,26.299116862380306,57.45,147.8,4.0,26.299116862380306,26.299116862380306,Sobrepeso,0,
2024_01001060,2024_01001060_03,Mujer,27.0,AGUASCALIENTES,68.5,154.0,,1.0,4.6,28.883454208129535,68.5,154.0,4.6,28.883454208129535,28.883454208129535,Sobrepeso,0,
2024_01001068,2024_01001068_01,Mujer,23.0,AGUASCALIENTES,65.0,149.5,,1.0,6.0,29.082448742184088,65.0,149.5,6.0,29.082448742184088,29.082448742184088,Sobrepeso,0,
2024_01001069,2024_01001069_01,Mujer,85.0,AGUASCALIENTES,,,,1.0,6.3,,,,6.3,,,,1,
2024_01001074,2024_01001074_01,Hombre,59.0,AGUASCALIENTES,75.6,170.0,,1.0,9.8,26.15916955017301,75.6,170.0,9.8,26.15916955017301,26.15916955017301,Sobrepeso,1,
2024_01001074,2024_01001074_03,Mujer,34.0,AGUASCALIENTES,70.75,157.7,,1.0,4.2,28.448741399533322,70.75,157.7,4.2,28.448741399533322,28.448741399533322,Sobrepeso,0,
2024_01001082,2024_01001082_02,Mujer,56.0,AGUASCALIENTES,71.9,152.0,,1.0,4.2,31.12015235457064,71.9,152.0,4.2,31.12015235457064,31.12015235457064,Obesidad I,0,
2024_01001082,2024_01001082_03,Mujer,23.0,AGUASCALIENTES,78.95,167.3,,1.0,5.7,28.207217832249405,78.95,167.3,5.7,28.207217832249405,28.207217832249405,Sobrepeso,0,
2024_01001083,2024_01001083_01,Mujer,63.0,AGUASCALIENTES,,,,1.0,3.9,,,,3.9,,,,0,
2024_01001087,2024_01001087_01,Hombre,56.0,AGUASCALIENTES,78.75,169.3,,1.0,4.5,27.474933266439862,78.75,169.3,4.5,27.474933266439862,27.474933266439862,Sobrepeso,0,
2024_01001089,2024_01001089_01,Mujer,52.0,AGUASCALIENTES,60.5,152.4,,1.0,4.3,26.048663208437524,60.5,152.4,4.3,26.048663208437524,26.048663208437524,Sobrepeso,0,
2024_01001095,2024_01001095_01,Mujer,59.0,AGUASCALIENTES,75.75,147.1,,1.0,4.1,35.00719322722881,75.75,147.1,4.1,35.00719322722881,35.00719322722881,Obesidad II,0,
2024_01001096,2024_01001096_01,Hombre,,AGUASCALIENTES,57.1,162.2,,1.0,5.8,21.70373152142018,57.1,162.2,5.8,21.70373152142018,21.70373152142018,Normal,0,
2024_01001096,2024_01001096_03,Mujer,25.0,AGUASCALIENTES,72.0,156.9,,1.0,7.3,29.247355856234627,72.0,156.9,7.3,29.247355856234627,29.247355856234627,Sobrepeso,1,
2024_01001100,2024_01001100_01,Mujer,61.0,AGUASCALIENTES,,,,1.0,6.0,,,,6.0,,,,0,
2024_01001100,2024_01001100_02,Mujer,28.0,AGUASCALIENTES,94.35,163.0,,1.0,3.0,35.51131017351048,94.35,163.0,3.0,35.51131017351048,35.51131017351048,Obesidad II,0,
2024_01001115,2024_01001115_02,Mujer,52.0,AGUASCALIENTES,88.05,156.1,,1.0,5.3,36.134625178672486,88.05,156.1,5.3,36.134625178672486,36.134625178672486,Obesidad II,0,
2024_01001126,2024_01001126_01,Hombre,67.0,AGUASCALIENTES,,,,1.0,7.1,,,,7.1,,,,1,
2024_01001130,2024_01001130_02,Mujer,69.0,AGUASCALIENTES,,,,1.0,5.2,,,,5.2,,,,0,
2024_01001132,2024_01001132_03,Mujer,23.0,AGUASCALIENTES,85.0,172.2,,1.0,4.9,28.665045236813743,85.0,172.2,4.9,28.665045236813743,28.665045236813743,Sobrepeso,0,
2024_01001144,2024_01001144_01,Mujer,71.0,AGUASCALIENTES,,,,1.0,5.1,,,,5.1,,,,0,
2024_01001144,2024_01001144_02,Mujer,43.0,AGUASCALIENTES,59.7,154.0,,1.0,2.5,25.17287906898297,59.7,154.0,2.5,25.17287906898297,25.17287906898297,Sobrepeso,0,
2024_01001148,2024_01001148_01,Hombre,69.0,AGUASCALIENTES,,,,1.0,7.1,,,,7.1,,,,1,
2024_01001152,2024_01001152_02,Mujer,74.0,AGUASCALIENTES,,,,1.0,8.2,,,,8.2,,,,1,
2024_01001175,2024_01001175_01,Mujer,23.0,AGUASCALIENTES,95.6,164.3,,1.0,5.2,35.41463461617537,95.6,164.3,5.2,35.41463461617537,35.41463461617537,Obesidad II,0,
2024_01001186,2024_01001186_01,Mujer,32.0,AGUASCALIENTES,74.5,167.3,,1.0,3.6,26.617323983566568,74.5,167.3,3.6,26.617323983566568,26.617323983566568,Sobrepeso,0,
2024_01001192,2024_01001192_01,Hombre,36.0,AGUASCALIENTES,79.35,159.3,,1.0,5.5,31.269099863692723,79.35,159.3,5.5,31.269099863692723,31.269099863692723,Obesidad I,0,
2024_01001213,2024_01001213_02,Mujer,72.0,AGUASCALIENTES,,,,1.0,4.3,,,,4.3,,,,0,
2024_01001216,2024_01001216_01,Mujer,50.0,AGUASCALIENTES,83.75,158.9,,1.0,4.6,33.16935460555003,83.75,158.9,4.6,33.16935460555003,33.16935460555003,Obesidad I,0,
2024_01001216,2024_01001216_04,Hombre,24.0,AGUASCALIENTES,61.05,180.7,,1.0,4.6,18.696889578712067,61.05,180.7,4.6,18.696889578712067,18.696889578712067,Normal,0,
2024_01001228,2024_01001228_02,Mujer,64.0,AGUASCALIENTES,,,,1.0,3.2,,,,3.2,,,,0,
2024_01001228,2024_01001228_03,Hombre,36.0,AGUASCALIENTES,88.9,180.6,,1.0,6.0,27.256260355232772,88.9,180.6,6.0,27.256260355232772,27.256260355232772,Sobrepeso,0,
2024_01001241,2024_01001241_02,Mujer,31.0,AGUASCALIENTES,55.1,161.2,,1.0,4.4,21.204182034246877,55.1,161.2,4.4,21.204182034246877,21.204182034246877,Normal,0,
2024_01001243,2024_01001243_02,Mujer,32.0,AGUASCALIENTES,64.8,154.4,,1.0,4.2,27.181937770141477,64.8,154.4,4.2,27.181937770141477,27.181937770141477,Sobrepeso,0,
2024_01001247,2024_01001247_03,Hombre,24.0,AGUASCALIENTES,66.55,168.1,,1.0,5.9,23.551177895087374,66.55,168.1,5.9,23.551177895087374,23.551177895087374,Normal,0,
2024_01001268,2024_01001268_01,Mujer,51.0,AGUASCALIENTES,68.35,160.0,,1.0,6.0,26.699218749999993,68.35,160.0,6.0,26.699218749999993,26.699218749999993,Sobrepeso,0,
2024_01001269,2024_01001269_02,Mujer,63.0,AGUASCALIENTES,,,,1.0,7.2,,,,7.2,,,,1,
2024_01001276,2024_01001276_01,Mujer,47.0,AGUASCALIENTES,72.45,154.8,,1.0,4.3,30.23406045309777,72.45,154.8,4.3,30.23406045309777,30.23406045309777,Obesidad I,0,
2024_01001280,2024_01001280_01,Hombre,68.0,AGUASCALIENTES,,,,1.0,4.6,,,,4.6,,,,0,
2024_01001289,2024_01001289_01,Mujer,50.0,AGUASCALIENTES,73.0,160.0,,1.0,6.4,28.515624999999993,73.0,160.0,6.4,28.515624999999993,28.515624999999993,Sobrepeso,1,
2024_01001289,2024_01001289_02,Mujer,21.0,AGUASCALIENTES,60.8,161.4,,1.0,4.7,23.339767124402492,60.8,161.4,4.7,23.339767124402492,23.339767124402492,Normal,0,
2024_01001290,2024_01001290_01,Hombre,48.0,AGUASCALIENTES,99.1,162.3,,1.0,6.0,37.62154397146077,99.1,162.3,6.0,37.62154397146077,37.62154397146077,Obesidad II,0,
2024_01001300,2024_01001300_02,Mujer,61.0,AGUASCALIENTES,,,,1.0,4.1,,,,4.1,,,,0,
2024_01001300,2024_01001300_03,Mujer,31.0,AGUASCALIENTES,78.55,164.4,,1.0,3.8,29.06314194209127,78.55,164.4,3.8,29.06314194209127,29.06314194209127,Sobrepeso,0,
2024_01001301,2024_01001301_03,Mujer,27.0,AGUASCALIENTES,53.8,162.2,,1.0,4.0,20.44940027762532,53.8,162.2,4.0,20.44940027762532,20.44940027762532,Normal,0,
2024_01001315,2024_01001315_01,Hombre,62.0,AGUASCALIENTES,,,,1.0,4.8,,,,4.8,,,,0,
2024_01001316,2024_01001316_01,Mujer,76.0,AGUASCALIENTES,,,,1.0,4.3,,,,4.3,,,,0,
2024_01001325,2024_01001325_03,Mujer,29.0,AGUASCALIENTES,62.65,153.3,,1.0,4.1,26.658564845842,62.65,153.3,4.1,26.658564845842,26.658564845842,Sobrepeso,0,
2024_01001328,2024_01001328_01,Hombre,65.0,AGUASCALIENTES,,,,1.0,5.5,,,,5.5,,,,0,
2024_01001343,2024_01001343_01,Mujer,51.0,AGUASCALIENTES,122.1,162.9,,1.0,5.0,46.01225259935311,122.1,162.9,5.0,46.01225259935311,46.01225259935311,Obesidad III,0,
2024_01001343,2024_01001343_02,Mujer,31.0,AGUASCALIENTES,116.95,167.5,,1.0,6.3,41.684116729783916,116.95,167.5,6.3,41.684116729783916,41.684116729783916,Obesidad III,1,
2024_01001345,2024_01001345_01,Hombre,64.0,AGUASCALIENTES,,,,1.0,6.2,,,,6.2,,,,0,
2024_01001345,2024_01001345_02,Mujer,29.0,AGUASCALIENTES,68.4,157.0,,1.0,5.3,27.74960444642785,68.4,157.0,5.3,27.74960444642785,27.74960444642785,Sobrepeso,0,
2024_01001349,2024_01001349_01,Mujer,54.0,AGUASCALIENTES,63.85,144.1,,1.0,3.7,30.74913760347435,63.85,144.1,3.7,30.74913760347435,30.74913760347435,Obesidad I,0,
2024_01001361,2024_01001361_02,Mujer,48.0,AGUASCALIENTES,89.85,153.9,,1.0,4.8,37.93506580688961,89.85,153.9,4.8,37.93506580688961,37.93506580688961,Obesidad II,0,
2024_01001365,2024_01001365_02,Mujer,71.0,AGUASCALIENTES,,,,1.0,6.3,,,,6.3,,,,1,
2024_01001367,2024_01001367_03,Mujer,44.0,AGUASCALIENTES,69.0,169.0,,1.0,3.3,24.158817968558527,69.0,169.0,3.3,24.158817968558527,24.158817968558527,Normal,0,
2024_01001368,2024_01001368_01,Hombre,69.0,AGUASCALIENTES,,,,1.0,4.7,,,,4.7,,,,0,
2024_01001368,2024_01001368_03,Mujer,37.0,AGUASCALIENTES,87.95,168.3,,1.0,3.6,31.05042949857881,87.95,168.3,3.6,31.05042949857881,31.05042949857881,Obesidad I,0,
2024_01001370,2024_01001370_01,Hombre,66.0,AGUASCALIENTES,,,,1.0,5.0,,,,5.0,,,,0,
2024_01001370,2024_01001370_03,Mujer,31.0,AGUASCALIENTES,69.1,162.6,,1.0,5.2,26.13587021479071,69.1,162.6,5.2,26.13587021479071,26.13587021479071,Sobrepeso,0,
2024_01001386,2024_01001386_03,Mujer,25.0,AGUASCALIENTES,102.95,158.0,,1.0,4.4,41.23938471398814,102.95,158.0,4.4,41.23938471398814,41.23938471398814,Obesidad III,0,
2024_01001388,2024_01001388_01,Hombre,61.0,AGUASCALIENTES,,,,1.0,4.7,,,,4.7,,,,0,
2024_01001390,2024_01001390_01,Hombre,53.0,AGUASCALIENTES,70.45,173.2,,1.0,5.5,23.48471110305138,70.45,173.2,5.5,23.48471110305138,23.48471110305138,Normal,0,
2024_01001390,2024_01001390_02,Mujer,42.0,AGUASCALIENTES,90.95,155.0,,1.0,6.2,37.85639958376691,90.95,155.0,6.2,37.85639958376691,37.85639958376691,Obesidad II,1,
2024_01001392,2024_01001392_02,Mujer,77.0,AGUASCALIENTES,,,,1.0,6.8,,,,6.8,,,,1,
2024_01001403,2024_01001403_04,Mujer,20.0,AGUASCALIENTES,58.95,151.7,,1.0,4.0,25.616078641144163,58.95,151.7,4.0,25.616078641144163,25.616078641144163,Sobrepeso,0,
2024_01001407,2024_01001407_01,Mujer,35.0,AGUASCALIENTES,63.5,146.0,,1.0,3.5,29.789829236254462,63.5,146.0,3.5,29.789829236254462,29.789829236254462,Sobrepeso,0,
2024_01001409,2024_01001409_01,Hombre,60.0,AGUASCALIENTES,64.4,165.5,,1.0,3.8,23.512016137129088,64.4,165.5,3.8,23.512016137129088,23.512016137129088,Normal,0,
2024_01001409,2024_01001409_04,Mujer,21.0,AGUASCALIENTES,58.1,154.0,,1.0,4.0,24.49822904368359,58.1,154.0,4.0,24.49822904368359,24.49822904368359,Normal,0,
2024_01004015,2024_01004015_01,Mujer,44.0,COSIO,72.9,151.0,,1.0,4.1,31.972281917459764,72.9,151.0,4.1,31.972281917459764,31.972281917459764,Obesidad I,0,
2024_01004018,2024_01004018_01,Hombre,68.0,COSIO,,,,1.0,5.0,,,,5.0,,,,0,
2024_01004020,2024_01004020_02,Mujer,53.0,COSIO,61.15,143.4,,1.0,4.8,29.737068873288468,61.15,143.4,4.8,29.737068873288468,29.737068873288468,Sobrepeso,0,
2024_01005002,2024_01005002_02,Mujer,64.0,JESUS MARIA,,,,1.0,5.8,,,,5.8,,,,0,
2024_01005016,2024_01005016_01,Hombre,50.0,JESUS MARIA,90.7,175.9,,1.0,5.1,29.314035411484053,90.7,175.9,5.1,29.314035411484053,29.314035411484053,Sobrepeso,0,
2024_01005024,2024_01005024_02,Mujer,57.0,JESUS MARIA,85.95,173.9,,1.0,6.4,28.421481812401023,85.95,173.9,6.4,28.421481812401023,28.421481812401023,Sobrepeso,1,
2024_01005035,2024_01005035_02,Mujer,38.0,JESUS MARIA,99.15,163.0,,1.0,6.8,37.31792690729798,99.15,163.0,6.8,37.31792690729798,37.31792690729798,Obesidad II,1,
2024_01006010,2024_01006010_03,Mujer,21.0,PABELLON DE ARTEAGA,73.7,153.6,,1.0,4.2,31.23813205295139,73.7,153.6,4.2,31.23813205295139,31.23813205295139,Obesidad I,0,
2024_01006015,2024_01006015_02,Hombre,63.0,PABELLON DE ARTEAGA,,,,1.0,5.3,,,,5.3,,,,0,
2024_01006016,2024_01006016_02,Hombre,29.0,PABELLON DE ARTEAGA,76.9,183.0,,1.0,6.3,22.962763892621457,76.9,183.0,6.3,22.962763892621457,22.962763892621457,Normal,0,
2024_01006019,2024_01006019_02,Hombre,45.0,PABELLON DE ARTEAGA,222.22,222.2,,1.0,7.3,45.00855126016652,222.22,222.2,7.3,45.00855126016652,45.00855126016652,Obesidad III,1,
2024_01006023,2024_01006023_01,Mujer,64.0,PABELLON DE ARTEAGA,,,,1.0,4.8,,,,4.8,,,,0,
2024_01006023,2024_01006023_02,Hombre,33.0,PABELLON DE ARTEAGA,70.4,188.0,,1.0,6.0,19.91851516523314,70.4,188.0,6.0,19.91851516523314,19.91851516523314,Normal,0,
2024_01009012,2024_01009012_01,Mujer,31.0,TEPEZALA,85.25,154.5,,1.0,3.1,35.713911668290024,85.25,154.5,3.1,35.713911668290024,35.713911668290024,Obesidad II,0,
2024_01009020,2024_01009020_02,Mujer,64.0,TEPEZALA,,,,1.0,3.7,,,,3.7,,,,0,
2024_01009025,2024_01009025_01,Mujer,70.0,TEPEZALA,,,,1.0,5.1,,,,5.1,,,,0,
2024_01009032,2024_01009032_02,Mujer,60.0,TEPEZALA,,,,1.0,4.2,,,,4.2,,,,0,
2024_01009034,2024_01009034_01,Mujer,53.0,TEPEZALA,70.05,149.8,,1.0,2.5,31.216521895682884,70.05,149.8,2.5,31.216521895682884,31.216521895682884,Obesidad I,0,
2024_01009038,2024_01009038_01,Hombre,62.0,TEPEZALA,,,,1.0,7.5,,,,7.5,,,,1,
2024_01009039,2024_01009039_01,Mujer,75.0,TEPEZALA,,,,1.0,4.6,,,,4.6,,,,0,
2024_01009044,2024_01009044_01,Hombre,39.0,TEPEZALA,84.45,178.6,,1.0,5.4,26.475047307100514,84.45,178.6,5.4,26.475047307100514,26.475047307100514,Sobrepeso,0,
2024_01009052,2024_01009052_02,Hombre,51.0,TEPEZALA,117.45,172.2,,1.0,3.3,39.60834780075028,117.45,172.2,3.3,39.60834780075028,39.60834780075028,Obesidad II,0,
2024_01009055,2024_01009055_01,Mujer,68.0,TEPEZALA,,,,1.0,6.4,,,,6.4,,,,1,
2024_01009055,2024_01009055_03,Mujer,40.0,TEPEZALA,68.75,156.1,,1.0,3.2,28.21414515654439,68.75,156.1,3.2,28.21414515654439,28.21414515654439,Sobrepeso,0,
2024_01009057,2024_01009057_02,Mujer,50.0,TEPEZALA,89.2,150.6,,1.0,4.1,39.32918172374689,89.2,150.6,4.1,39.32918172374689,39.32918172374689,Obesidad II,0,
2024_02001005,2024_02001005_01,Hombre,77.0,ENSENADA,,,24.0,1.0,4.8,,,,4.8,,24.0,Normal,0,24.0
2024_02001016,2024_02001016_02,Mujer,27.0,ENSENADA,76.25,162.8,,1.0,5.5,28.769416054428337,76.25,162.8,5.5,28.769416054428337,28.769416054428337,Sobrepeso,0,
2024_02001017,2024_02001017_01,Hombre,60.0,ENSENADA,,,,1.0,5.1,,,,5.1,,,,0,
2024_02001019,2024_02001019_01,Hombre,52.0,ENSENADA,87.85,154.6,,1.0,6.0,36.75553822492297,87.85,154.6,6.0,36.75553822492297,36.75553822492297,Obesidad II,0,
2024_02001034,2024_02001034_02,Mujer,51.0,ENSENADA,75.7,154.9,,1.0,4.3,31.549540906251178,75.7,154.9,4.3,31.549540906251178,31.549540906251178,Obesidad I,0,
2024_02001040,2024_02001040_02,Hombre,28.0,ENSENADA,64.9,170.0,,1.0,4.8,22.456747404844297,64.9,170.0,4.8,22.456747404844297,22.456747404844297,Normal,0,
2024_02001055,2024_02001055_01,Hombre,32.0,ENSENADA,91.65,175.3,,1.0,4.9,29.824188604719346,91.65,175.3,4.9,29.824188604719346,29.824188604719346,Sobrepeso,0,
2024_02001060,2024_02001060_01,Mujer,53.0,ENSENADA,79.35,163.0,,1.0,3.7,29.865632880424556,79.35,163.0,3.7,29.865632880424556,29.865632880424556,Sobrepeso,0,
2024_02001060,2024_02001060_02,Mujer,24.0,ENSENADA,113.2,164.3,,1.0,4.7,41.93448366685202,113.2,164.3,4.7,41.93448366685202,41.93448366685202,Obesidad III,0,
2024_02001064,2024_02001064_02,Mujer,62.0,ENSENADA,,,,1.0,5.7,,,,5.7,,,,0,
2024_02002055,2024_02002055_02,Hombre,56.0,MEXICALI,75.0,174.3,,1.0,4.4,24.68689609680423,75.0,174.3,4.4,24.68689609680423,24.68689609680423,Normal,0,
2024_02002060,2024_02002060_01,Mujer,66.0,MEXICALI,,,,1.0,4.1,,,,4.1,,,,0,
2024_02002103,2024_02002103_02,Mujer,36.0,MEXICALI,94.1,161.5,,1.0,5.0,36.07817577087866,94.1,161.5,5.0,36.07817577087866,36.07817577087866,Obesidad II,0,
2024_02002112,2024_02002112_02,Mujer,47.0,MEXICALI,222.22,222.2,,1.0,4.7,45.00855126016652,222.22,222.2,4.7,45.00855126016652,45.00855126016652,Obesidad III,0,
2024_02002136,2024_02002136_01,Mujer,31.0,MEXICALI,69.4,162.0,,1.0,4.0,26.44413961286389,69.4,162.0,4.0,26.44413961286389,26.44413961286389,Sobrepeso,0,
2024_02002153,2024_02002153_01,Hombre,22.0,MEXICALI,75.8,178.4,,1.0,5.3,23.8165858955539,75.8,178.4,5.3,23.8165858955539,23.8165858955539,Normal,0,
2024_02002163,2024_02002163_02,Hombre,45.0,MEXICALI,95.45,173.4,,1.0,5.4,31.745176529123086,95.45,173.4,5.4,31.745176529123086,31.745176529123086,Obesidad I,0,
2024_02002165,2024_02002165_01,Mujer,64.0,MEXICALI,,,,1.0,4.9,,,,4.9,,,,0,
2024_02002165,2024_02002165_02,Hombre,22.0,MEXICALI,73.85,167.5,,1.0,5.1,26.322120739585653,73.85,167.5,5.1,26.322120739585653,26.322120739585653,Sobrepeso,0,
2024_02002179,2024_02002179_02,Mujer,31.0,MEXICALI,65.8,143.5,,1.0,3.3,31.953769015042063,65.8,143.5,3.3,31.953769015042063,31.953769015042063,Obesidad I,0,
2024_02002187,2024_02002187_01,Hombre,48.0,MEXICALI,76.2,175.3,,1.0,6.3,24.79654306251625,76.2,175.3,6.3,24.79654306251625,24.79654306251625,Normal,0,
2024_02004002,2024_02004002_01,Mujer,45.0,TIJUANA,90.6,151.5,,1.0,5.2,39.47325425611868,90.6,151.5,5.2,39.47325425611868,39.47325425611868,Obesidad II,0,
2024_02004017,2024_02004017_01,Mujer,36.0,TIJUANA,77.95,158.6,,1.0,5.2,30.989156379353396,77.95,158.6,5.2,30.989156379353396,30.989156379353396,Obesidad I,0,
2024_02004033,2024_02004033_01,Hombre,35.0,TIJUANA,148.9,168.4,,1.0,6.4,52.50619213387421,148.9,168.4,6.4,52.50619213387421,52.50619213387421,Obesidad III,0,
2024_02004041,2024_02004041_01,Mujer,77.0,TIJUANA,,,,1.0,5.7,,,,5.7,,,,0,
2024_02004067,2024_02004067_01,Hombre,61.0,TIJUANA,,,,1.0,5.2,,,,5.2,,,,0,
2024_02004077,2024_02004077_02,Mujer,59.0,TIJUANA,70.2,162.9,,1.0,4.7,26.45421893918582,70.2,162.9,4.7,26.45421893918582,26.45421893918582,Sobrepeso,0,
2024_02004081,2024_02004081_01,Mujer,58.0,TIJUANA,69.25,160.4,,1.0,2.7,26.916032860492155,69.25,160.4,2.7,26.916032860492155,26.916032860492155,Sobrepeso,0,
2024_02004081,2024_02004081_02,Hombre,34.0,TIJUANA,77.55,176.5,,1.0,4.7,24.893868019163946,77.55,176.5,4.7,24.893868019163946,24.893868019163946,Normal,0,
2024_02004089,2024_02004089_01,Mujer,47.0,TIJUANA,33.52,149.5,15.0,1.0,3.9,14.997595105200165,33.52,149.5,3.9,14.997595105200165,15.0,Bajo peso,0,15.0
2024_02004103,2024_02004103_02,Hombre,56.0,TIJUANA,222.22,222.2,,1.0,3.3,45.00855126016652,222.22,222.2,3.3,45.00855126016652,45.00855126016652,Obesidad III,0,
2024_02004104,2024_02004104_01,Mujer,39.0,TIJUANA,85.15,163.9,,1.0,4.8,31.697626605308898,85.15,163.9,4.8,31.697626605308898,31.697626605308898,Obesidad I,0,
2024_02004104,2024_02004104_02,Hombre,48.0,TIJUANA,77.4,170.0,,1.0,6.9,26.78200692041523,77.4,170.0,6.9,26.78200692041523,26.78200692041523,Sobrepeso,0,
2024_02004109,2024_02004109_02,Mujer,24.0,TIJUANA,79.1,157.5,,1.0,4.0,31.887125220458554,79.1,157.5,4.0,31.887125220458554,31.887125220458554,Obesidad I,0,
2024_02004119,2024_02004119_01,Mujer,39.0,TIJUANA,86.1,170.7,,1.0,4.6,29.548545583522003,86.1,170.7,4.6,29.548545583522003,29.548545583522003,Sobrepeso,0,
2024_02004122,2024_02004122_01,Hombre,59.0,TIJUANA,67.65,167.2,,1.0,6.5,24.198879375472178,67.65,167.2,6.5,24.198879375472178,24.198879375472178,Normal,0,
2024_02004122,2024_02004122_02,Mujer,30.0,TIJUANA,78.0,155.3,,1.0,4.6,32.34086944695869,78.0,155.3,4.6,32.34086944695869,32.34086944695869,Obesidad I,0,
2024_02004130,2024_02004130_04,Hombre,24.0,TIJUANA,77.2,171.0,,1.0,5.9,26.40128586573647,77.2,171.0,5.9,26.40128586573647,26.40128586573647,Sobrepeso,0,
2024_02004134,2024_02004134_02,Hombre,36.0,TIJUANA,91.15,179.8,,1.0,6.2,28.195337545981754,91.15,179.8,6.2,28.195337545981754,28.195337545981754,Sobrepeso,0,
2024_02004172,2024_02004172_01,Hombre,68.0,TIJUANA,,,,1.0,5.1,,,,5.1,,,,0,
2024_02004173,2024_02004173_01,Hombre,22.0,TIJUANA,130.05,168.0,,1.0,6.4,46.07780612244899,130.05,168.0,6.4,46.07780612244899,46.07780612244899,Obesidad III,0,
2024_02004177,2024_02004177_01,Mujer,67.0,TIJUANA,,,,1.0,4.6,,,,4.6,,,,0,
2024_02004182,2024_02004182_01,Hombre,66.0,TIJUANA,,,,1.0,5.0,,,,5.0,,,,0,
2024_02004182,2024_02004182_02,Hombre,27.0,TIJUANA,107.95,166.2,,1.0,5.8,39.08054465861814,107.95,166.2,5.8,39.08054465861814,39.08054465861814,Obesidad II,0,
2024_02004209,2024_02004209_01,Mujer,34.0,TIJUANA,92.7,168.6,,1.0,4.7,32.61103582781373,92.7,168.6,4.7,32.61103582781373,32.61103582781373,Obesidad I,0,
2024_02004214,2024_02004214_02,Mujer,45.0,TIJUANA,78.35,144.0,,1.0,5.3,37.78452932098765,78.35,144.0,5.3,37.78452932098765,37.78452932098765,Obesidad II,0,
2024_02004214,2024_02004214_03,Hombre,25.0,TIJUANA,85.9,169.2,30.0,1.0,7.8,30.004918151892657,85.9,169.2,7.8,30.004918151892657,30.0,Obesidad I,1,30.0
2024_02004219,2024_02004219_01,Hombre,78.0,TIJUANA,,,,1.0,7.5,,,,7.5,,,,1,
2024_02004228,2024_02004228_05,Mujer,49.0,TIJUANA,64.85,154.5,,1.0,4.4,27.16770875881065,64.85,154.5,4.4,27.16770875881065,27.16770875881065,Sobrepeso,0,
2024_02004244,2024_02004244_01,Hombre,52.0,TIJUANA,82.1,166.0,,1.0,6.5,29.79387429235012,82.1,166.0,6.5,29.79387429235012,29.79387429235012,Sobrepeso,0,
2024_02004260,2024_02004260_01,Hombre,63.0,TIJUANA,,,,1.0,6.9,,,,6.9,,,,0,
2024_02004260,2024_02004260_02,Mujer,21.0,TIJUANA,38.85,149.0,,1.0,3.3,17.499211747218595,38.85,149.0,3.3,17.499211747218595,17.499211747218595,Bajo peso,0,
2024_02004294,2024_02004294_01,Mujer,80.0,TIJUANA,,,,1.0,3.8,,,,3.8,,,,0,
2024_02004302,2024_02004302_02,Mujer,36.0,TIJUANA,87.85,155.5,,1.0,3.4,36.331303439790744,87.85,155.5,3.4,36.331303439790744,36.331303439790744,Obesidad II,0,
2024_02004311,2024_02004311_03,Mujer,52.0,TIJUANA,87.5,165.2,,1.0,4.3,32.061804900069774,87.5,165.2,4.3,32.061804900069774,32.061804900069774,Obesidad I,0,
2024_02004311,2024_02004311_05,Mujer,21.0,TIJUANA,40.6,156.8,,1.0,3.1,16.513301749271136,40.6,156.8,3.1,16.513301749271136,16.513301749271136,Bajo peso,0,
2024_02004322,2024_02004322_01,Hombre,41.0,TIJUANA,74.95,162.8,,1.0,7.5,28.278921092188902,74.95,162.8,7.5,28.278921092188902,28.278921092188902,Sobrepeso,1,
2024_02004330,2024_02004330_01,Hombre,47.0,TIJUANA,222.22,222.2,,1.0,4.5,45.00855126016652,222.22,222.2,4.5,45.00855126016652,45.00855126016652,Obesidad III,0,
2024_02004330,2024_02004330_02,Mujer,26.0,TIJUANA,63.7,152.7,,1.0,4.5,27.318783615077056,63.7,152.7,4.5,27.318783615077056,27.318783615077056,Sobrepeso,0,
2024_02004335,2024_02004335_01,Mujer,32.0,TIJUANA,61.45,222.2,,1.0,5.9,12.446114098358532,61.45,222.2,5.9,12.446114098358532,12.446114098358532,Bajo peso,0,
2024_02004335,2024_02004335_02,Mujer,52.0,TIJUANA,77.8,222.2,,1.0,4.3,15.757651372698025,77.8,222.2,4.3,15.757651372698025,15.757651372698025,Bajo peso,0,
2024_02004338,2024_02004338_01,Mujer,74.0,TIJUANA,,,,1.0,5.7,,,,5.7,,,,0,
2024_02004346,2024_02004346_02,Mujer,59.0,TIJUANA,95.25,160.3,,1.0,3.0,37.0678963219696,95.25,160.3,3.0,37.0678963219696,37.0678963219696,Obesidad II,0,
2024_02004346,2024_02004346_03,Hombre,31.0,TIJUANA,93.0,169.2,,1.0,6.7,32.48495213185119,93.0,169.2,6.7,32.48495213185119,32.48495213185119,Obesidad I,0,
2024_02005014,2024_02005014_01,Mujer,53.0,PLAYAS DE ROSARITO,119.3,157.5,,1.0,6.1,48.09271856890905,119.3,157.5,6.1,48.09271856890905,48.09271856890905,Obesidad III,1,
2024_02005016,2024_02005016_01,Hombre,59.0,PLAYAS DE ROSARITO,79.3,165.6,,1.0,5.8,28.916952554318655,79.3,165.6,5.8,28.916952554318655,28.916952554318655,Sobrepeso,0,
2024_02005022,2024_02005022_02,Mujer,35.0,PLAYAS DE ROSARITO,74.35,157.4,,1.0,3.6,30.010381533463892,74.35,157.4,3.6,30.010381533463892,30.010381533463892,Obesidad I,0,
2024_03001005,2024_03001005_02,Mujer,55.0,COMONDU,73.95,147.5,,1.0,2.7,33.99023269175524,73.95,147.5,2.7,33.99023269175524,33.99023269175524,Obesidad I,0,
2024_03001024,2024_03001024_01,Mujer,65.0,COMONDU,,,,1.0,6.4,,,,6.4,,,,1,
2024_03001035,2024_03001035_02,Mujer,39.0,COMONDU,110.65,161.2,,1.0,6.4,42.58153796895493,110.65,161.2,6.4,42.58153796895493,42.58153796895493,Obesidad III,1,
2024_03001036,2024_03001036_01,Hombre,43.0,COMONDU,84.7,160.2,33.0,1.0,6.0,33.00337748850143,84.7,160.2,6.0,33.00337748850143,33.0,Obesidad I,0,33.0
2024_03001042,2024_03001042_01,Mujer,56.0,COMONDU,73.95,154.2,,1.0,2.8,31.100647499078974,73.95,154.2,2.8,31.100647499078974,31.100647499078974,Obesidad I,0,
2024_03001052,2024_03001052_02,Mujer,64.0,COMONDU,,,,1.0,4.3,,,,4.3,,,,0,
2024_03001059,2024_03001059_03,Mujer,25.0,COMONDU,74.0,163.0,,1.0,3.6,27.85200797922391,74.0,163.0,3.6,27.85200797922391,27.85200797922391,Sobrepeso,0,
2024_03001070,2024_03001070_01,Mujer,53.0,COMONDU,74.9,163.9,,1.0,6.6,27.881999210072067,74.9,163.9,6.6,27.881999210072067,27.881999210072067,Sobrepeso,1,
2024_03001070,2024_03001070_02,Hombre,25.0,COMONDU,103.1,183.6,,1.0,6.0,30.585339921492686,103.1,183.6,6.0,30.585339921492686,30.585339921492686,Obesidad I,0,
2024_03001075,2024_03001075_01,Hombre,78.0,COMONDU,,,,1.0,6.2,,,,6.2,,,,0,
2024_03001076,2024_03001076_01,Mujer,72.0,COMONDU,,,,1.0,3.1,,,,3.1,,,,0,
2024_03001078,2024_03001078_01,Hombre,73.0,COMONDU,,,,1.0,6.5,,,,6.5,,,,0,
2024_03001079,2024_03001079_01,Hombre,70.0,COMONDU,,,,1.0,4.5,,,,4.5,,,,0,
2024_03001080,2024_03001080_02,Mujer,73.0,COMONDU,,,,1.0,4.1,,,,4.1,,,,0,
2024_03001081,2024_03001081_01,Hombre,75.0,COMONDU,,,,1.0,7.3,,,,7.3,,,,1,
2024_03001089,2024_03001089_01,Mujer,79.0,COMONDU,,,,1.0,5.5,,,,5.5,,,,0,
2024_03001090,2024_03001090_02,Mujer,64.0,COMONDU,,,,1.0,4.9,,,,4.9,,,,0,
2024_03003016,2024_03003016_03,Mujer,61.0,LA PAZ,,,,1.0,3.7,,,,3.7,,,,0,
2024_03003029,2024_03003029_01,Mujer,56.0,LA PAZ,46.45,161.6,,1.0,3.6,17.787012302715425,46.45,161.6,3.6,17.787012302715425,17.787012302715425,Bajo peso,0,
2024_03003030,2024_03003030_01,Mujer,36.0,LA PAZ,86.45,171.6,,1.0,4.5,29.358267994631635,86.45,171.6,4.5,29.358267994631635,29.358267994631635,Sobrepeso,0,
2024_03003035,2024_03003035_01,Mujer,74.0,LA PAZ,,,,1.0,5.6,,,,5.6,,,,0,
2024_03003035,2024_03003035_02,Mujer,44.0,LA PAZ,62.25,163.3,,1.0,3.7,23.343554497731084,62.25,163.3,3.7,23.343554497731084,23.343554497731084,Normal,0,
2024_03003055,2024_03003055_01,Mujer,68.0,LA PAZ,,,,1.0,4.1,,,,4.1,,,,0,
2024_03003055,2024_03003055_02,Mujer,39.0,LA PAZ,105.25,161.0,,1.0,4.4,40.60414335866671,105.25,161.0,4.4,40.60414335866671,40.60414335866671,Obesidad III,0,
2024_03003057,2024_03003057_01,Hombre,72.0,LA PAZ,,,,1.0,7.4,,,,7.4,,,,1,
2024_03003061,2024_03003061_01,Hombre,31.0,LA PAZ,69.2,168.5,,1.0,5.6,24.37284822442744,69.2,168.5,5.6,24.37284822442744,24.37284822442744,Normal,0,
2024_03003084,2024_03003084_01,Mujer,85.0,LA PAZ,,,,1.0,5.4,,,,5.4,,,,0,
2024_03003108,2024_03003108_03,Mujer,33.0,LA PAZ,49.25,133.5,,1.0,3.7,27.63399682980544,49.25,133.5,3.7,27.63399682980544,27.63399682980544,Sobrepeso,0,
2024_03003112,2024_03003112_01,Mujer,46.0,LA PAZ,62.05,152.7,,1.0,4.7,26.611154212174746,62.05,152.7,4.7,26.611154212174746,26.611154212174746,Sobrepeso,0,
2024_03003115,2024_03003115_01,Hombre,60.0,LA PAZ,84.8,164.6,,1.0,6.9,31.299412840731758,84.8,164.6,6.9,31.299412840731758,31.299412840731758,Obesidad I,0,
2024_03003115,2024_03003115_04,Hombre,38.0,LA PAZ,73.4,164.0,,1.0,7.1,27.290303390838794,73.4,164.0,7.1,27.290303390838794,27.290303390838794,Sobrepeso,1,
2024_03003116,2024_03003116_01,Hombre,34.0,LA PAZ,103.45,177.9,,1.0,4.5,32.68726612174197,103.45,177.9,4.5,32.68726612174197,32.68726612174197,Obesidad I,0,
2024_03003155,2024_03003155_01,Hombre,29.0,LA PAZ,110.1,170.9,,1.0,7.8,37.69668786149531,110.1,170.9,7.8,37.69668786149531,37.69668786149531,Obesidad II,1,
2024_03003166,2024_03003166_02,Mujer,61.0,LA PAZ,,,,1.0,3.4,,,,3.4,,,,0,
2024_03003168,2024_03003168_02,Hombre,23.0,LA PAZ,63.35,160.3,,1.0,5.9,24.653556241435947,63.35,160.3,5.9,24.653556241435947,24.653556241435947,Normal,0,
2024_03003170,2024_03003170_02,Mujer,47.0,LA PAZ,59.0,145.1,,1.0,4.5,28.023165183259632,59.0,145.1,4.5,28.023165183259632,28.023165183259632,Sobrepeso,0,
2024_03003170,2024_03003170_04,Mujer,23.0,LA PAZ,80.95,150.4,,1.0,5.8,35.786661102308734,80.95,150.4,5.8,35.786661102308734,35.786661102308734,Obesidad II,0,
2024_03008010,2024_03008010_01,Mujer,54.0,LOS CABOS,79.35,158.3,,1.0,4.8,31.665408962647575,79.35,158.3,4.8,31.665408962647575,31.665408962647575,Obesidad I,0,
2024_03008014,2024_03008014_02,Mujer,36.0,LOS CABOS,69.3,164.1,,1.0,4.0,25.734520017780213,69.3,164.1,4.0,25.734520017780213,25.734520017780213,Sobrepeso,0,
2024_03008019,2024_03008019_02,Mujer,34.0,LOS CABOS,66.2,148.6,,1.0,4.5,29.97922285884043,66.2,148.6,4.5,29.97922285884043,29.97922285884043,Sobrepeso,0,
2024_03008025,2024_03008025_02,Mujer,23.0,LOS CABOS,64.0,153.6,,1.0,5.6,27.12673611111111,64.0,153.6,5.6,27.12673611111111,27.12673611111111,Sobrepeso,0,
2024_03008029,2024_03008029_02,Mujer,22.0,LOS CABOS,73.6,160.5,,1.0,3.7,28.571151289292608,73.6,160.5,3.7,28.571151289292608,28.571151289292608,Sobrepeso,0,
2024_03008035,2024_03008035_01,Hombre,36.0,LOS CABOS,78.55,162.2,,1.0,4.9,29.85688460608678,78.55,162.2,4.9,29.85688460608678,29.85688460608678,Sobrepeso,0,
2024_03008054,2024_03008054_02,Mujer,24.0,LOS CABOS,52.95,148.6,,1.0,3.3,23.978849703558925,52.95,148.6,3.3,23.978849703558925,23.978849703558925,Normal,0,
2024_03008078,2024_03008078_01,Hombre,27.0,LOS CABOS,82.65,165.2,,1.0,5.9,30.284664857037335,82.65,165.2,5.9,30.284664857037335,30.284664857037335,Obesidad I,0,
2024_03008079,2024_03008079_02,Mujer,34.0,LOS CABOS,59.9,152.1,,1.0,3.6,25.892166690224652,59.9,152.1,3.6,25.892166690224652,25.892166690224652,Sobrepeso,0,
2024_03008086,2024_03008086_02,Mujer,22.0,LOS CABOS,96.9,163.3,,1.0,4.6,36.337195675986216,96.9,163.3,4.6,36.337195675986216,36.337195675986216,Obesidad II,0,
2024_03008088,2024_03008088_02,Mujer,56.0,LOS CABOS,76.15,152.1,,1.0,7.4,32.91633545009361,76.15,152.1,7.4,32.91633545009361,32.91633545009361,Obesidad I,1,
2024_03008088,2024_03008088_04,Mujer,30.0,LOS CABOS,91.55,158.7,,1.0,4.8,36.350006690307076,91.55,158.7,4.8,36.350006690307076,36.350006690307076,Obesidad II,0,
2024_03008092,2024_03008092_01,Hombre,40.0,LOS CABOS,79.4,159.8,,1.0,4.6,31.093309690930933,79.4,159.8,4.6,31.093309690930933,31.093309690930933,Obesidad I,0,
2024_03008094,2024_03008094_01,Hombre,49.0,LOS CABOS,93.7,168.3,,1.0,8.5,33.08044620826418,93.7,168.3,8.5,33.08044620826418,33.08044620826418,Obesidad I,1,
2024_03008098,2024_03008098_02,Hombre,42.0,LOS CABOS,65.35,157.3,,1.0,8.6,26.41120077402802,65.35,157.3,8.6,26.41120077402802,26.41120077402802,Sobrepeso,1,
2024_03008128,2024_03008128_01,Mujer,57.0,LOS CABOS,64.5,150.3,,1.0,5.3,28.552343084954504,64.5,150.3,5.3,28.552343084954504,28.552343084954504,Sobrepeso,0,
2024_03008141,2024_03008141_02,Mujer,47.0,LOS CABOS,155.5,169.3,,1.0,6.1,54.25209044992253,155.5,169.3,6.1,54.25209044992253,54.25209044992253,Obesidad III,1,
2024_03008145,2024_03008145_01,Mujer,60.0,LOS CABOS,61.2,155.5,,1.0,5.1,25.3099120149709,61.2,155.5,5.1,25.3099120149709,25.3099120149709,Sobrepeso,0,
2024_03008145,2024_03008145_03,Hombre,36.0,LOS CABOS,93.6,164.7,,1.0,6.9,34.50552586089629,93.6,164.7,6.9,34.50552586089629,34.50552586089629,Obesidad I,0,
2024_03008162,2024_03008162_02,Hombre,36.0,LOS CABOS,67.1,165.3,,1.0,4.4,24.557084975199537,67.1,165.3,4.4,24.557084975199537,24.557084975199537,Normal,0,
2024_03008164,2024_03008164_02,Mujer,33.0,LOS CABOS,55.1,156.5,,1.0,4.6,22.496912288581086,55.1,156.5,4.6,22.496912288581086,22.496912288581086,Normal,0,
2024_03008167,2024_03008167_01,Hombre,48.0,LOS CABOS,84.35,160.7,,1.0,7.3,32.6627941151984,84.35,160.7,7.3,32.6627941151984,32.6627941151984,Obesidad I,1,
2024_03008167,2024_03008167_03,Hombre,23.0,LOS CABOS,61.75,164.3,,1.0,6.0,22.8750385726865,61.75,164.3,6.0,22.8750385726865,22.8750385726865,Normal,0,
2024_03008177,2024_03008177_02,Mujer,25.0,LOS CABOS,49.0,164.0,,1.0,2.7,18.218322427126715,49.0,164.0,2.7,18.218322427126715,18.218322427126715,Bajo peso,0,
2024_03008192,2024_03008192_02,Mujer,45.0,LOS CABOS,91.55,154.6,,1.0,6.8,38.30358024464085,91.55,154.6,6.8,38.30358024464085,38.30358024464085,Obesidad II,1,
2024_03008213,2024_03008213_01,Hombre,23.0,LOS CABOS,57.75,166.0,,1.0,4.8,20.957323268979533,57.75,166.0,4.8,20.957323268979533,20.957323268979533,Normal,0,
2024_04002001,2024_04002001_01,Mujer,66.0,CAMPECHE,,,,1.0,7.8,,,,7.8,,,,1,
2024_04002001,2024_04002001_02,Mujer,44.0,CAMPECHE,97.45,155.9,,1.0,4.9,40.094944169487434,97.45,155.9,4.9,40.094944169487434,40.094944169487434,Obesidad III,0,
2024_04002002,2024_04002002_01,Hombre,60.0,CAMPECHE,,,,1.0,5.3,,,,5.3,,,,0,
2024_04002002,2024_04002002_03,Hombre,30.0,CAMPECHE,71.4,162.2,,1.0,4.2,27.139166911197915,71.4,162.2,4.2,27.139166911197915,27.139166911197915,Sobrepeso,0,
2024_04002008,2024_04002008_04,Mujer,66.0,CAMPECHE,,,,1.0,3.2,,,,3.2,,,,0,
2024_04002010,2024_04002010_02,Mujer,37.0,CAMPECHE,70.85,164.7,,1.0,4.2,26.11876610303955,70.85,164.7,4.2,26.11876610303955,26.11876610303955,Sobrepeso,0,
2024_04002018,2024_04002018_03,Hombre,23.0,CAMPECHE,71.7,167.0,,1.0,4.3,25.709060920076016,71.7,167.0,4.3,25.709060920076016,25.709060920076016,Sobrepeso,0,
2024_04002030,2024_04002030_01,Mujer,61.0,CAMPECHE,,,,1.0,4.0,,,,4.0,,,,0,
2024_04002030,2024_04002030_02,Hombre,-7975.0,CAMPECHE,85.8,162.2,,1.0,6.0,32.6126123386664,85.8,162.2,6.0,32.6126123386664,32.6126123386664,Obesidad I,0,
2024_04002031,2024_04002031_02,Mujer,26.0,CAMPECHE,79.0,166.6,,1.0,4.3,28.462765658484283,79.0,166.6,4.3,28.462765658484283,28.462765658484283,Sobrepeso,0,
2024_04002037,2024_04002037_01,Mujer,36.0,CAMPECHE,120.85,151.4,,1.0,3.3,52.72236754623077,120.85,151.4,3.3,52.72236754623077,52.72236754623077,Obesidad III,0,
2024_04002047,2024_04002047_01,Mujer,47.0,CAMPECHE,72.1,153.4,,1.0,3.3,30.639702595153057,72.1,153.4,3.3,30.639702595153057,30.639702595153057,Obesidad I,0,
2024_04002048,2024_04002048_02,Mujer,38.0,CAMPECHE,58.1,151.7,,1.0,2.2,25.24672042494446,58.1,151.7,2.2,25.24672042494446,25.24672042494446,Sobrepeso,0,
2024_04002049,2024_04002049_01,Mujer,25.0,CAMPECHE,74.85,152.3,,1.0,3.1,32.26948229575917,74.85,152.3,3.1,32.26948229575917,32.26948229575917,Obesidad I,0,
2024_04002063,2024_04002063_01,Mujer,30.0,CAMPECHE,65.45,152.4,,1.0,3.0,28.17991747094605,65.45,152.4,3.0,28.17991747094605,28.17991747094605,Sobrepeso,0,
2024_04002065,2024_04002065_01,Hombre,65.0,CAMPECHE,,,,1.0,3.3,,,,3.3,,,,0,
2024_04002092,2024_04002092_02,Mujer,33.0,CAMPECHE,48.0,160.8,,1.0,3.4,18.563896933244223,48.0,160.8,3.4,18.563896933244223,18.563896933244223,Normal,0,
2024_04002096,2024_04002096_02,Mujer,73.0,CAMPECHE,,,,1.0,5.2,,,,5.2,,,,0,
2024_04002096,2024_04002096_04,Mujer,24.0,CAMPECHE,222.22,222.2,,1.0,5.8,45.00855126016652,222.22,222.2,5.8,45.00855126016652,45.00855126016652,Obesidad III,0,
2024_04002103,2024_04002103_01,Hombre,80.0,CAMPECHE,,,,1.0,5.0,,,,5.0,,,,0,
2024_04002107,2024_04002107_02,Mujer,30.0,CAMPECHE,54.25,146.5,,1.0,4.4,25.27693974303719,54.25,146.5,4.4,25.27693974303719,25.27693974303719,Sobrepeso,0,
2024_04002111,2024_04002111_02,Hombre,50.0,CAMPECHE,84.0,162.6,,1.0,6.3,31.7715354275314,84.0,162.6,6.3,31.7715354275314,31.7715354275314,Obesidad I,0,
2024_04002113,2024_04002113_01,Hombre,94.0,CAMPECHE,,,,1.0,5.0,,,,5.0,,,,0,
2024_04002132,2024_04002132_01,Mujer,42.0,CAMPECHE,74.4,134.5,,1.0,4.8,41.127126490789244,74.4,134.5,4.8,41.127126490789244,41.127126490789244,Obesidad III,0,
2024_04002134,2024_04002134_02,Mujer,28.0,CAMPECHE,77.0,154.6,,1.0,4.2,32.21600959953408,77.0,154.6,4.2,32.21600959953408,32.21600959953408,Obesidad I,0,
2024_04002138,2024_04002138_01,Mujer,36.0,CAMPECHE,92.1,160.5,,1.0,4.7,35.752758610650126,92.1,160.5,4.7,35.752758610650126,35.752758610650126,Obesidad II,0,
2024_04002144,2024_04002144_02,Hombre,87.0,CAMPECHE,,,,1.0,3.6,,,,3.6,,,,0,
2024_04002146,2024_04002146_01,Mujer,70.0,CAMPECHE,,,,1.0,3.1,,,,3.1,,,,0,
2024_04002150,2024_04002150_01,Mujer,59.0,CAMPECHE,70.55,149.2,,1.0,3.9,31.692709643568197,70.55,149.2,3.9,31.692709643568197,31.692709643568197,Obesidad I,0,
2024_04002151,2024_04002151_01,Hombre,,CAMPECHE,60.2,154.7,,1.0,3.6,25.154510115915496,60.2,154.7,3.6,25.154510115915496,25.154510115915496,Sobrepeso,0,
2024_04002153,2024_04002153_01,Hombre,64.0,CAMPECHE,,,,1.0,4.9,,,,4.9,,,,0,
2024_04003006,2024_04003006_02,Mujer,38.0,CARMEN,83.5,153.5,,1.0,4.7,35.43804178293669,83.5,153.5,4.7,35.43804178293669,35.43804178293669,Obesidad II,0,
2024_04003023,2024_04003023_01,Hombre,50.0,CARMEN,58.75,168.6,,1.0,4.7,20.667727668652176,58.75,168.6,4.7,20.667727668652176,20.667727668652176,Normal,0,
2024_04003040,2024_04003040_02,Mujer,70.0,CARMEN,,,,1.0,5.1,,,,5.1,,,,0,
2024_04003060,2024_04003060_01,Hombre,47.0,CARMEN,75.05,167.1,,1.0,4.5,26.87805243172061,75.05,167.1,4.5,26.87805243172061,26.87805243172061,Sobrepeso,0,
2024_04003074,2024_04003074_01,Hombre,32.0,CARMEN,68.35,166.5,,1.0,3.6,24.655285916547175,68.35,166.5,3.6,24.655285916547175,24.655285916547175,Normal,0,
2024_04003076,2024_04003076_04,Mujer,23.0,CARMEN,78.45,150.6,,1.0,4.1,34.589398051882775,78.45,150.6,4.1,34.589398051882775,34.589398051882775,Obesidad I,0,
2024_04003077,2024_04003077_01,Hombre,68.0,CARMEN,,,,1.0,4.8,,,,4.8,,,,0,
2024_04003082,2024_04003082_05,Mujer,20.0,CARMEN,71.75,153.6,,1.0,4.1,30.41161431206597,71.75,153.6,4.1,30.41161431206597,30.41161431206597,Obesidad I,0,
2024_04003099,2024_04003099_01,Hombre,53.0,CARMEN,91.65,171.9,,1.0,5.8,31.015637769838584,91.65,171.9,5.8,31.015637769838584,31.015637769838584,Obesidad I,0,
2024_04003099,2024_04003099_03,Mujer,24.0,CARMEN,99.6,171.3,,1.0,3.5,33.94256141610001,99.6,171.3,3.5,33.94256141610001,33.94256141610001,Obesidad I,0,
2024_04003103,2024_04003103_01,Hombre,45.0,CARMEN,102.75,173.8,,1.0,8.9,34.015925080876784,102.75,173.8,8.9,34.015925080876784,34.015925080876784,Obesidad I,1,
2024_04003106,2024_04003106_01,Mujer,61.0,CARMEN,,,,1.0,4.2,,,,4.2,,,,0,
2024_04003109,2024_04003109_03,Mujer,22.0,CARMEN,47.25,148.4,,1.0,3.3,21.455271321771857,47.25,148.4,3.3,21.455271321771857,21.455271321771857,Normal,0,
2024_04003110,2024_04003110_02,Mujer,67.0,CARMEN,,,,1.0,3.2,,,,3.2,,,,0,
2024_04003112,2024_04003112_01,Hombre,38.0,CARMEN,85.5,167.9,,1.0,5.1,30.32946310465154,85.5,167.9,5.1,30.32946310465154,30.32946310465154,Obesidad I,0,
2024_04003122,2024_04003122_02,Mujer,28.0,CARMEN,107.2,164.9,,1.0,4.9,39.42334531356821,107.2,164.9,4.9,39.42334531356821,39.42334531356821,Obesidad II,0,
2024_04004003,2024_04004003_01,Hombre,43.0,CHAMPOTON,66.0,159.0,,1.0,4.6,26.106562240417702,66.0,159.0,4.6,26.106562240417702,26.106562240417702,Sobrepeso,0,
2024_04004004,2024_04004004_02,Mujer,55.0,CHAMPOTON,76.45,142.8,,1.0,5.9,37.49048639063468,76.45,142.8,5.9,37.49048639063468,37.49048639063468,Obesidad II,0,
2024_04004007,2024_04004007_01,Hombre,53.0,CHAMPOTON,61.65,151.8,,1.0,4.1,26.754050211688977,61.65,151.8,4.1,26.754050211688977,26.754050211688977,Sobrepeso,0,
2024_04004015,2024_04004015_01,Mujer,52.0,CHAMPOTON,86.8,152.4,,1.0,4.5,37.37229696681615,86.8,152.4,4.5,37.37229696681615,37.37229696681615,Obesidad II,0,
2024_04004015,2024_04004015_03,Hombre,26.0,CHAMPOTON,79.2,168.5,,1.0,7.6,27.894936118130826,79.2,168.5,7.6,27.894936118130826,27.894936118130826,Sobrepeso,1,
2024_04004020,2024_04004020_01,Hombre,78.0,CHAMPOTON,,,,1.0,5.9,,,,5.9,,,,0,
2024_04004025,2024_04004025_01,Hombre,50.0,CHAMPOTON,70.1,160.1,,1.0,6.8,27.348616046888246,70.1,160.1,6.8,27.348616046888246,27.348616046888246,Sobrepeso,0,
2024_04004025,2024_04004025_03,Mujer,31.0,CHAMPOTON,45.5,144.5,,1.0,3.9,21.790926832772595,45.5,144.5,3.9,21.790926832772595,21.790926832772595,Normal,0,
2024_04004028,2024_04004028_01,Hombre,53.0,CHAMPOTON,67.7,157.7,,1.0,5.7,27.22232922612588,67.7,157.7,5.7,27.22232922612588,27.22232922612588,Sobrepeso,0,
2024_04004028,2024_04004028_02,Mujer,39.0,CHAMPOTON,67.7,145.0,,1.0,4.9,32.199762187871585,67.7,145.0,4.9,32.199762187871585,32.199762187871585,Obesidad I,0,
2024_04006002,2024_04006002_02,Mujer,27.0,HOPELCHEN,43.9,142.1,,1.0,3.7,21.74084222735176,43.9,142.1,3.7,21.74084222735176,21.74084222735176,Normal,0,
2024_04006003,2024_04006003_01,Hombre,39.0,HOPELCHEN,56.05,158.7,,1.0,3.9,22.254700982978825,56.05,158.7,3.9,22.254700982978825,22.254700982978825,Normal,0,
2024_04006004,2024_04006004_01,Mujer,30.0,HOPELCHEN,66.5,146.1,,1.0,3.3,31.154530688618205,66.5,146.1,3.3,31.154530688618205,31.154530688618205,Obesidad I,0,
2024_04006007,2024_04006007_01,Hombre,32.0,HOPELCHEN,85.0,153.0,,1.0,6.0,36.31082062454612,85.0,153.0,6.0,36.31082062454612,36.31082062454612,Obesidad II,0,
2024_04006013,2024_04006013_01,Mujer,40.0,HOPELCHEN,80.25,151.6,,1.0,4.4,34.91778113491274,80.25,151.6,4.4,34.91778113491274,34.91778113491274,Obesidad I,0,
2024_04006013,2024_04006013_02,Hombre,55.0,HOPELCHEN,117.65,172.1,,1.0,4.9,39.721916200093126,117.65,172.1,4.9,39.721916200093126,39.721916200093126,Obesidad II,0,
2024_04006019,2024_04006019_01,Hombre,47.0,HOPELCHEN,82.95,177.5,,1.0,4.4,26.328109502082924,82.95,177.5,4.4,26.328109502082924,26.328109502082924,Sobrepeso,0,
2024_04006019,2024_04006019_02,Mujer,45.0,HOPELCHEN,84.5,156.4,,1.0,2.8,34.54484206670547,84.5,156.4,2.8,34.54484206670547,34.54484206670547,Obesidad I,0,
2024_04006024,2024_04006024_01,Hombre,48.0,HOPELCHEN,134.8,198.0,,1.0,6.8,34.38424650545863,134.8,198.0,6.8,34.38424650545863,34.38424650545863,Obesidad I,0,
2024_04006024,2024_04006024_02,Mujer,44.0,HOPELCHEN,80.2,160.7,,1.0,4.3,31.055792389317272,80.2,160.7,4.3,31.055792389317272,31.055792389317272,Obesidad I,0,
2024_04006028,2024_04006028_02,Mujer,60.0,HOPELCHEN,63.65,167.8,,1.0,4.0,22.60551965348384,63.65,167.8,4.0,22.60551965348384,22.60551965348384,Normal,0,
2024_04006028,2024_04006028_03,Hombre,33.0,HOPELCHEN,34.25,154.5,,1.0,4.8,14.348404394591594,34.25,154.5,4.8,14.348404394591594,14.348404394591594,Bajo peso,0,
2024_04006029,2024_04006029_01,Hombre,67.0,HOPELCHEN,,,,1.0,6.5,,,,6.5,,,,0,
2024_04007004,2024_04007004_02,Mujer,73.0,PALIZADA,,,,1.0,4.5,,,,4.5,,,,0,
2024_04007006,2024_04007006_01,Hombre,40.0,PALIZADA,85.95,151.5,,1.0,5.9,37.44730908734438,85.95,151.5,5.9,37.44730908734438,37.44730908734438,Obesidad II,0,
2024_04007015,2024_04007015_02,Mujer,64.0,PALIZADA,,,,1.0,3.4,,,,3.4,,,,0,
2024_04007015,2024_04007015_03,Mujer,25.0,PALIZADA,83.0,150.2,,1.0,3.9,36.790714910079956,83.0,150.2,3.9,36.790714910079956,36.790714910079956,Obesidad II,0,
2024_04007019,2024_04007019_01,Mujer,82.0,PALIZADA,,,,1.0,5.3,,,,5.3,,,,0,
2024_04007020,2024_04007020_01,Hombre,54.0,PALIZADA,74.3,163.0,,1.0,4.9,27.96492152508563,74.3,163.0,4.9,27.96492152508563,27.96492152508563,Sobrepeso,0,
2024_04007020,2024_04007020_02,Mujer,38.0,PALIZADA,83.7,165.0,,1.0,3.1,30.743801652892568,83.7,165.0,3.1,30.743801652892568,30.743801652892568,Obesidad I,0,
2024_04007023,2024_04007023_01,Hombre,70.0,PALIZADA,,,,1.0,5.4,,,,5.4,,,,0,
2024_04007027,2024_04007027_01,Hombre,73.0,PALIZADA,,,,1.0,4.8,,,,4.8,,,,0,
2024_04011007,2024_04011007_01,Hombre,60.0,CANDELARIA,,,,1.0,3.7,,,,3.7,,,,0,
2024_04011007,2024_04011007_02,Mujer,36.0,CANDELARIA,52.05,150.2,,1.0,2.5,23.071767603248936,52.05,150.2,2.5,23.071767603248936,23.071767603248936,Normal,0,
2024_04011008,2024_04011008_01,Mujer,78.0,CANDELARIA,,,,1.0,8.5,,,,8.5,,,,1,
2024_04011018,2024_04011018_01,Hombre,56.0,CANDELARIA,79.95,164.2,,1.0,3.9,29.65324067823768,79.95,164.2,3.9,29.65324067823768,29.65324067823768,Sobrepeso,0,
2024_04011030,2024_04011030_02,Mujer,29.0,CANDELARIA,70.45,144.1,,1.0,5.2,33.92759192113967,70.45,144.1,5.2,33.92759192113967,33.92759192113967,Obesidad I,0,
2024_04011036,2024_04011036_01,Mujer,56.0,CANDELARIA,61.95,148.8,,1.0,4.1,27.979210024280256,61.95,148.8,4.1,27.979210024280256,27.979210024280256,Sobrepeso,0,
2024_04012001,2024_04012001_02,Mujer,67.0,SEYBAPLAYA,,,,1.0,4.1,,,,4.1,,,,0,
2024_04012001,2024_04012001_04,Mujer,31.0,SEYBAPLAYA,73.7,157.4,,1.0,3.7,29.748017740636033,73.7,157.4,3.7,29.748017740636033,29.748017740636033,Sobrepeso,0,
2024_04012002,2024_04012002_01,Mujer,67.0,SEYBAPLAYA,,,,1.0,4.4,,,,4.4,,,,0,
2024_04012004,2024_04012004_02,Mujer,56.0,SEYBAPLAYA,93.4,161.3,,1.0,4.1,35.89865203252094,93.4,161.3,4.1,35.89865203252094,35.89865203252094,Obesidad II,0,
2024_04012004,2024_04012004_03,Mujer,20.0,SEYBAPLAYA,96.1,170.5,,1.0,3.8,33.05785123966942,96.1,170.5,3.8,33.05785123966942,33.05785123966942,Obesidad I,0,
2024_04012008,2024_04012008_01,Hombre,60.0,SEYBAPLAYA,,,,1.0,5.3,,,,5.3,,,,0,
2024_04012011,2024_04012011_01,Mujer,44.0,SEYBAPLAYA,62.75,157.8,,1.0,4.0,25.199953093951848,62.75,157.8,4.0,25.199953093951848,25.199953093951848,Sobrepeso,0,
2024_04012012,2024_04012012_01,Hombre,68.0,SEYBAPLAYA,,,,1.0,5.9,,,,5.9,,,,0,
2024_04012012,2024_04012012_02,Hombre,36.0,SEYBAPLAYA,77.4,167.5,,1.0,4.8,27.58743595455558,77.4,167.5,4.8,27.58743595455558,27.58743595455558,Sobrepeso,0,
2024_04012016,2024_04012016_01,Mujer,69.0,SEYBAPLAYA,,,,1.0,3.9,,,,3.9,,,,0,
2024_05002010,2024_05002010_01,Mujer,31.0,ACUNA,72.7,156.3,,1.0,3.4,29.758871275075528,72.7,156.3,3.4,29.758871275075528,29.758871275075528,Sobrepeso,0,
2024_05002013,2024_05002013_01,Mujer,74.0,ACUNA,,,,1.0,5.0,,,,5.0,,,,0,
2024_05002015,2024_05002015_01,Hombre,82.0,ACUNA,,,,1.0,3.3,,,,3.3,,,,0,
2024_05002018,2024_05002018_01,Mujer,61.0,ACUNA,,,,1.0,5.2,,,,5.2,,,,0,
2024_05002018,2024_05002018_02,Mujer,36.0,ACUNA,68.0,157.8,,1.0,3.3,27.308315703405984,68.0,157.8,3.3,27.308315703405984,27.308315703405984,Sobrepeso,0,
2024_05002033,2024_05002033_01,Hombre,47.0,ACUNA,111.7,164.4,,1.0,6.8,41.328490832992934,111.7,164.4,6.8,41.328490832992934,41.328490832992934,Obesidad III,0,
2024_05002033,2024_05002033_02,Mujer,40.0,ACUNA,77.9,156.9,,1.0,2.1,31.644014183342744,77.9,156.9,2.1,31.644014183342744,31.644014183342744,Obesidad I,0,
2024_05007005,2024_05007005_01,Mujer,40.0,CUATRO CIENEGAS,60.2,157.6,,1.0,4.0,24.23729031925585,60.2,157.6,4.0,24.23729031925585,24.23729031925585,Normal,0,
2024_05007014,2024_05007014_01,Hombre,63.0,CUATRO CIENEGAS,,,,1.0,7.6,,,,7.6,,,,1,
2024_05007023,2024_05007023_01,Hombre,50.0,CUATRO CIENEGAS,129.75,180.0,,1.0,7.8,40.04629629629629,129.75,180.0,7.8,40.04629629629629,40.04629629629629,Obesidad III,1,
2024_05007025,2024_05007025_01,Hombre,75.0,CUATRO CIENEGAS,,,,1.0,4.3,,,,4.3,,,,0,
2024_05017014,2024_05017014_01,Mujer,62.0,MATAMOROS,,,,1.0,6.1,,,,6.1,,,,1,
2024_05017014,2024_05017014_02,Hombre,29.0,MATAMOROS,54.95,167.6,,1.0,6.1,19.562288891040723,54.95,167.6,6.1,19.562288891040723,19.562288891040723,Normal,0,
2024_05017017,2024_05017017_01,Hombre,66.0,MATAMOROS,,,,1.0,6.0,,,,6.0,,,,0,
2024_05017017,2024_05017017_04,Mujer,29.0,MATAMOROS,90.2,157.4,,1.0,3.6,36.40802171242022,90.2,157.4,3.6,36.40802171242022,36.40802171242022,Obesidad II,0,
2024_05017018,2024_05017018_01,Mujer,46.0,MATAMOROS,86.5,161.1,,1.0,4.7,33.32921052925631,86.5,161.1,4.7,33.32921052925631,33.32921052925631,Obesidad I,0,
2024_05017018,2024_05017018_02,Mujer,22.0,MATAMOROS,44.85,154.4,,1.0,2.7,18.813424521463663,44.85,154.4,2.7,18.813424521463663,18.813424521463663,Normal,0,
2024_05017019,2024_05017019_01,Mujer,85.0,MATAMOROS,,,,1.0,5.1,,,,5.1,,,,0,
2024_05017022,2024_05017022_01,Hombre,45.0,MATAMOROS,98.4,168.4,,1.0,8.2,34.69851783729498,98.4,168.4,8.2,34.69851783729498,34.69851783729498,Obesidad I,1,
2024_05017023,2024_05017023_01,Mujer,36.0,MATAMOROS,61.3,150.4,,1.0,5.1,27.099719895880487,61.3,150.4,5.1,27.099719895880487,27.099719895880487,Sobrepeso,0,
2024_05017023,2024_05017023_02,Mujer,62.0,MATAMOROS,,,,1.0,6.2,,,,6.2,,,,1,
2024_05017025,2024_05017025_01,Hombre,72.0,MATAMOROS,,,,1.0,4.8,,,,4.8,,,,0,
2024_05017025,2024_05017025_03,Hombre,38.0,MATAMOROS,62.55,169.6,,1.0,2.7,21.745811454254184,62.55,169.6,2.7,21.745811454254184,21.745811454254184,Normal,0,
2024_05017031,2024_05017031_02,Mujer,25.0,MATAMOROS,113.45,159.5,,1.0,3.3,44.59468755220566,113.45,159.5,3.3,44.59468755220566,44.59468755220566,Obesidad III,0,
2024_05017038,2024_05017038_01,Hombre,68.0,MATAMOROS,,,,1.0,4.6,,,,4.6,,,,0,
2024_05017043,2024_05017043_01,Mujer,38.0,MATAMOROS,69.25,150.2,,1.0,4.9,30.69586756051852,69.25,150.2,4.9,30.69586756051852,30.69586756051852,Obesidad I,0,
2024_05017048,2024_05017048_02,Mujer,44.0,MATAMOROS,74.85,152.6,,1.0,5.4,32.14272831428674,74.85,152.6,5.4,32.14272831428674,32.14272831428674,Obesidad I,0,
2024_05017049,2024_05017049_01,Mujer,46.0,MATAMOROS,68.85,150.0,,1.0,4.5,30.599999999999998,68.85,150.0,4.5,30.599999999999998,30.599999999999998,Obesidad I,0,
2024_05017049,2024_05017049_02,Hombre,34.0,MATAMOROS,73.25,157.5,,1.0,5.0,29.528848576467627,73.25,157.5,5.0,29.528848576467627,29.528848576467627,Sobrepeso,0,
2024_05017050,2024_05017050_02,Mujer,47.0,MATAMOROS,84.65,157.1,,1.0,4.3,34.29845776468057,84.65,157.1,4.3,34.29845776468057,34.29845776468057,Obesidad I,0,
2024_05017058,2024_05017058_01,Hombre,57.0,MATAMOROS,73.15,169.7,,1.0,3.9,25.400990135109662,73.15,169.7,3.9,25.400990135109662,25.400990135109662,Sobrepeso,0,
2024_05017067,2024_05017067_01,Hombre,50.0,MATAMOROS,97.55,171.2,,1.0,6.8,33.28279216525461,97.55,171.2,6.8,33.28279216525461,33.28279216525461,Obesidad I,0,
2024_05017067,2024_05017067_03,Hombre,26.0,MATAMOROS,83.05,171.9,,1.0,5.6,28.10527786999557,83.05,171.9,5.6,28.10527786999557,28.10527786999557,Sobrepeso,0,
2024_05017068,2024_05017068_01,Mujer,76.0,MATAMOROS,,,,1.0,5.1,,,,5.1,,,,0,
2024_05017068,2024_05017068_02,Mujer,25.0,MATAMOROS,96.55,165.5,,1.0,2.5,35.24976953477971,96.55,165.5,2.5,35.24976953477971,35.24976953477971,Obesidad II,0,
2024_05017069,2024_05017069_02,Mujer,32.0,MATAMOROS,62.65,148.9,,1.0,3.6,28.25736619697346,62.65,148.9,3.6,28.25736619697346,28.25736619697346,Sobrepeso,0,
2024_05017071,2024_05017071_02,Mujer,48.0,MATAMOROS,82.35,152.8,,1.0,3.6,35.270928702612316,82.35,152.8,3.6,35.270928702612316,35.270928702612316,Obesidad II,0,
2024_05018002,2024_05018002_01,Hombre,65.0,MONCLOVA,,,,1.0,7.6,,,,7.6,,,,1,
2024_05018002,2024_05018002_03,Mujer,29.0,MONCLOVA,74.35,173.0,,1.0,4.8,24.84212636573223,74.35,173.0,4.8,24.84212636573223,24.84212636573223,Normal,0,
2024_05018003,2024_05018003_01,Hombre,33.0,MONCLOVA,75.1,164.0,,1.0,6.3,27.922367638310533,75.1,164.0,6.3,27.922367638310533,27.922367638310533,Sobrepeso,0,
2024_05018010,2024_05018010_02,Mujer,49.0,MONCLOVA,70.85,151.1,,1.0,4.5,31.032082837484307,70.85,151.1,4.5,31.032082837484307,31.032082837484307,Obesidad I,0,
2024_05018010,2024_05018010_04,Hombre,27.0,MONCLOVA,113.55,171.5,,1.0,6.0,38.60636299501058,113.55,171.5,6.0,38.60636299501058,38.60636299501058,Obesidad II,0,
2024_05018016,2024_05018016_01,Hombre,67.0,MONCLOVA,,,,1.0,8.2,,,,8.2,,,,1,
2024_05018016,2024_05018016_03,Mujer,39.0,MONCLOVA,75.6,155.6,,1.0,5.2,31.225011730030857,75.6,155.6,5.2,31.225011730030857,31.225011730030857,Obesidad I,0,
2024_05018040,2024_05018040_01,Hombre,68.0,MONCLOVA,,,,1.0,6.3,,,,6.3,,,,0,
2024_05018049,2024_05018049_02,Mujer,46.0,MONCLOVA,65.0,150.1,,1.0,6.1,28.85040885467872,65.0,150.1,6.1,28.85040885467872,28.85040885467872,Sobrepeso,1,
2024_05018050,2024_05018050_01,Hombre,77.0,MONCLOVA,,,,1.0,6.0,,,,6.0,,,,0,
2024_05018054,2024_05018054_01,Hombre,70.0,MONCLOVA,,,,1.0,5.0,,,,5.0,,,,0,
2024_05018057,2024_05018057_01,Mujer,45.0,MONCLOVA,52.9,152.8,,1.0,5.0,22.657342178120118,52.9,152.8,5.0,22.657342178120118,22.657342178120118,Normal,0,
2024_05018059,2024_05018059_01,Hombre,87.0,MONCLOVA,,,,1.0,7.2,,,,7.2,,,,1,
2024_05018062,2024_05018062_01,Mujer,33.0,MONCLOVA,91.05,157.0,,1.0,5.9,36.93861819952128,91.05,157.0,5.9,36.93861819952128,36.93861819952128,Obesidad II,0,
2024_05018063,2024_05018063_02,Hombre,60.0,MONCLOVA,,,,1.0,4.9,,,,4.9,,,,0,
2024_05024008,2024_05024008_02,Mujer,56.0,PARRAS,69.95,153.2,,1.0,2.3,29.8037003456292,69.95,153.2,2.3,29.8037003456292,29.8037003456292,Sobrepeso,0,
2024_05024008,2024_05024008_03,Mujer,26.0,PARRAS,79.8,168.2,,1.0,4.5,28.206610950951603,79.8,168.2,4.5,28.206610950951603,28.206610950951603,Sobrepeso,0,
2024_05024009,2024_05024009_01,Hombre,53.0,PARRAS,95.65,174.5,,1.0,7.2,31.411893170006813,95.65,174.5,7.2,31.411893170006813,31.411893170006813,Obesidad I,1,
2024_05025003,2024_05025003_01,Mujer,47.0,PIEDRAS NEGRAS,74.25,149.5,,1.0,1.9,33.22110490934106,74.25,149.5,1.9,33.22110490934106,33.22110490934106,Obesidad I,0,
2024_05025003,2024_05025003_04,Hombre,21.0,PIEDRAS NEGRAS,67.65,160.2,,1.0,5.5,26.359840461595297,67.65,160.2,5.5,26.359840461595297,26.359840461595297,Sobrepeso,0,
2024_05025016,2024_05025016_01,Hombre,35.0,PIEDRAS NEGRAS,86.8,162.1,,1.0,5.8,33.033431888146055,86.8,162.1,5.8,33.033431888146055,33.033431888146055,Obesidad I,0,
2024_05025017,2024_05025017_01,Hombre,49.0,PIEDRAS NEGRAS,66.65,158.6,,1.0,4.3,26.496821971570288,66.65,158.6,4.3,26.496821971570288,26.496821971570288,Sobrepeso,0,
2024_05025029,2024_05025029_01,Hombre,65.0,PIEDRAS NEGRAS,,,,1.0,4.2,,,,4.2,,,,0,
2024_05025029,2024_05025029_03,Mujer,42.0,PIEDRAS NEGRAS,79.7,152.1,,1.0,3.7,34.450846163788064,79.7,152.1,3.7,34.450846163788064,34.450846163788064,Obesidad I,0,
2024_05025030,2024_05025030_01,Mujer,42.0,PIEDRAS NEGRAS,90.75,159.2,,1.0,3.7,35.80638746496302,90.75,159.2,3.7,35.80638746496302,35.80638746496302,Obesidad II,0,
2024_05030002,2024_05030002_01,Mujer,62.0,SALTILLO,,,,1.0,3.2,,,,3.2,,,,0,
2024_05030011,2024_05030011_02,Mujer,67.0,SALTILLO,,,,1.0,4.5,,,,4.5,,,,0,
2024_05030016,2024_05030016_01,Hombre,74.0,SALTILLO,,,,1.0,6.3,,,,6.3,,,,0,
2024_05030021,2024_05030021_01,Hombre,56.0,SALTILLO,68.65,162.3,,1.0,9.6,26.061745647232915,68.65,162.3,9.6,26.061745647232915,26.061745647232915,Sobrepeso,1,
2024_05030022,2024_05030022_02,Mujer,71.0,SALTILLO,,,,1.0,4.2,,,,4.2,,,,0,
2024_05030028,2024_05030028_02,Mujer,49.0,SALTILLO,65.15,150.7,,1.0,4.2,28.68718376397868,65.15,150.7,4.2,28.68718376397868,28.68718376397868,Sobrepeso,0,
2024_05030030,2024_05030030_01,Hombre,58.0,SALTILLO,67.7,164.5,,1.0,8.4,25.01824632071027,67.7,164.5,8.4,25.01824632071027,25.01824632071027,Sobrepeso,1,
2024_05030030,2024_05030030_03,Mujer,27.0,SALTILLO,63.5,154.4,,1.0,5.7,26.636621117345427,63.5,154.4,5.7,26.636621117345427,26.636621117345427,Sobrepeso,0,
2024_05030033,2024_05030033_01,Mujer,51.0,SALTILLO,73.3,157.1,,1.0,6.1,29.699668684596407,73.3,157.1,6.1,29.699668684596407,29.699668684596407,Sobrepeso,1,
2024_05030060,2024_05030060_01,Hombre,61.0,SALTILLO,,,,1.0,4.5,,,,4.5,,,,0,
2024_05030075,2024_05030075_02,Hombre,29.0,SALTILLO,72.65,174.0,24.0,1.0,5.0,23.995904346677236,72.65,174.0,5.0,23.995904346677236,24.0,Normal,0,24.0
2024_05030087,2024_05030087_01,Hombre,50.0,SALTILLO,121.75,177.5,,1.0,4.5,38.643126363816705,121.75,177.5,4.5,38.643126363816705,38.643126363816705,Obesidad II,0,
2024_05030095,2024_05030095_01,Hombre,44.0,SALTILLO,59.9,163.8,,1.0,4.7,22.325388625754925,59.9,163.8,4.7,22.325388625754925,22.325388625754925,Normal,0,
2024_05030127,2024_05030127_02,Hombre,47.0,SALTILLO,86.8,171.2,,1.0,6.7,29.615031880513584,86.8,171.2,6.7,29.615031880513584,29.615031880513584,Sobrepeso,0,
2024_05030127,2024_05030127_03,Mujer,27.0,SALTILLO,81.65,159.8,,1.0,4.8,31.974417333306178,81.65,159.8,4.8,31.974417333306178,31.974417333306178,Obesidad I,0,
2024_05030132,2024_05030132_02,Hombre,43.0,SALTILLO,97.55,167.4,,1.0,6.9,34.81098935294025,97.55,167.4,6.9,34.81098935294025,34.81098935294025,Obesidad I,0,
2024_05030133,2024_05030133_01,Mujer,64.0,SALTILLO,,,,1.0,3.4,,,,3.4,,,,0,
2024_05030134,2024_05030134_01,Hombre,31.0,SALTILLO,85.45,175.9,,1.0,6.6,27.617247253707962,85.45,175.9,6.6,27.617247253707962,27.617247253707962,Sobrepeso,0,
2024_05033002,2024_05033002_01,Hombre,57.0,SAN PEDRO,74.6,164.2,,1.0,5.7,27.668940019969114,74.6,164.2,5.7,27.668940019969114,27.668940019969114,Sobrepeso,0,
2024_05033008,2024_05033008_02,Mujer,41.0,SAN PEDRO,89.85,157.3,,1.0,2.9,36.3128751269536,89.85,157.3,2.9,36.3128751269536,36.3128751269536,Obesidad II,0,
2024_05033010,2024_05033010_01,Hombre,90.0,SAN PEDRO,,,,1.0,5.1,,,,5.1,,,,0,
2024_05033014,2024_05033014_02,Mujer,61.0,SAN PEDRO,,,,1.0,2.9,,,,2.9,,,,0,
2024_05033018,2024_05033018_02,Mujer,68.0,SAN PEDRO,,,,1.0,2.9,,,,2.9,,,,0,
2024_05033018,2024_05033018_03,Hombre,38.0,SAN PEDRO,65.45,157.5,,1.0,4.3,26.384479717813054,65.45,157.5,4.3,26.384479717813054,26.384479717813054,Sobrepeso,0,
2024_05033024,2024_05033024_02,Mujer,30.0,SAN PEDRO,35.0,141.9,,1.0,2.4,17.382140397037883,35.0,141.9,2.4,17.382140397037883,17.382140397037883,Bajo peso,0,
2024_05033025,2024_05033025_01,Hombre,46.0,SAN PEDRO,89.1,174.3,,1.0,7.8,29.328032563003422,89.1,174.3,7.8,29.328032563003422,29.328032563003422,Sobrepeso,1,
2024_05033027,2024_05033027_01,Hombre,55.0,SAN PEDRO,222.22,222.2,,1.0,7.2,45.00855126016652,222.22,222.2,7.2,45.00855126016652,45.00855126016652,Obesidad III,1,
2024_05035001,2024_05035001_02,Mujer,66.0,TORREON,,,,1.0,3.2,,,,3.2,,,,0,
2024_05035001,2024_05035001_03,Mujer,41.0,TORREON,90.45,151.5,,1.0,4.9,39.40790118615822,90.45,151.5,4.9,39.40790118615822,39.40790118615822,Obesidad II,0,
2024_05035006,2024_05035006_04,Mujer,40.0,TORREON,64.35,153.7,,1.0,3.2,27.23960566702323,64.35,153.7,3.2,27.23960566702323,27.23960566702323,Sobrepeso,0,
2024_05035008,2024_05035008_01,Hombre,82.0,TORREON,,,,1.0,6.8,,,,6.8,,,,0,
2024_05035038,2024_05035038_01,Mujer,62.0,TORREON,,,,1.0,6.1,,,,6.1,,,,1,
2024_05035041,2024_05035041_01,Hombre,59.0,TORREON,91.15,172.3,,1.0,5.4,30.70337508071636,91.15,172.3,5.4,30.70337508071636,30.70337508071636,Obesidad I,0,
2024_05035041,2024_05035041_03,Hombre,33.0,TORREON,186.0,188.3,,1.0,7.1,52.4580695035577,186.0,188.3,7.1,52.4580695035577,52.4580695035577,Obesidad III,1,
2024_05035042,2024_05035042_01,Mujer,81.0,TORREON,,,,1.0,4.0,,,,4.0,,,,0,
2024_05035045,2024_05035045_01,Hombre,58.0,TORREON,102.65,169.8,,1.0,8.0,35.60275304834482,102.65,169.8,8.0,35.60275304834482,35.60275304834482,Obesidad II,1,
2024_05035045,2024_05035045_02,Mujer,42.0,TORREON,100.6,153.7,,1.0,4.1,42.5843718741653,100.6,153.7,4.1,42.5843718741653,42.5843718741653,Obesidad III,0,
2024_05035069,2024_05035069_01,Mujer,65.0,TORREON,,,,1.0,3.3,,,,3.3,,,,0,
2024_05035069,2024_05035069_03,Mujer,20.0,TORREON,49.35,158.8,,1.0,3.7,19.569789796267976,49.35,158.8,3.7,19.569789796267976,19.569789796267976,Normal,0,
2024_05035071,2024_05035071_02,Mujer,48.0,TORREON,90.9,157.1,,1.0,5.4,36.83083060613661,90.9,157.1,5.4,36.83083060613661,36.83083060613661,Obesidad II,0,
2024_05035072,2024_05035072_03,Hombre,21.0,TORREON,71.25,169.6,,1.0,5.3,24.77040873086508,71.25,169.6,5.3,24.77040873086508,24.77040873086508,Normal,0,
2024_05035077,2024_05035077_01,Mujer,52.0,TORREON,93.9,152.6,,1.0,4.4,40.32334253455612,93.9,152.6,4.4,40.32334253455612,40.32334253455612,Obesidad III,0,
2024_05035081,2024_05035081_01,Hombre,56.0,TORREON,135.9,173.7,,1.0,6.7,45.04222335573514,135.9,173.7,6.7,45.04222335573514,45.04222335573514,Obesidad III,0,
2024_06002001,2024_06002001_01,Hombre,63.0,COLIMA,,,,1.0,2.8,,,,2.8,,,,0,
2024_06002014,2024_06002014_01,Hombre,52.0,COLIMA,81.6,166.9,,1.0,5.5,29.29391960901233,81.6,166.9,5.5,29.29391960901233,29.29391960901233,Sobrepeso,0,
2024_06002014,2024_06002014_03,Hombre,29.0,COLIMA,90.75,168.3,,1.0,5.5,32.03895937459951,90.75,168.3,5.5,32.03895937459951,32.03895937459951,Obesidad I,0,
2024_06002020,2024_06002020_02,Mujer,52.0,COLIMA,80.1,157.9,,1.0,3.7,32.12685817375857,80.1,157.9,3.7,32.12685817375857,32.12685817375857,Obesidad I,0,
2024_06002020,2024_06002020_03,Mujer,22.0,COLIMA,58.0,155.5,,1.0,3.7,23.98651792268484,58.0,155.5,3.7,23.98651792268484,23.98651792268484,Normal,0,
2024_06002026,2024_06002026_01,Mujer,67.0,COLIMA,,,,1.0,5.5,,,,5.5,,,,0,
2024_06002039,2024_06002039_02,Mujer,32.0,COLIMA,59.8,156.3,,1.0,4.0,24.478411310172163,59.8,156.3,4.0,24.478411310172163,24.478411310172163,Normal,0,
2024_06002041,2024_06002041_01,Mujer,48.0,COLIMA,47.35,153.3,,1.0,2.9,20.14817311174172,47.35,153.3,2.9,20.14817311174172,20.14817311174172,Normal,0,
2024_06002047,2024_06002047_01,Mujer,57.0,COLIMA,90.55,170.6,,1.0,5.4,31.112177007156316,90.55,170.6,5.4,31.112177007156316,31.112177007156316,Obesidad I,0,
2024_06002047,2024_06002047_02,Mujer,24.0,COLIMA,74.7,167.3,,1.0,4.8,26.68877988687816,74.7,167.3,4.8,26.68877988687816,26.68877988687816,Sobrepeso,0,
2024_06002056,2024_06002056_01,Hombre,65.0,COLIMA,,,,1.0,4.9,,,,4.9,,,,0,
2024_06002060,2024_06002060_01,Hombre,60.0,COLIMA,,,,1.0,4.3,,,,4.3,,,,0,
2024_06002067,2024_06002067_01,Hombre,34.0,COLIMA,103.85,178.0,,1.0,9.8,32.776795859108695,103.85,178.0,9.8,32.776795859108695,32.776795859108695,Obesidad I,1,
2024_06002068,2024_06002068_02,Hombre,37.0,COLIMA,146.1,178.3,,1.0,7.0,45.956561769739686,146.1,178.3,7.0,45.956561769739686,45.956561769739686,Obesidad III,0,
2024_06002074,2024_06002074_01,Hombre,24.0,COLIMA,100.3,173.1,,1.0,6.2,33.47393721918021,100.3,173.1,6.2,33.47393721918021,33.47393721918021,Obesidad I,0,
2024_06002075,2024_06002075_02,Mujer,32.0,COLIMA,100.8,168.5,,1.0,3.9,35.50264596853014,100.8,168.5,3.9,35.50264596853014,35.50264596853014,Obesidad II,0,
2024_06004008,2024_06004008_02,Hombre,61.0,COQUIMATLAN,,,,1.0,5.4,,,,5.4,,,,0,
2024_06004017,2024_06004017_01,Hombre,55.0,COQUIMATLAN,158.5,177.6,,1.0,4.5,50.250842058274486,158.5,177.6,4.5,50.250842058274486,50.250842058274486,Obesidad III,0,
2024_06004017,2024_06004017_03,Mujer,28.0,COQUIMATLAN,98.4,168.2,,1.0,4.9,34.78108418012078,98.4,168.2,4.9,34.78108418012078,34.78108418012078,Obesidad I,0,
2024_06004018,2024_06004018_02,Hombre,28.0,COQUIMATLAN,56.8,167.3,,1.0,6.9,20.29347654049102,56.8,167.3,6.9,20.29347654049102,20.29347654049102,Normal,0,
2024_06004019,2024_06004019_01,Hombre,28.0,COQUIMATLAN,76.4,176.8,,1.0,5.2,24.44155525071149,76.4,176.8,5.2,24.44155525071149,24.44155525071149,Normal,0,
2024_06004025,2024_06004025_01,Mujer,35.0,COQUIMATLAN,85.35,164.3,,1.0,4.7,31.617563436093807,85.35,164.3,4.7,31.617563436093807,31.617563436093807,Obesidad I,0,
2024_06004025,2024_06004025_02,Hombre,49.0,COQUIMATLAN,71.05,163.5,,1.0,6.1,26.57838378737293,71.05,163.5,6.1,26.57838378737293,26.57838378737293,Sobrepeso,0,
2024_06004031,2024_06004031_01,Mujer,40.0,COQUIMATLAN,67.8,159.4,,1.0,5.5,26.684130734923464,67.8,159.4,5.5,26.684130734923464,26.684130734923464,Sobrepeso,0,
2024_06007010,2024_06007010_02,Hombre,51.0,MANZANILLO,70.35,165.8,,1.0,9.7,25.59145918244109,70.35,165.8,9.7,25.59145918244109,25.59145918244109,Sobrepeso,1,
2024_06007016,2024_06007016_02,Mujer,39.0,MANZANILLO,37.15,146.0,,1.0,3.2,17.428222931131547,37.15,146.0,3.2,17.428222931131547,17.428222931131547,Bajo peso,0,
2024_06007016,2024_06007016_03,Mujer,61.0,MANZANILLO,,,31.0,1.0,3.9,,,,3.9,,31.0,Obesidad I,0,31.0
2024_06007017,2024_06007017_01,Mujer,65.0,MANZANILLO,,,,1.0,4.6,,,,4.6,,,,0,
2024_06007017,2024_06007017_02,Mujer,32.0,MANZANILLO,80.2,160.9,,1.0,5.0,30.97863517094838,80.2,160.9,5.0,30.97863517094838,30.97863517094838,Obesidad I,0,
2024_06007018,2024_06007018_02,Hombre,30.0,MANZANILLO,56.2,169.3,,1.0,5.9,19.607507931097402,56.2,169.3,5.9,19.607507931097402,19.607507931097402,Normal,0,
2024_06007020,2024_06007020_01,Mujer,21.0,MANZANILLO,52.9,159.2,,1.0,3.9,20.872263326683672,52.9,159.2,3.9,20.872263326683672,20.872263326683672,Normal,0,
2024_06007032,2024_06007032_02,Mujer,55.0,MANZANILLO,82.4,222.2,,1.0,7.5,16.689337700646753,82.4,222.2,7.5,16.689337700646753,16.689337700646753,Bajo peso,1,
2024_06007032,2024_06007032_04,Hombre,30.0,MANZANILLO,136.25,161.5,,1.0,7.5,52.23859137919466,136.25,161.5,7.5,52.23859137919466,52.23859137919466,Obesidad III,1,
2024_06007035,2024_06007035_02,Mujer,34.0,MANZANILLO,126.95,169.7,,1.0,6.8,44.08278465689913,126.95,169.7,6.8,44.08278465689913,44.08278465689913,Obesidad III,1,
2024_06007053,2024_06007053_01,Hombre,43.0,MANZANILLO,49.0,168.4,,1.0,4.2,17.278733475888757,49.0,168.4,4.2,17.278733475888757,17.278733475888757,Bajo peso,0,
2024_06007054,2024_06007054_01,Hombre,81.0,MANZANILLO,,,,1.0,3.0,,,,3.0,,,,0,
2024_06007054,2024_06007054_03,Hombre,32.0,MANZANILLO,144.75,178.8,,1.0,4.7,45.27761512244193,144.75,178.8,4.7,45.27761512244193,45.27761512244193,Obesidad III,0,
2024_06007079,2024_06007079_01,Hombre,39.0,MANZANILLO,86.8,172.5,,1.0,6.6,29.170342365049354,86.8,172.5,6.6,29.170342365049354,29.170342365049354,Sobrepeso,0,
2024_06007098,2024_06007098_01,Hombre,32.0,MANZANILLO,76.75,170.3,,1.0,6.0,26.463610036380135,76.75,170.3,6.0,26.463610036380135,26.463610036380135,Sobrepeso,0,
2024_06007099,2024_06007099_01,Hombre,62.0,MANZANILLO,,,,1.0,6.9,,,,6.9,,,,0,
2024_06007104,2024_06007104_01,Mujer,50.0,MANZANILLO,46.25,153.5,,1.0,4.2,19.628855478572717,46.25,153.5,4.2,19.628855478572717,19.628855478572717,Normal,0,
2024_06007106,2024_06007106_01,Mujer,30.0,MANZANILLO,66.75,159.0,,1.0,4.8,26.40322772042245,66.75,159.0,4.8,26.40322772042245,26.40322772042245,Sobrepeso,0,
2024_06007107,2024_06007107_01,Hombre,29.0,MANZANILLO,111.55,177.3,,1.0,4.0,35.48559596555336,111.55,177.3,4.0,35.48559596555336,35.48559596555336,Obesidad II,0,
2024_06007111,2024_06007111_01,Mujer,67.0,MANZANILLO,,,41.0,1.0,4.2,,,,4.2,,41.0,Obesidad III,0,41.0
2024_06007113,2024_06007113_01,Hombre,78.0,MANZANILLO,,,,1.0,6.1,,,,6.1,,,,0,
2024_06007113,2024_06007113_03,Mujer,44.0,MANZANILLO,74.9,158.5,,1.0,4.7,29.814208520335562,74.9,158.5,4.7,29.814208520335562,29.814208520335562,Sobrepeso,0,
2024_06007117,2024_06007117_01,Hombre,67.0,MANZANILLO,,,,1.0,8.0,,,,8.0,,,,1,
2024_06008008,2024_06008008_03,Mujer,58.0,MINATITLAN,60.25,150.8,,1.0,3.6,26.494417043671593,60.25,150.8,3.6,26.494417043671593,26.494417043671593,Sobrepeso,0,
2024_06008008,2024_06008008_07,Hombre,20.0,MINATITLAN,83.7,169.0,,1.0,6.2,29.305696579251432,83.7,169.0,6.2,29.305696579251432,29.305696579251432,Sobrepeso,0,
2024_06008012,2024_06008012_02,Mujer,55.0,MINATITLAN,56.95,144.7,,1.0,6.6,27.199233549956094,56.95,144.7,6.6,27.199233549956094,27.199233549956094,Sobrepeso,1,
2024_06008012,2024_06008012_03,Mujer,35.0,MINATITLAN,100.25,157.0,,1.0,5.8,40.67102113676011,100.25,157.0,5.8,40.67102113676011,40.67102113676011,Obesidad III,0,
2024_06008019,2024_06008019_01,Hombre,93.0,MINATITLAN,,,,1.0,5.9,,,,5.9,,,,0,
2024_06008030,2024_06008030_01,Hombre,53.0,MINATITLAN,70.75,166.1,,1.0,7.4,25.64408332097947,70.75,166.1,7.4,25.64408332097947,25.64408332097947,Sobrepeso,1,
2024_06009017,2024_06009017_01,Hombre,53.0,TECOMAN,82.55,177.9,,1.0,5.8,26.083458853067178,82.55,177.9,5.8,26.083458853067178,26.083458853067178,Sobrepeso,0,
2024_06009026,2024_06009026_01,Mujer,67.0,TECOMAN,,,,1.0,4.2,,,,4.2,,,,0,
2024_06009035,2024_06009035_01,Mujer,55.0,TECOMAN,47.4,142.0,,1.0,2.7,23.50724062685975,47.4,142.0,2.7,23.50724062685975,23.50724062685975,Normal,0,
2024_06009035,2024_06009035_03,Hombre,27.0,TECOMAN,71.65,165.5,,1.0,4.5,26.158943419647503,71.65,165.5,4.5,26.158943419647503,26.158943419647503,Sobrepeso,0,
2024_06009039,2024_06009039_01,Hombre,69.0,TECOMAN,,,,1.0,9.1,,,,9.1,,,,1,
2024_06009041,2024_06009041_01,Hombre,43.0,TECOMAN,80.4,168.6,,1.0,4.8,28.284005183993788,80.4,168.6,4.8,28.284005183993788,28.284005183993788,Sobrepeso,0,
2024_06009048,2024_06009048_02,Hombre,40.0,TECOMAN,80.95,165.0,,1.0,4.8,29.733700642791558,80.95,165.0,4.8,29.733700642791558,29.733700642791558,Sobrepeso,0,
2024_06009050,2024_06009050_02,Hombre,48.0,TECOMAN,83.95,171.7,,1.0,6.4,28.47607382273738,83.95,171.7,6.4,28.47607382273738,28.47607382273738,Sobrepeso,0,
2024_06009056,2024_06009056_01,Mujer,23.0,TECOMAN,96.25,158.0,,1.0,5.3,38.55551994872616,96.25,158.0,5.3,38.55551994872616,38.55551994872616,Obesidad II,0,
2024_06009059,2024_06009059_01,Hombre,81.0,TECOMAN,,,,1.0,4.8,,,,4.8,,,,0,
2024_06009062,2024_06009062_02,Mujer,61.0,TECOMAN,,,,1.0,4.7,,,,4.7,,,,0,
2024_06010006,2024_06010006_02,Mujer,59.0,VILLA DE ALVAREZ,55.95,148.4,,1.0,4.5,25.405765723875884,55.95,148.4,4.5,25.405765723875884,25.405765723875884,Sobrepeso,0,
2024_06010015,2024_06010015_01,Mujer,70.0,VILLA DE ALVAREZ,,,,1.0,6.1,,,,6.1,,,,1,
2024_06010028,2024_06010028_01,Hombre,47.0,VILLA DE ALVAREZ,70.0,173.2,,1.0,5.7,23.334702302535085,70.0,173.2,5.7,23.334702302535085,23.334702302535085,Normal,0,
2024_06010037,2024_06010037_01,Mujer,36.0,VILLA DE ALVAREZ,71.15,150.8,,1.0,4.1,31.287597886427122,71.15,150.8,4.1,31.287597886427122,31.287597886427122,Obesidad I,0,
2024_06010050,2024_06010050_02,Mujer,61.0,VILLA DE ALVAREZ,,,,1.0,4.8,,,,4.8,,,,0,
2024_06010052,2024_06010052_01,Mujer,59.0,VILLA DE ALVAREZ,91.55,160.1,,1.0,5.2,35.71705847493037,91.55,160.1,5.2,35.71705847493037,35.71705847493037,Obesidad II,0,
2024_06010058,2024_06010058_01,Mujer,68.0,VILLA DE ALVAREZ,,,,1.0,5.5,,,,5.5,,,,0,
2024_06010062,2024_06010062_01,Mujer,59.0,VILLA DE ALVAREZ,74.05,151.4,,1.0,5.5,32.30526534380131,74.05,151.4,5.5,32.30526534380131,32.30526534380131,Obesidad I,0,
2024_06010063,2024_06010063_01,Mujer,74.0,VILLA DE ALVAREZ,,,,1.0,4.5,,,,4.5,,,,0,
2024_06010065,2024_06010065_01,Mujer,68.0,VILLA DE ALVAREZ,,,,1.0,7.1,,,,7.1,,,,1,
2024_06010080,2024_06010080_01,Mujer,60.0,VILLA DE ALVAREZ,,,,1.0,5.1,,,,5.1,,,,0,
2024_06010080,2024_06010080_02,Mujer,34.0,VILLA DE ALVAREZ,83.35,161.4,32.0,1.0,4.1,31.996210358864268,83.35,161.4,4.1,31.996210358864268,32.0,Obesidad I,0,32.0
2024_06010081,2024_06010081_03,Hombre,31.0,VILLA DE ALVAREZ,113.2,186.5,,1.0,5.7,32.54533562377362,113.2,186.5,5.7,32.54533562377362,32.54533562377362,Obesidad I,0,
2024_06010087,2024_06010087_01,Hombre,50.0,VILLA DE ALVAREZ,86.2,170.6,,1.0,4.6,29.617555582737435,86.2,170.6,4.6,29.617555582737435,29.617555582737435,Sobrepeso,0,
2024_06010087,2024_06010087_02,Mujer,44.0,VILLA DE ALVAREZ,75.9,157.0,,1.0,5.8,30.792324232220377,75.9,157.0,5.8,30.792324232220377,30.792324232220377,Obesidad I,0,
2024_06010093,2024_06010093_01,Hombre,48.0,VILLA DE ALVAREZ,81.55,166.9,,1.0,6.2,29.275969903369553,81.55,166.9,6.2,29.275969903369553,29.275969903369553,Sobrepeso,0,
2024_06010093,2024_06010093_02,Mujer,44.0,VILLA DE ALVAREZ,76.15,164.9,28.0,1.0,4.3,28.004549865934884,76.15,164.9,4.3,28.004549865934884,28.0,Sobrepeso,0,28.0
2024_07013004,2024_07013004_01,Mujer,36.0,BOCHIL,68.1,144.6,,1.0,4.4,32.56945759657489,68.1,144.6,4.4,32.56945759657489,32.56945759657489,Obesidad I,0,
2024_07013008,2024_07013008_01,Hombre,57.0,BOCHIL,68.95,155.0,,1.0,2.6,28.69927159209157,68.95,155.0,2.6,28.69927159209157,28.69927159209157,Sobrepeso,0,
2024_07013008,2024_07013008_03,Mujer,21.0,BOCHIL,42.65,145.2,,1.0,2.3,20.22953046619463,42.65,145.2,2.3,20.22953046619463,20.22953046619463,Normal,0,
2024_07013011,2024_07013011_01,Hombre,83.0,BOCHIL,,,,1.0,2.9,,,,2.9,,,,0,
2024_07013011,2024_07013011_03,Hombre,36.0,BOCHIL,57.2,156.8,,1.0,4.5,23.26504581424406,57.2,156.8,4.5,23.26504581424406,23.26504581424406,Normal,0,
2024_07013020,2024_07013020_01,Hombre,32.0,BOCHIL,75.4,168.2,,1.0,3.1,26.651359219320188,75.4,168.2,3.1,26.651359219320188,26.651359219320188,Sobrepeso,0,
2024_07013023,2024_07013023_01,Mujer,31.0,BOCHIL,57.95,151.0,,1.0,3.5,25.4155519494759,57.95,151.0,3.5,25.4155519494759,25.4155519494759,Sobrepeso,0,
2024_07013024,2024_07013024_01,Hombre,45.0,BOCHIL,71.2,159.6,,1.0,3.9,27.952085728104727,71.2,159.6,3.9,27.952085728104727,27.952085728104727,Sobrepeso,0,
2024_07013024,2024_07013024_02,Mujer,44.0,BOCHIL,44.8,136.0,,1.0,3.4,24.221453287197225,44.8,136.0,3.4,24.221453287197225,24.221453287197225,Normal,0,
2024_07013028,2024_07013028_01,Mujer,84.0,BOCHIL,,,,1.0,1.8,,,,1.8,,,,0,
2024_07013030,2024_07013030_01,Hombre,42.0,BOCHIL,58.85,159.0,,1.0,3.1,23.27835133103912,58.85,159.0,3.1,23.27835133103912,23.27835133103912,Normal,0,
2024_07013031,2024_07013031_01,Hombre,72.0,BOCHIL,,,,1.0,4.9,,,,4.9,,,,0,
2024_07013034,2024_07013034_02,Mujer,48.0,BOCHIL,67.3,138.5,,1.0,3.9,35.0845182395183,67.3,138.5,3.9,35.0845182395183,35.0845182395183,Obesidad II,0,
2024_07013034,2024_07013034_04,Hombre,22.0,BOCHIL,66.25,164.4,,1.0,5.7,24.512198009720517,66.25,164.4,5.7,24.512198009720517,24.512198009720517,Normal,0,
2024_07027015,2024_07027015_01,Mujer,40.0,CHIAPA DE CORZO,72.25,149.0,,1.0,3.8,32.54357911805774,72.25,149.0,3.8,32.54357911805774,32.54357911805774,Obesidad I,0,
2024_07027028,2024_07027028_01,Mujer,75.0,CHIAPA DE CORZO,,,,1.0,4.1,,,,4.1,,,,0,
2024_07031011,2024_07031011_01,Hombre,71.0,CHILON,,,,1.0,4.8,,,,4.8,,,,0,
2024_07031019,2024_07031019_02,Mujer,58.0,CHILON,70.25,141.6,,1.0,7.1,35.036427910242914,70.25,141.6,7.1,35.036427910242914,35.036427910242914,Obesidad II,1,
2024_07031019,2024_07031019_04,Mujer,,CHILON,55.05,146.8,,1.0,4.3,25.544959128065386,55.05,146.8,4.3,25.544959128065386,25.544959128065386,Sobrepeso,0,
2024_07031020,2024_07031020_02,Mujer,30.0,CHILON,65.55,149.4,,1.0,4.0,29.367805895603833,65.55,149.4,4.0,29.367805895603833,29.367805895603833,Sobrepeso,0,
2024_07031031,2024_07031031_02,Mujer,49.0,CHILON,57.1,147.3,,1.0,4.7,26.31665060475294,57.1,147.3,4.7,26.31665060475294,26.31665060475294,Sobrepeso,0,
2024_07031031,2024_07031031_03,Mujer,27.0,CHILON,66.3,150.0,,1.0,4.5,29.466666666666665,66.3,150.0,4.5,29.466666666666665,29.466666666666665,Sobrepeso,0,
2024_07031034,2024_07031034_01,Mujer,49.0,CHILON,76.0,150.5,,1.0,5.3,33.5537135351707,76.0,150.5,5.3,33.5537135351707,33.5537135351707,Obesidad I,0,
2024_07031034,2024_07031034_03,Mujer,27.0,CHILON,65.5,157.5,,1.0,5.5,26.404635928445455,65.5,157.5,5.5,26.404635928445455,26.404635928445455,Sobrepeso,0,
2024_07051004,2024_07051004_01,Mujer,24.0,MAPASTEPEC,53.35,145.3,,1.0,4.1,25.269880907101097,53.35,145.3,4.1,25.269880907101097,25.269880907101097,Sobrepeso,0,
2024_07051006,2024_07051006_01,Hombre,35.0,MAPASTEPEC,89.45,165.7,,1.0,2.6,32.5788183413102,89.45,165.7,2.6,32.5788183413102,32.5788183413102,Obesidad I,0,
2024_07051006,2024_07051006_02,Mujer,73.0,MAPASTEPEC,,,,1.0,4.8,,,,4.8,,,,0,
2024_07051007,2024_07051007_02,Mujer,32.0,MAPASTEPEC,61.4,147.4,,1.0,2.8,28.260081116558567,61.4,147.4,2.8,28.260081116558567,28.260081116558567,Sobrepeso,0,
2024_07051010,2024_07051010_01,Hombre,37.0,MAPASTEPEC,62.85,155.2,,1.0,5.0,26.092869858645987,62.85,155.2,5.0,26.092869858645987,26.092869858645987,Sobrepeso,0,
2024_07051012,2024_07051012_01,Mujer,41.0,MAPASTEPEC,61.7,148.6,,1.0,4.2,27.94136027780143,61.7,148.6,4.2,27.94136027780143,27.94136027780143,Sobrepeso,0,
2024_07051013,2024_07051013_01,Hombre,61.0,MAPASTEPEC,,,,1.0,5.9,,,,5.9,,,,0,
2024_07051013,2024_07051013_02,Mujer,34.0,MAPASTEPEC,59.2,153.4,,1.0,4.8,25.15770310170681,59.2,153.4,4.8,25.15770310170681,25.15770310170681,Sobrepeso,0,
2024_07051014,2024_07051014_02,Mujer,55.0,MAPASTEPEC,98.85,159.9,,1.0,5.4,38.66159313923922,98.85,159.9,5.4,38.66159313923922,38.66159313923922,Obesidad II,0,
2024_07051018,2024_07051018_02,Mujer,53.0,MAPASTEPEC,71.5,144.0,,1.0,4.8,34.48109567901235,71.5,144.0,4.8,34.48109567901235,34.48109567901235,Obesidad I,0,
2024_07051019,2024_07051019_01,Hombre,59.0,MAPASTEPEC,93.65,159.2,,1.0,3.4,36.95061362086817,93.65,159.2,3.4,36.95061362086817,36.95061362086817,Obesidad II,0,
2024_07051019,2024_07051019_03,Hombre,31.0,MAPASTEPEC,73.3,159.5,,1.0,4.9,28.812609938974656,73.3,159.5,4.9,28.812609938974656,28.812609938974656,Sobrepeso,0,
2024_07051026,2024_07051026_01,Mujer,39.0,MAPASTEPEC,78.4,149.2,,1.0,2.3,35.219113197104846,78.4,149.2,2.3,35.219113197104846,35.219113197104846,Obesidad II,0,
2024_07051030,2024_07051030_01,Mujer,65.0,MAPASTEPEC,,,,1.0,3.7,,,,3.7,,,,0,
2024_07051037,2024_07051037_02,Mujer,55.0,MAPASTEPEC,54.7,146.4,,1.0,3.6,25.52143987578011,54.7,146.4,3.6,25.52143987578011,25.52143987578011,Sobrepeso,0,
2024_07051037,2024_07051037_03,Hombre,32.0,MAPASTEPEC,66.45,156.0,,1.0,5.8,27.30522682445759,66.45,156.0,5.8,27.30522682445759,27.30522682445759,Sobrepeso,0,
2024_07051046,2024_07051046_01,Hombre,60.0,MAPASTEPEC,,,,1.0,4.5,,,,4.5,,,,0,
2024_07051050,2024_07051050_02,Mujer,30.0,MAPASTEPEC,43.85,146.2,,1.0,3.4,20.515157356169333,43.85,146.2,3.4,20.515157356169333,20.515157356169333,Normal,0,
2024_07061009,2024_07061009_01,Mujer,79.0,OCOZOCOAUTLA DE ESPINOSA,,,,1.0,3.8,,,,3.8,,,,0,
2024_07061015,2024_07061015_02,Mujer,45.0,OCOZOCOAUTLA DE ESPINOSA,70.05,155.3,,1.0,2.3,29.04458852255713,70.05,155.3,2.3,29.04458852255713,29.04458852255713,Sobrepeso,0,
2024_07061016,2024_07061016_01,Hombre,61.0,OCOZOCOAUTLA DE ESPINOSA,,,,1.0,3.8,,,,3.8,,,,0,
2024_07078005,2024_07078005_02,Mujer,33.0,SAN CRISTOBAL DE LAS CASAS,60.4,151.2,,1.0,3.8,26.420033033789654,60.4,151.2,3.8,26.420033033789654,26.420033033789654,Sobrepeso,0,
2024_07078009,2024_07078009_02,Mujer,49.0,SAN CRISTOBAL DE LAS CASAS,60.7,158.6,,1.0,4.7,24.131389252427855,60.7,158.6,4.7,24.131389252427855,24.131389252427855,Normal,0,
2024_07078009,2024_07078009_03,Mujer,25.0,SAN CRISTOBAL DE LAS CASAS,46.3,156.8,,1.0,3.3,18.83167169929196,46.3,156.8,3.3,18.83167169929196,18.83167169929196,Normal,0,
2024_07078015,2024_07078015_01,Mujer,38.0,SAN CRISTOBAL DE LAS CASAS,54.35,149.4,,1.0,4.9,24.34996568155711,54.35,149.4,4.9,24.34996568155711,24.34996568155711,Normal,0,
2024_07078020,2024_07078020_01,Mujer,61.0,SAN CRISTOBAL DE LAS CASAS,,,34.0,1.0,4.6,,,,4.6,,34.0,Obesidad I,0,34.0
2024_07078021,2024_07078021_01,Mujer,78.0,SAN CRISTOBAL DE LAS CASAS,,,,1.0,4.7,,,,4.7,,,,0,
2024_07078034,2024_07078034_01,Mujer,47.0,SAN CRISTOBAL DE LAS CASAS,71.1,156.5,,1.0,4.2,29.029590993069238,71.1,156.5,4.2,29.029590993069238,29.029590993069238,Sobrepeso,0,
2024_07078038,2024_07078038_02,Mujer,46.0,SAN CRISTOBAL DE LAS CASAS,73.45,151.1,,1.0,4.7,32.17087486821768,73.45,151.1,4.7,32.17087486821768,32.17087486821768,Obesidad I,0,
2024_07083022,2024_07083022_01,Hombre,37.0,SOCOLTENANGO,79.85,167.2,,1.0,5.2,28.56290492433781,79.85,167.2,5.2,28.56290492433781,28.56290492433781,Sobrepeso,0,
2024_07083023,2024_07083023_02,Hombre,60.0,SOCOLTENANGO,70.1,161.3,,1.0,4.8,26.94320671819826,70.1,161.3,4.8,26.94320671819826,26.94320671819826,Sobrepeso,0,
2024_07083023,2024_07083023_03,Mujer,30.0,SOCOLTENANGO,113.85,166.5,,1.0,5.5,41.068095122149174,113.85,166.5,5.5,41.068095122149174,41.068095122149174,Obesidad III,0,
2024_07083025,2024_07083025_01,Hombre,63.0,SOCOLTENANGO,,,,1.0,5.5,,,,5.5,,,,0,
2024_07083031,2024_07083031_01,Hombre,79.0,SOCOLTENANGO,,,,1.0,4.9,,,,4.9,,,,0,
2024_07083031,2024_07083031_03,Hombre,42.0,SOCOLTENANGO,85.2,158.5,,1.0,8.0,33.91415975877957,85.2,158.5,8.0,33.91415975877957,33.91415975877957,Obesidad I,1,
2024_07083036,2024_07083036_02,Mujer,39.0,SOCOLTENANGO,89.85,158.2,,1.0,4.1,35.900882398538556,89.85,158.2,4.1,35.900882398538556,35.900882398538556,Obesidad II,0,
2024_07094001,2024_07094001_01,Hombre,38.0,TEOPISCA,69.85,158.5,,1.0,5.9,27.804038252943105,69.85,158.5,5.9,27.804038252943105,27.804038252943105,Sobrepeso,0,
2024_07094005,2024_07094005_01,Hombre,68.0,TEOPISCA,,,,1.0,7.2,,,,7.2,,,,1,
2024_07094005,2024_07094005_03,Mujer,32.0,TEOPISCA,70.5,157.8,,1.0,5.6,28.312297898384145,70.5,157.8,5.6,28.312297898384145,28.312297898384145,Sobrepeso,0,
2024_07094009,2024_07094009_01,Mujer,61.0,TEOPISCA,,,,1.0,5.4,,,,5.4,,,,0,
2024_07094013,2024_07094013_01,Hombre,45.0,TEOPISCA,61.45,155.0,,1.0,5.1,25.57752341311134,61.45,155.0,5.1,25.57752341311134,25.57752341311134,Sobrepeso,0,
2024_07094013,2024_07094013_03,Hombre,85.0,TEOPISCA,,,,1.0,7.4,,,,7.4,,,,1,
2024_07094014,2024_07094014_01,Mujer,56.0,TEOPISCA,104.4,149.3,,1.0,6.1,46.83611710644315,104.4,149.3,6.1,46.83611710644315,46.83611710644315,Obesidad III,1,
2024_07094023,2024_07094023_02,Mujer,38.0,TEOPISCA,50.75,145.6,,1.0,4.2,23.939401944209635,50.75,145.6,4.2,23.939401944209635,23.939401944209635,Normal,0,
2024_07094024,2024_07094024_02,Mujer,38.0,TEOPISCA,50.35,139.0,,1.0,4.1,26.05972775736246,50.35,139.0,4.1,26.05972775736246,26.05972775736246,Sobrepeso,0,
2024_07101011,2024_07101011_02,Mujer,46.0,TUXTLA GUTIERREZ,65.1,153.5,,1.0,4.1,27.628940360109922,65.1,153.5,4.1,27.628940360109922,27.628940360109922,Sobrepeso,0,
2024_07101011,2024_07101011_03,Hombre,25.0,TUXTLA GUTIERREZ,75.4,171.1,,1.0,3.9,25.755579550069843,75.4,171.1,3.9,25.755579550069843,25.755579550069843,Sobrepeso,0,
2024_07103002,2024_07103002_01,Hombre,74.0,TUZANTLAN,,,,1.0,5.8,,,,5.8,,,,0,
2024_07103007,2024_07103007_02,Mujer,39.0,TUZANTLAN,51.4,147.5,,1.0,4.1,23.625395001436367,51.4,147.5,4.1,23.625395001436367,23.625395001436367,Normal,0,
2024_07103018,2024_07103018_02,Mujer,48.0,TUZANTLAN,85.95,150.3,,1.0,6.1,38.04765718064868,85.95,150.3,6.1,38.04765718064868,38.04765718064868,Obesidad II,1,
2024_07103019,2024_07103019_01,Hombre,67.0,TUZANTLAN,,,,1.0,4.4,,,,4.4,,,,0,
2024_07103019,2024_07103019_03,Mujer,28.0,TUZANTLAN,63.1,142.3,,1.0,5.8,31.161586406239426,63.1,142.3,5.8,31.161586406239426,31.161586406239426,Obesidad I,0,
2024_07103023,2024_07103023_01,Hombre,51.0,TUZANTLAN,69.1,165.8,,1.0,5.3,25.136742423691246,69.1,165.8,5.3,25.136742423691246,25.136742423691246,Sobrepeso,0,
2024_07103023,2024_07103023_03,Hombre,32.0,TUZANTLAN,73.6,164.7,,1.0,7.5,27.132550249593663,73.6,164.7,7.5,27.132550249593663,27.132550249593663,Sobrepeso,1,
2024_07103025,2024_07103025_01,Mujer,38.0,TUZANTLAN,85.9,159.8,,1.0,3.9,33.63873176890387,85.9,159.8,3.9,33.63873176890387,33.63873176890387,Obesidad I,0,
2024_07103026,2024_07103026_01,Hombre,48.0,TUZANTLAN,72.0,160.0,,1.0,6.6,28.124999999999993,72.0,160.0,6.6,28.124999999999993,28.124999999999993,Sobrepeso,0,
2024_07103027,2024_07103027_01,Hombre,51.0,TUZANTLAN,75.15,160.8,,1.0,4.7,29.06410113611049,75.15,160.8,4.7,29.06410113611049,29.06410113611049,Sobrepeso,0,
2024_07103027,2024_07103027_04,Mujer,24.0,TUZANTLAN,45.8,142.5,,1.0,3.0,22.55463219452139,45.8,142.5,3.0,22.55463219452139,22.55463219452139,Normal,0,
2024_07103030,2024_07103030_01,Mujer,59.0,TUZANTLAN,84.7,145.5,,1.0,5.2,40.008974858586924,84.7,145.5,5.2,40.008974858586924,40.008974858586924,Obesidad III,0,
2024_07103032,2024_07103032_02,Mujer,64.0,TUZANTLAN,,,,1.0,4.3,,,,4.3,,,,0,
2024_07103032,2024_07103032_04,Mujer,23.0,TUZANTLAN,65.75,151.5,,1.0,6.8,28.64642899933558,65.75,151.5,6.8,28.64642899933558,28.64642899933558,Sobrepeso,1,
2024_07103035,2024_07103035_01,Hombre,49.0,TUZANTLAN,90.8,157.5,,1.0,6.3,36.60367850844042,90.8,157.5,6.3,36.60367850844042,36.60367850844042,Obesidad II,0,
2024_07115002,2024_07115002_02,Mujer,48.0,MARAVILLA TENEJAPA,55.55,159.5,,1.0,2.6,21.835477245703167,55.55,159.5,2.6,21.835477245703167,21.835477245703167,Normal,0,
2024_07115005,2024_07115005_01,Hombre,51.0,MARAVILLA TENEJAPA,77.95,161.1,,1.0,4.9,30.03482035555525,77.95,161.1,4.9,30.03482035555525,30.03482035555525,Obesidad I,0,
2024_07115005,2024_07115005_02,Mujer,34.0,MARAVILLA TENEJAPA,68.55,140.8,,1.0,3.6,34.57818149535123,68.55,140.8,3.6,34.57818149535123,34.57818149535123,Obesidad I,0,
2024_07115007,2024_07115007_01,Hombre,46.0,MARAVILLA TENEJAPA,113.15,157.9,,1.0,4.5,45.38269665868643,113.15,157.9,4.5,45.38269665868643,45.38269665868643,Obesidad III,0,
2024_07115007,2024_07115007_02,Mujer,44.0,MARAVILLA TENEJAPA,47.3,147.3,,1.0,3.9,21.799957506213907,47.3,147.3,3.9,21.799957506213907,21.799957506213907,Normal,0,
2024_07115018,2024_07115018_01,Hombre,68.0,MARAVILLA TENEJAPA,,,,1.0,5.0,,,,5.0,,,,0,
2024_07115018,2024_07115018_03,Hombre,40.0,MARAVILLA TENEJAPA,119.95,171.5,,1.0,7.8,40.78232709160299,119.95,171.5,7.8,40.78232709160299,40.78232709160299,Obesidad III,1,
2024_07115020,2024_07115020_01,Hombre,48.0,MARAVILLA TENEJAPA,73.35,169.4,,1.0,5.2,25.56073313827956,73.35,169.4,5.2,25.56073313827956,25.56073313827956,Sobrepeso,0,
2024_07115021,2024_07115021_02,Mujer,30.0,MARAVILLA TENEJAPA,56.35,154.7,,1.0,3.8,23.545791445711597,56.35,154.7,3.8,23.545791445711597,23.545791445711597,Normal,0,
2024_08004011,2024_08004011_02,Hombre,36.0,AQUILES SERDAN,107.0,172.9,,1.0,4.7,35.79264484564171,107.0,172.9,4.7,35.79264484564171,35.79264484564171,Obesidad II,0,
2024_08004012,2024_08004012_02,Mujer,32.0,AQUILES SERDAN,91.8,154.5,,1.0,5.4,38.45791309265718,91.8,154.5,5.4,38.45791309265718,38.45791309265718,Obesidad II,0,
2024_08004021,2024_08004021_01,Mujer,36.0,AQUILES SERDAN,57.35,155.6,,1.0,4.9,23.6872278137205,57.35,155.6,4.9,23.6872278137205,23.6872278137205,Normal,0,
2024_08017007,2024_08017007_04,Hombre,37.0,CUAUHTEMOC,67.55,157.7,,1.0,6.0,27.162013873335347,67.55,157.7,6.0,27.162013873335347,27.162013873335347,Sobrepeso,0,
2024_08017009,2024_08017009_01,Hombre,30.0,CUAUHTEMOC,68.3,156.4,,1.0,6.1,27.922043942674364,68.3,156.4,6.1,27.922043942674364,27.922043942674364,Sobrepeso,0,
2024_08019009,2024_08019009_01,Mujer,82.0,CHIHUAHUA,,,,1.0,5.8,,,,5.8,,,,0,
2024_08019013,2024_08019013_01,Mujer,66.0,CHIHUAHUA,,,,1.0,5.4,,,,5.4,,,,0,
2024_08019014,2024_08019014_01,Mujer,61.0,CHIHUAHUA,,,,1.0,4.8,,,,4.8,,,,0,
2024_08019019,2024_08019019_02,Mujer,61.0,CHIHUAHUA,,,30.0,1.0,4.5,,,,4.5,,30.0,Obesidad I,0,30.0
2024_08019021,2024_08019021_01,Hombre,61.0,CHIHUAHUA,,,,1.0,4.7,,,,4.7,,,,0,
2024_08019055,2024_08019055_01,Hombre,28.0,CHIHUAHUA,104.7,177.3,,1.0,9.2,33.30651633880266,104.7,177.3,9.2,33.30651633880266,33.30651633880266,Obesidad I,1,
2024_08019079,2024_08019079_01,Hombre,49.0,CHIHUAHUA,98.65,176.5,,1.0,4.4,31.667054546621838,98.65,176.5,4.4,31.667054546621838,31.667054546621838,Obesidad I,0,
2024_08019079,2024_08019079_02,Mujer,44.0,CHIHUAHUA,90.3,165.5,,1.0,3.7,32.967935670539696,90.3,165.5,3.7,32.967935670539696,32.967935670539696,Obesidad I,0,
2024_08019081,2024_08019081_01,Hombre,39.0,CHIHUAHUA,66.8,159.6,,1.0,6.6,26.224709643783648,66.8,159.6,6.6,26.224709643783648,26.224709643783648,Sobrepeso,0,
2024_08025001,2024_08025001_01,Mujer,51.0,GOMEZ FARIAS,82.35,160.8,,1.0,5.3,31.84868567609712,82.35,160.8,5.3,31.84868567609712,31.84868567609712,Obesidad I,0,
2024_08025002,2024_08025002_02,Mujer,79.0,GOMEZ FARIAS,,,,1.0,7.4,,,,7.4,,,,1,
2024_08025005,2024_08025005_01,Mujer,73.0,GOMEZ FARIAS,,,,1.0,5.1,,,,5.1,,,,0,
2024_08025006,2024_08025006_02,Mujer,67.0,GOMEZ FARIAS,,,,1.0,5.3,,,,5.3,,,,0,
2024_08025008,2024_08025008_01,Hombre,72.0,GOMEZ FARIAS,,,,1.0,4.9,,,,4.9,,,,0,
2024_08025022,2024_08025022_01,Hombre,75.0,GOMEZ FARIAS,,,,1.0,5.6,,,,5.6,,,,0,
2024_08025025,2024_08025025_02,Mujer,24.0,GOMEZ FARIAS,90.25,158.4,,1.0,5.3,35.969703346597285,90.25,158.4,5.3,35.969703346597285,35.969703346597285,Obesidad II,0,
2024_08025030,2024_08025030_01,Mujer,74.0,GOMEZ FARIAS,,,,1.0,3.4,,,,3.4,,,,0,
2024_08025032,2024_08025032_01,Mujer,64.0,GOMEZ FARIAS,,,,1.0,7.1,,,,7.1,,,,1,
2024_08036010,2024_08036010_01,Hombre,62.0,JIMENEZ,,,,1.0,6.9,,,,6.9,,,,0,
2024_08036018,2024_08036018_02,Mujer,29.0,JIMENEZ,74.35,161.9,,1.0,4.3,28.365293089588924,74.35,161.9,4.3,28.365293089588924,28.365293089588924,Sobrepeso,0,
2024_08036021,2024_08036021_01,Mujer,73.0,JIMENEZ,,,,1.0,8.5,,,,8.5,,,,1,
2024_08036026,2024_08036026_01,Hombre,62.0,JIMENEZ,,,,1.0,5.5,,,,5.5,,,,0,
2024_08036026,2024_08036026_02,Hombre,32.0,JIMENEZ,69.9,168.3,,1.0,5.8,24.67794226208822,69.9,168.3,5.8,24.67794226208822,24.67794226208822,Normal,0,
2024_08037001,2024_08037001_02,Mujer,72.0,JUAREZ,,,,1.0,4.4,,,,4.4,,,,0,
2024_08037006,2024_08037006_04,Mujer,29.0,JUAREZ,88.45,163.9,,1.0,4.0,32.92607249840954,88.45,163.9,4.0,32.92607249840954,32.92607249840954,Obesidad I,0,
2024_08037015,2024_08037015_03,Hombre,42.0,JUAREZ,64.75,162.5,,1.0,4.9,24.5207100591716,64.75,162.5,4.9,24.5207100591716,24.5207100591716,Normal,0,
2024_08037024,2024_08037024_02,Mujer,72.0,JUAREZ,,,,1.0,5.6,,,,5.6,,,,0,
2024_08037047,2024_08037047_02,Mujer,63.0,JUAREZ,,,,1.0,4.7,,,,4.7,,,,0,
2024_08037059,2024_08037059_01,Mujer,36.0,JUAREZ,73.95,153.0,,1.0,3.1,31.59041394335512,73.95,153.0,3.1,31.59041394335512,31.59041394335512,Obesidad I,0,
2024_08037063,2024_08037063_01,Hombre,69.0,JUAREZ,,,,1.0,4.3,,,,4.3,,,,0,
2024_08037073,2024_08037073_01,Mujer,54.0,JUAREZ,78.1,148.5,,1.0,5.9,35.41588726773911,78.1,148.5,5.9,35.41588726773911,35.41588726773911,Obesidad II,0,
2024_08037084,2024_08037084_02,Mujer,50.0,JUAREZ,105.15,162.5,,1.0,4.1,39.82011834319527,105.15,162.5,4.1,39.82011834319527,39.82011834319527,Obesidad II,0,
2024_08037084,2024_08037084_03,Hombre,34.0,JUAREZ,104.15,175.5,,1.0,4.2,33.814660595287386,104.15,175.5,4.2,33.814660595287386,33.814660595287386,Obesidad I,0,
2024_08037092,2024_08037092_01,Mujer,51.0,JUAREZ,61.2,145.4,,1.0,8.7,28.94826963137312,61.2,145.4,8.7,28.94826963137312,28.94826963137312,Sobrepeso,1,
2024_08037092,2024_08037092_03,Hombre,21.0,JUAREZ,97.3,163.3,,1.0,6.9,36.487194419746736,97.3,163.3,6.9,36.487194419746736,36.487194419746736,Obesidad II,0,
2024_08037094,2024_08037094_01,Hombre,80.0,JUAREZ,,,,1.0,3.3,,,,3.3,,,,0,
2024_08037096,2024_08037096_01,Mujer,43.0,JUAREZ,94.5,154.9,,1.0,4.8,39.38482979710352,94.5,154.9,4.8,39.38482979710352,39.38482979710352,Obesidad II,0,
2024_08037096,2024_08037096_02,Mujer,64.0,JUAREZ,,,,1.0,2.7,,,,2.7,,,,0,
2024_08037101,2024_08037101_01,Mujer,53.0,JUAREZ,77.15,149.0,,1.0,4.1,34.75068690599523,77.15,149.0,4.1,34.75068690599523,34.75068690599523,Obesidad I,0,
2024_08037101,2024_08037101_02,Mujer,34.0,JUAREZ,50.5,147.0,,1.0,3.0,23.3698921745569,50.5,147.0,3.0,23.3698921745569,23.3698921745569,Normal,0,
2024_08037108,2024_08037108_01,Hombre,54.0,JUAREZ,73.0,166.8,,1.0,4.8,26.238002403832322,73.0,166.8,4.8,26.238002403832322,26.238002403832322,Sobrepeso,0,
2024_08037108,2024_08037108_03,Hombre,27.0,JUAREZ,90.0,173.8,,1.0,5.0,29.794970873760686,90.0,173.8,5.0,29.794970873760686,29.794970873760686,Sobrepeso,0,
2024_08037122,2024_08037122_01,Mujer,47.0,JUAREZ,105.8,164.3,,1.0,5.3,39.193183497817515,105.8,164.3,5.3,39.193183497817515,39.193183497817515,Obesidad II,0,
2024_08037122,2024_08037122_02,Hombre,28.0,JUAREZ,78.1,177.2,,1.0,4.3,24.872738205035443,78.1,177.2,4.3,24.872738205035443,24.872738205035443,Normal,0,
2024_08037124,2024_08037124_01,Hombre,53.0,JUAREZ,86.05,169.6,,1.0,4.1,29.915700649697403,86.05,169.6,4.1,29.915700649697403,29.915700649697403,Sobrepeso,0,
2024_08037124,2024_08037124_03,Mujer,25.0,JUAREZ,108.25,158.9,,1.0,4.2,42.872628490158704,108.25,158.9,4.2,42.872628490158704,42.872628490158704,Obesidad III,0,
2024_08037130,2024_08037130_01,Hombre,54.0,JUAREZ,90.7,190.0,,1.0,4.9,25.12465373961219,90.7,190.0,4.9,25.12465373961219,25.12465373961219,Sobrepeso,0,
2024_09002020,2024_09002020_01,Mujer,84.0,AZCAPOTZALCO,,,,1.0,2.9,,,,2.9,,,,0,
2024_09002027,2024_09002027_01,Hombre,56.0,AZCAPOTZALCO,108.0,178.4,,1.0,5.5,33.93392185646202,108.0,178.4,5.5,33.93392185646202,33.93392185646202,Obesidad I,0,
2024_09002027,2024_09002027_03,Hombre,26.0,AZCAPOTZALCO,78.5,177.5,,1.0,5.2,24.915691331085103,78.5,177.5,5.2,24.915691331085103,24.915691331085103,Normal,0,
2024_09003012,2024_09003012_02,Mujer,74.0,COYOACAN,,,,1.0,4.1,,,,4.1,,,,0,
2024_09003021,2024_09003021_01,Hombre,80.0,COYOACAN,,,,1.0,4.8,,,,4.8,,,,0,
2024_09003021,2024_09003021_02,Mujer,42.0,COYOACAN,97.75,158.4,,1.0,2.4,38.958875369860216,97.75,158.4,2.4,38.958875369860216,38.958875369860216,Obesidad II,0,
2024_09003029,2024_09003029_01,Hombre,69.0,COYOACAN,,,,1.0,5.1,,,,5.1,,,,0,
2024_09003029,2024_09003029_03,Hombre,39.0,COYOACAN,88.6,166.6,,1.0,5.4,31.92153211824946,88.6,166.6,5.4,31.92153211824946,31.92153211824946,Obesidad I,0,
2024_09005010,2024_09005010_01,Mujer,53.0,GUSTAVO A. MADERO,88.4,162.0,,1.0,5.4,33.683889650967835,88.4,162.0,5.4,33.683889650967835,33.683889650967835,Obesidad I,0,
2024_09005029,2024_09005029_02,Mujer,65.0,GUSTAVO A. MADERO,,,,1.0,3.2,,,,3.2,,,,0,
2024_09006003,2024_09006003_01,Mujer,79.0,IZTACALCO,,,,1.0,9.2,,,,9.2,,,,1,
2024_09006010,2024_09006010_01,Hombre,42.0,IZTACALCO,71.6,165.5,,1.0,3.9,26.140688748733577,71.6,165.5,3.9,26.140688748733577,26.140688748733577,Sobrepeso,0,
2024_09006013,2024_09006013_01,Mujer,25.0,IZTACALCO,64.95,153.6,,1.0,5.2,27.529398600260418,64.95,153.6,5.2,27.529398600260418,27.529398600260418,Sobrepeso,0,
2024_09006027,2024_09006027_02,Hombre,67.0,IZTACALCO,,,,1.0,4.6,,,,4.6,,,,0,
2024_09006027,2024_09006027_03,Hombre,,IZTACALCO,79.9,167.8,,1.0,3.5,28.376763869809253,79.9,167.8,3.5,28.376763869809253,28.376763869809253,Sobrepeso,0,
2024_09006029,2024_09006029_01,Hombre,59.0,IZTACALCO,68.4,161.0,,1.0,5.5,26.387870838316424,68.4,161.0,5.5,26.387870838316424,26.387870838316424,Sobrepeso,0,
2024_09006029,2024_09006029_03,Hombre,26.0,IZTACALCO,65.45,163.5,,1.0,5.1,24.483535804131716,65.45,163.5,5.1,24.483535804131716,24.483535804131716,Normal,0,
2024_09007002,2024_09007002_03,Mujer,23.0,IZTAPALAPA,87.0,152.3,,1.0,5.5,37.50761469246557,87.0,152.3,5.5,37.50761469246557,37.50761469246557,Obesidad II,0,
2024_09007003,2024_09007003_02,Mujer,32.0,IZTAPALAPA,81.2,163.7,,1.0,3.5,30.301119238262707,81.2,163.7,3.5,30.301119238262707,30.301119238262707,Obesidad I,0,
2024_09007019,2024_09007019_01,Hombre,41.0,IZTAPALAPA,79.65,167.3,,1.0,6.1,28.457313493839965,79.65,167.3,6.1,28.457313493839965,28.457313493839965,Sobrepeso,0,
2024_09007028,2024_09007028_02,Mujer,45.0,IZTAPALAPA,74.1,145.0,,1.0,4.6,35.24375743162901,74.1,145.0,4.6,35.24375743162901,35.24375743162901,Obesidad II,0,
2024_09007032,2024_09007032_01,Mujer,33.0,IZTAPALAPA,74.95,158.8,,1.0,4.9,29.721494330907493,74.95,158.8,4.9,29.721494330907493,29.721494330907493,Sobrepeso,0,
2024_09007036,2024_09007036_02,Mujer,73.0,IZTAPALAPA,,,,1.0,3.0,,,,3.0,,,,0,
2024_09007036,2024_09007036_05,Hombre,36.0,IZTAPALAPA,97.3,157.8,,1.0,5.3,39.074987028550034,97.3,157.8,5.3,39.074987028550034,39.074987028550034,Obesidad II,0,
2024_09007042,2024_09007042_01,Hombre,35.0,IZTAPALAPA,75.5,159.3,,1.0,5.7,29.75194757036926,75.5,159.3,5.7,29.75194757036926,29.75194757036926,Sobrepeso,0,
2024_09007055,2024_09007055_01,Hombre,84.0,IZTAPALAPA,,,,1.0,5.4,,,,5.4,,,,0,
2024_09007059,2024_09007059_01,Hombre,46.0,IZTAPALAPA,71.9,164.5,,1.0,5.2,26.570338411507656,71.9,164.5,5.2,26.570338411507656,26.570338411507656,Sobrepeso,0,
2024_09007059,2024_09007059_02,Mujer,40.0,IZTAPALAPA,57.0,150.2,,1.0,4.9,25.265912649091053,57.0,150.2,4.9,25.265912649091053,25.265912649091053,Sobrepeso,0,
2024_09007070,2024_09007070_01,Hombre,75.0,IZTAPALAPA,,,,1.0,4.5,,,,4.5,,,,0,
2024_09007075,2024_09007075_01,Hombre,37.0,IZTAPALAPA,67.65,164.9,,1.0,5.4,24.878631627452332,67.65,164.9,5.4,24.878631627452332,24.878631627452332,Normal,0,
2024_09007076,2024_09007076_02,Hombre,51.0,IZTAPALAPA,70.65,172.5,,1.0,4.2,23.742911153119092,70.65,172.5,4.2,23.742911153119092,23.742911153119092,Normal,0,
2024_09007078,2024_09007078_02,Mujer,50.0,IZTAPALAPA,66.7,157.8,,1.0,3.5,26.786244962017342,66.7,157.8,3.5,26.786244962017342,26.786244962017342,Sobrepeso,0,
2024_09007078,2024_09007078_03,Mujer,23.0,IZTAPALAPA,82.15,162.0,,1.0,4.7,31.302392927907327,82.15,162.0,4.7,31.302392927907327,31.302392927907327,Obesidad I,0,
2024_09009003,2024_09009003_02,Mujer,48.0,MILPA ALTA,69.8,149.2,,1.0,3.5,31.3557921066061,69.8,149.2,3.5,31.3557921066061,31.3557921066061,Obesidad I,0,
2024_09009003,2024_09009003_04,Mujer,22.0,MILPA ALTA,96.15,162.4,,1.0,4.6,36.45669028610255,96.15,162.4,4.6,36.45669028610255,36.45669028610255,Obesidad II,0,
2024_09009004,2024_09009004_01,Mujer,77.0,MILPA ALTA,,,,1.0,3.7,,,,3.7,,,,0,
2024_09009022,2024_09009022_01,Hombre,75.0,MILPA ALTA,,,,1.0,3.7,,,,3.7,,,,0,
2024_09011001,2024_09011001_01,Hombre,54.0,TLAHUAC,81.7,171.9,,1.0,5.9,27.64841904850859,81.7,171.9,5.9,27.64841904850859,27.64841904850859,Sobrepeso,0,
2024_09011017,2024_09011017_05,Mujer,25.0,TLAHUAC,86.3,172.7,,1.0,3.8,28.935175483624807,86.3,172.7,3.8,28.935175483624807,28.935175483624807,Sobrepeso,0,
2024_09011020,2024_09011020_03,Mujer,20.0,TLAHUAC,46.1,161.8,,1.0,3.6,17.60937292297255,46.1,161.8,3.6,17.60937292297255,17.60937292297255,Bajo peso,0,
2024_09011021,2024_09011021_02,Mujer,57.0,TLAHUAC,55.5,150.2,,1.0,4.9,24.601020210957078,55.5,150.2,4.9,24.601020210957078,24.601020210957078,Normal,0,
2024_09011021,2024_09011021_05,Mujer,25.0,TLAHUAC,58.5,150.4,,1.0,4.8,25.86188603440471,58.5,150.4,4.8,25.86188603440471,25.86188603440471,Sobrepeso,0,
2024_09012010,2024_09012010_02,Mujer,35.0,TLALPAN,96.45,160.2,,1.0,5.2,37.5817681082168,96.45,160.2,5.2,37.5817681082168,37.5817681082168,Obesidad II,0,
2024_09012013,2024_09012013_03,Mujer,46.0,TLALPAN,63.15,162.5,,1.0,3.9,23.914792899408283,63.15,162.5,3.9,23.914792899408283,23.914792899408283,Normal,0,
2024_09012023,2024_09012023_02,Mujer,63.0,TLALPAN,,,,1.0,4.1,,,,4.1,,,,0,
2024_10005001,2024_10005001_01,Hombre,56.0,DURANGO,91.6,175.7,,1.0,3.5,29.672350519865414,91.6,175.7,3.5,29.672350519865414,29.672350519865414,Sobrepeso,0,
2024_10005005,2024_10005005_01,Hombre,58.0,DURANGO,63.05,158.5,,1.0,4.9,25.09727432853347,63.05,158.5,4.9,25.09727432853347,25.09727432853347,Sobrepeso,0,
2024_10005053,2024_10005053_02,Mujer,39.0,DURANGO,88.95,160.6,,1.0,4.0,34.48695660265289,88.95,160.6,4.0,34.48695660265289,34.48695660265289,Obesidad I,0,
2024_10005054,2024_10005054_02,Mujer,51.0,DURANGO,83.1,156.2,,1.0,3.9,34.05955462726306,83.1,156.2,3.9,34.05955462726306,34.05955462726306,Obesidad I,0,
2024_10005054,2024_10005054_03,Hombre,27.0,DURANGO,81.25,175.5,,1.0,5.8,26.379656009285643,81.25,175.5,5.8,26.379656009285643,26.379656009285643,Sobrepeso,0,
2024_10005056,2024_10005056_02,Hombre,47.0,DURANGO,84.3,172.1,,1.0,5.1,28.462027502489164,84.3,172.1,5.1,28.462027502489164,28.462027502489164,Sobrepeso,0,
2024_10005077,2024_10005077_02,Mujer,66.0,DURANGO,,,,1.0,6.6,,,,6.6,,,,1,
2024_10005081,2024_10005081_02,Mujer,24.0,DURANGO,63.75,159.7,25.0,1.0,3.0,24.995990839116395,63.75,159.7,3.0,24.995990839116395,25.0,Sobrepeso,0,25.0
2024_10005084,2024_10005084_02,Mujer,49.0,DURANGO,68.0,157.0,,1.0,4.8,27.587326057852245,68.0,157.0,4.8,27.587326057852245,27.587326057852245,Sobrepeso,0,
2024_10005085,2024_10005085_02,Mujer,65.0,DURANGO,,,,1.0,2.7,,,,2.7,,,,0,
2024_10005089,2024_10005089_01,Hombre,57.0,DURANGO,101.05,164.1,,1.0,6.9,37.524866490572734,101.05,164.1,6.9,37.524866490572734,37.524866490572734,Obesidad II,0,
2024_10005092,2024_10005092_01,Mujer,63.0,DURANGO,,,,1.0,2.5,,,,2.5,,,,0,
2024_10005103,2024_10005103_02,Mujer,52.0,DURANGO,60.35,156.1,,1.0,3.6,24.76688960287206,60.35,156.1,3.6,24.76688960287206,24.76688960287206,Normal,0,
2024_10005110,2024_10005110_01,Mujer,66.0,DURANGO,,,,1.0,5.6,,,,5.6,,,,0,
2024_10005129,2024_10005129_01,Mujer,52.0,DURANGO,81.65,146.5,,1.0,4.3,38.04354156717026,81.65,146.5,4.3,38.04354156717026,38.04354156717026,Obesidad II,0,
2024_10005129,2024_10005129_02,Mujer,28.0,DURANGO,110.6,157.2,,1.0,3.9,44.75587410731051,110.6,157.2,3.9,44.75587410731051,44.75587410731051,Obesidad III,0,
2024_10005130,2024_10005130_02,Mujer,86.0,DURANGO,,,,1.0,10.5,,,,10.5,,,,1,
2024_10005139,2024_10005139_01,Hombre,68.0,DURANGO,,,,1.0,6.6,,,,6.6,,,,0,
2024_10005139,2024_10005139_03,Hombre,21.0,DURANGO,68.75,170.7,,1.0,7.0,23.594221938062,68.75,170.7,7.0,23.594221938062,23.594221938062,Normal,0,
2024_10005140,2024_10005140_02,Mujer,34.0,DURANGO,60.9,154.4,,1.0,3.8,25.54598781175333,60.9,154.4,3.8,25.54598781175333,25.54598781175333,Sobrepeso,0,
2024_10005162,2024_10005162_01,Hombre,48.0,DURANGO,99.3,170.0,,1.0,5.4,34.359861591695505,99.3,170.0,5.4,34.359861591695505,34.359861591695505,Obesidad I,0,
2024_10005162,2024_10005162_03,Mujer,22.0,DURANGO,95.55,158.5,,1.0,2.8,38.034013673138354,95.55,158.5,2.8,38.034013673138354,38.034013673138354,Obesidad II,0,
2024_10006003,2024_10006003_02,Mujer,43.0,GENERAL SIMN BOLVAR,89.4,155.7,,1.0,4.9,36.877399970052586,89.4,155.7,4.9,36.877399970052586,36.877399970052586,Obesidad II,0,
2024_10006007,2024_10006007_01,Mujer,65.0,GENERAL SIMN BOLVAR,,,,1.0,8.5,,,,8.5,,,,1,
2024_10006007,2024_10006007_02,Mujer,31.0,GENERAL SIMN BOLVAR,117.55,153.5,,1.0,4.8,49.88912349202644,117.55,153.5,4.8,49.88912349202644,49.88912349202644,Obesidad III,0,
2024_10006019,2024_10006019_02,Mujer,77.0,GENERAL SIMN BOLVAR,,,,1.0,4.9,,,,4.9,,,,0,
2024_10006033,2024_10006033_01,Hombre,84.0,GENERAL SIMN BOLVAR,,,,1.0,4.8,,,,4.8,,,,0,
2024_10007005,2024_10007005_01,Hombre,52.0,GMEZ PALACIO,78.75,161.1,,1.0,5.2,30.34306738935184,78.75,161.1,5.2,30.34306738935184,30.34306738935184,Obesidad I,0,
2024_10007011,2024_10007011_03,Mujer,69.0,GMEZ PALACIO,,,,1.0,5.3,,,,5.3,,,,0,
2024_10007017,2024_10007017_01,Mujer,73.0,GMEZ PALACIO,,,,1.0,5.9,,,,5.9,,,,0,
2024_10007023,2024_10007023_03,Mujer,58.0,GMEZ PALACIO,79.2,163.5,,1.0,5.3,29.627135762982917,79.2,163.5,5.3,29.627135762982917,29.627135762982917,Sobrepeso,0,
2024_10007029,2024_10007029_02,Mujer,50.0,GMEZ PALACIO,58.8,153.5,,1.0,4.4,24.9551719381638,58.8,153.5,4.4,24.9551719381638,24.9551719381638,Normal,0,
2024_10007029,2024_10007029_03,Hombre,25.0,GMEZ PALACIO,83.4,176.2,,1.0,6.0,26.86298332433607,83.4,176.2,6.0,26.86298332433607,26.86298332433607,Sobrepeso,0,
2024_10007030,2024_10007030_01,Mujer,39.0,GMEZ PALACIO,77.7,155.4,,1.0,7.1,32.17503217503217,77.7,155.4,7.1,32.17503217503217,32.17503217503217,Obesidad I,1,
2024_10007036,2024_10007036_01,Hombre,55.0,GMEZ PALACIO,86.85,181.0,,1.0,5.0,26.510179786941787,86.85,181.0,5.0,26.510179786941787,26.510179786941787,Sobrepeso,0,
2024_10007036,2024_10007036_03,Mujer,29.0,GMEZ PALACIO,112.4,166.2,,1.0,6.3,40.691553678820554,112.4,166.2,6.3,40.691553678820554,40.691553678820554,Obesidad III,1,
2024_10007040,2024_10007040_01,Hombre,58.0,GMEZ PALACIO,68.3,161.6,,1.0,4.0,26.153992255661212,68.3,161.6,4.0,26.153992255661212,26.153992255661212,Sobrepeso,0,
2024_10007042,2024_10007042_02,Mujer,43.0,GMEZ PALACIO,53.65,154.2,,1.0,5.5,22.563214852272978,53.65,154.2,5.5,22.563214852272978,22.563214852272978,Normal,0,
2024_10007064,2024_10007064_01,Mujer,43.0,GMEZ PALACIO,82.3,161.6,,1.0,5.7,31.514986275855314,82.3,161.6,5.7,31.514986275855314,31.514986275855314,Obesidad I,0,
2024_10007069,2024_10007069_01,Hombre,55.0,GMEZ PALACIO,69.75,166.5,,1.0,5.8,25.1602954305657,69.75,166.5,5.8,25.1602954305657,25.1602954305657,Sobrepeso,0,
2024_10007071,2024_10007071_01,Mujer,50.0,GMEZ PALACIO,48.0,153.3,,1.0,3.4,20.424758381491078,48.0,153.3,3.4,20.424758381491078,20.424758381491078,Normal,0,
2024_10007075,2024_10007075_02,Mujer,28.0,GMEZ PALACIO,69.55,149.5,,1.0,3.1,31.118220154136974,69.55,149.5,3.1,31.118220154136974,31.118220154136974,Obesidad I,0,
2024_10007076,2024_10007076_01,Mujer,41.0,GMEZ PALACIO,88.25,158.5,,1.0,4.8,35.12822298958095,88.25,158.5,4.8,35.12822298958095,35.12822298958095,Obesidad II,0,
2024_10007078,2024_10007078_01,Hombre,40.0,GMEZ PALACIO,91.0,176.5,,1.0,6.4,29.211373175292316,91.0,176.5,6.4,29.211373175292316,29.211373175292316,Sobrepeso,0,
2024_10007080,2024_10007080_02,Hombre,37.0,GMEZ PALACIO,76.1,166.4,,1.0,7.2,27.483878051035493,76.1,166.4,7.2,27.483878051035493,27.483878051035493,Sobrepeso,1,
2024_10007087,2024_10007087_01,Hombre,30.0,GMEZ PALACIO,68.9,168.1,,1.0,5.7,24.382812276055905,68.9,168.1,5.7,24.382812276055905,24.382812276055905,Normal,0,
2024_10007089,2024_10007089_02,Mujer,35.0,GMEZ PALACIO,90.25,149.6,,1.0,4.6,40.325895793417025,90.25,149.6,4.6,40.325895793417025,40.325895793417025,Obesidad III,0,
2024_10008002,2024_10008002_01,Hombre,63.0,GUADALUPE VICTORIA,,,,1.0,6.4,,,,6.4,,,,0,
2024_10008003,2024_10008003_02,Mujer,62.0,GUADALUPE VICTORIA,,,,1.0,6.7,,,,6.7,,,,1,
2024_10008003,2024_10008003_04,Hombre,24.0,GUADALUPE VICTORIA,55.7,174.1,,1.0,5.3,18.37628225705615,55.7,174.1,5.3,18.37628225705615,18.37628225705615,Bajo peso,0,
2024_10008010,2024_10008010_02,Mujer,70.0,GUADALUPE VICTORIA,,,,1.0,6.7,,,,6.7,,,,1,
2024_10008010,2024_10008010_03,Mujer,41.0,GUADALUPE VICTORIA,88.7,159.6,,1.0,4.8,34.82233151801811,88.7,159.6,4.8,34.82233151801811,34.82233151801811,Obesidad I,0,
2024_10008029,2024_10008029_01,Mujer,68.0,GUADALUPE VICTORIA,,,,1.0,5.2,,,,5.2,,,,0,
2024_10008034,2024_10008034_02,Hombre,63.0,GUADALUPE VICTORIA,,,,1.0,6.8,,,,6.8,,,,0,
2024_10008034,2024_10008034_03,Mujer,31.0,GUADALUPE VICTORIA,94.7,161.1,,1.0,7.8,36.48874262567136,94.7,161.1,7.8,36.48874262567136,36.48874262567136,Obesidad II,1,
2024_10008037,2024_10008037_02,Mujer,40.0,GUADALUPE VICTORIA,58.6,162.4,,1.0,2.8,22.219054090125944,58.6,162.4,2.8,22.219054090125944,22.219054090125944,Normal,0,
2024_10012008,2024_10012008_01,Hombre,59.0,LERDO,93.1,171.6,,1.0,7.2,31.616596301910988,93.1,171.6,7.2,31.616596301910988,31.616596301910988,Obesidad I,1,
2024_10012017,2024_10012017_02,Mujer,51.0,LERDO,78.25,142.9,,1.0,2.9,38.319504848335555,78.25,142.9,2.9,38.319504848335555,38.319504848335555,Obesidad II,0,
2024_10012018,2024_10012018_01,Hombre,76.0,LERDO,,,,1.0,4.3,,,,4.3,,,,0,
2024_10012018,2024_10012018_02,Hombre,44.0,LERDO,104.25,175.5,,1.0,2.3,33.84712786422189,104.25,175.5,2.3,33.84712786422189,33.84712786422189,Obesidad I,0,
2024_10012022,2024_10012022_02,Mujer,30.0,LERDO,68.95,161.3,,1.0,4.3,26.5011997606244,68.95,161.3,4.3,26.5011997606244,26.5011997606244,Sobrepeso,0,
2024_10012032,2024_10012032_01,Hombre,33.0,LERDO,80.35,166.6,,1.0,6.8,28.949154691888758,80.35,166.6,6.8,28.949154691888758,28.949154691888758,Sobrepeso,0,
2024_10012036,2024_10012036_03,Mujer,72.0,LERDO,,,,1.0,3.6,,,,3.6,,,,0,
2024_10013006,2024_10013006_01,Mujer,85.0,MAPIM,,,,1.0,7.0,,,,7.0,,,,1,
2024_10013009,2024_10013009_02,Mujer,20.0,MAPIM,76.8,154.9,,1.0,3.3,32.00798866050317,76.8,154.9,3.3,32.00798866050317,32.00798866050317,Obesidad I,0,
2024_10013013,2024_10013013_01,Hombre,31.0,MAPIM,66.85,168.5,,1.0,5.4,23.54515756940714,66.85,168.5,5.4,23.54515756940714,23.54515756940714,Normal,0,
2024_10013014,2024_10013014_02,Mujer,25.0,MAPIM,57.4,155.1,,1.0,2.6,23.860981102019828,57.4,155.1,2.6,23.860981102019828,23.860981102019828,Normal,0,
2024_10013016,2024_10013016_01,Mujer,71.0,MAPIM,,,,1.0,5.8,,,,5.8,,,,0,
2024_10013017,2024_10013017_01,Hombre,31.0,MAPIM,99.6,177.3,,1.0,6.0,31.68413588676929,99.6,177.3,6.0,31.68413588676929,31.68413588676929,Obesidad I,0,
2024_10013024,2024_10013024_01,Mujer,82.0,MAPIM,,,24.0,1.0,5.2,,,,5.2,,24.0,Normal,0,24.0
2024_10013026,2024_10013026_02,Mujer,41.0,MAPIM,84.45,160.4,,1.0,3.5,32.823956318679606,84.45,160.4,3.5,32.823956318679606,32.823956318679606,Obesidad I,0,
2024_10013027,2024_10013027_01,Hombre,85.0,MAPIM,,,,1.0,9.7,,,,9.7,,,,1,
2024_10013031,2024_10013031_03,Hombre,41.0,MAPIM,100.85,165.6,,1.0,7.2,36.77521645779365,100.85,165.6,7.2,36.77521645779365,36.77521645779365,Obesidad II,1,
2024_10016011,2024_10016011_01,Mujer,74.0,NOMBRE DE DIOS,,,,1.0,5.9,,,,5.9,,,,0,
2024_10016011,2024_10016011_02,Mujer,37.0,NOMBRE DE DIOS,136.65,168.5,,1.0,4.7,48.12933106745678,136.65,168.5,4.7,48.12933106745678,48.12933106745678,Obesidad III,0,
2024_10016012,2024_10016012_01,Mujer,67.0,NOMBRE DE DIOS,,,,1.0,3.2,,,,3.2,,,,0,
2024_10016012,2024_10016012_02,Mujer,42.0,NOMBRE DE DIOS,105.6,157.0,,1.0,6.0,42.84149458395878,105.6,157.0,6.0,42.84149458395878,42.84149458395878,Obesidad III,0,
2024_10016013,2024_10016013_01,Hombre,80.0,NOMBRE DE DIOS,,,,1.0,7.8,,,,7.8,,,,1,
2024_10016017,2024_10016017_01,Mujer,72.0,NOMBRE DE DIOS,,,,1.0,6.6,,,,6.6,,,,1,
2024_10016018,2024_10016018_01,Mujer,41.0,NOMBRE DE DIOS,102.1,165.0,,1.0,4.8,37.50229568411387,102.1,165.0,4.8,37.50229568411387,37.50229568411387,Obesidad II,0,
2024_10016020,2024_10016020_01,Mujer,63.0,NOMBRE DE DIOS,,,,1.0,3.7,,,,3.7,,,,0,
2024_10016021,2024_10016021_02,Mujer,30.0,NOMBRE DE DIOS,89.8,162.2,,1.0,3.7,34.133013846296535,89.8,162.2,3.7,34.133013846296535,34.133013846296535,Obesidad I,0,
2024_10016033,2024_10016033_02,Hombre,68.0,NOMBRE DE DIOS,,,,1.0,5.9,,,,5.9,,,,0,
2024_10016036,2024_10016036_01,Hombre,33.0,NOMBRE DE DIOS,78.35,186.1,,1.0,6.1,22.622794710626014,78.35,186.1,6.1,22.622794710626014,22.622794710626014,Normal,0,
2024_10032012,2024_10032012_02,Mujer,59.0,SANTIAGO PAPASQUIARO,63.7,161.8,,1.0,4.2,24.332257162545588,63.7,161.8,4.2,24.332257162545588,24.332257162545588,Normal,0,
2024_10032018,2024_10032018_01,Hombre,84.0,SANTIAGO PAPASQUIARO,,,,1.0,4.3,,,,4.3,,,,0,
2024_10032033,2024_10032033_01,Mujer,68.0,SANTIAGO PAPASQUIARO,,,,1.0,4.4,,,,4.4,,,,0,
2024_10039006,2024_10039006_01,Hombre,47.0,NUEVO IDEAL,76.2,184.2,,1.0,5.9,22.45824005206068,76.2,184.2,5.9,22.45824005206068,22.45824005206068,Normal,0,
2024_10039006,2024_10039006_03,Hombre,20.0,NUEVO IDEAL,75.4,182.5,,1.0,6.0,22.638393694877088,75.4,182.5,6.0,22.638393694877088,22.638393694877088,Normal,0,
2024_10039020,2024_10039020_01,Mujer,46.0,NUEVO IDEAL,69.85,165.3,,1.0,4.8,25.56352288401919,69.85,165.3,4.8,25.56352288401919,25.56352288401919,Sobrepeso,0,
2024_10039022,2024_10039022_02,Mujer,32.0,NUEVO IDEAL,60.6,155.3,,1.0,2.9,25.126367801098674,60.6,155.3,2.9,25.126367801098674,25.126367801098674,Sobrepeso,0,
2024_11007016,2024_11007016_01,Mujer,54.0,CELAYA,70.75,162.0,,1.0,4.8,26.958542905044958,70.75,162.0,4.8,26.958542905044958,26.958542905044958,Sobrepeso,0,
2024_11008002,2024_11008002_01,Hombre,54.0,MANUEL DOBLADO,92.65,171.1,,1.0,3.6,31.64793694050359,92.65,171.1,3.6,31.64793694050359,31.64793694050359,Obesidad I,0,
2024_11008002,2024_11008002_03,Hombre,32.0,MANUEL DOBLADO,93.9,168.2,,1.0,4.7,33.190485818225014,93.9,168.2,4.7,33.190485818225014,33.190485818225014,Obesidad I,0,
2024_11008010,2024_11008010_01,Mujer,42.0,MANUEL DOBLADO,88.0,155.6,,1.0,3.7,36.34657450056502,88.0,155.6,3.7,36.34657450056502,36.34657450056502,Obesidad II,0,
2024_11009002,2024_11009002_02,Hombre,45.0,COMONFORT,62.2,147.6,,1.0,7.2,28.55075976234017,62.2,147.6,7.2,28.55075976234017,28.55075976234017,Sobrepeso,1,
2024_11009007,2024_11009007_01,Hombre,28.0,COMONFORT,56.45,157.5,,1.0,4.7,22.756361803980855,56.45,157.5,4.7,22.756361803980855,22.756361803980855,Normal,0,
2024_11009013,2024_11009013_01,Mujer,62.0,COMONFORT,,,,1.0,4.2,,,,4.2,,,,0,
2024_11009013,2024_11009013_03,Hombre,25.0,COMONFORT,61.75,163.8,,1.0,3.6,23.01490396728492,61.75,163.8,3.6,23.01490396728492,23.01490396728492,Normal,0,
2024_11009019,2024_11009019_03,Mujer,57.0,COMONFORT,53.2,147.5,,1.0,3.0,24.45274346452169,53.2,147.5,3.0,24.45274346452169,24.45274346452169,Normal,0,
2024_11009019,2024_11009019_05,Mujer,25.0,COMONFORT,63.5,154.0,,1.0,2.0,26.775172879068982,63.5,154.0,2.0,26.775172879068982,26.775172879068982,Sobrepeso,0,
2024_11009021,2024_11009021_02,Mujer,23.0,COMONFORT,87.4,152.0,,1.0,3.9,37.828947368421055,87.4,152.0,3.9,37.828947368421055,37.828947368421055,Obesidad II,0,
2024_11009025,2024_11009025_01,Mujer,59.0,COMONFORT,62.65,147.6,,1.0,3.2,28.757316705958385,62.65,147.6,3.2,28.757316705958385,28.757316705958385,Sobrepeso,0,
2024_11009025,2024_11009025_02,Mujer,28.0,COMONFORT,44.35,148.2,,1.0,2.2,20.192831294472036,44.35,148.2,2.2,20.192831294472036,20.192831294472036,Normal,0,
2024_11009027,2024_11009027_02,Hombre,20.0,COMONFORT,65.6,159.0,,1.0,6.3,25.948340651081836,65.6,159.0,6.3,25.948340651081836,25.948340651081836,Sobrepeso,0,
2024_11009034,2024_11009034_01,Mujer,63.0,COMONFORT,,,,1.0,3.3,,,,3.3,,,,0,
2024_11009040,2024_11009040_01,Hombre,66.0,COMONFORT,,,,1.0,5.0,,,,5.0,,,,0,
2024_11009041,2024_11009041_01,Mujer,25.0,COMONFORT,62.0,155.3,,1.0,3.1,25.706844945018446,62.0,155.3,3.1,25.706844945018446,25.706844945018446,Sobrepeso,0,
2024_11009043,2024_11009043_02,Mujer,39.0,COMONFORT,70.05,153.6,,1.0,5.1,29.691060384114582,70.05,153.6,5.1,29.691060384114582,29.691060384114582,Sobrepeso,0,
2024_11017011,2024_11017011_02,Mujer,46.0,IRAPUATO,60.55,153.9,,1.0,4.3,25.56447673463735,60.55,153.9,4.3,25.56447673463735,25.56447673463735,Sobrepeso,0,
2024_11017012,2024_11017012_02,Mujer,33.0,IRAPUATO,76.0,154.6,,1.0,5.0,31.797619864475198,76.0,154.6,5.0,31.797619864475198,31.797619864475198,Obesidad I,0,
2024_11017021,2024_11017021_01,Hombre,76.0,IRAPUATO,,,,1.0,4.2,,,,4.2,,,,0,
2024_11017025,2024_11017025_01,Hombre,89.0,IRAPUATO,,,,1.0,4.7,,,,4.7,,,,0,
2024_11020002,2024_11020002_01,Mujer,36.0,LEN,52.2,155.2,,1.0,3.3,21.67140503772984,52.2,155.2,3.3,21.67140503772984,21.67140503772984,Normal,0,
2024_11020025,2024_11020025_01,Hombre,52.0,LEN,49.55,166.2,,1.0,8.8,17.938313921579702,49.55,166.2,8.8,17.938313921579702,17.938313921579702,Bajo peso,1,
2024_11020025,2024_11020025_03,Mujer,35.0,LEN,80.0,156.3,,1.0,3.5,32.74703854203634,80.0,156.3,3.5,32.74703854203634,32.74703854203634,Obesidad I,0,
2024_11020028,2024_11020028_02,Mujer,36.0,LEN,56.4,151.0,,1.0,2.6,24.73575720363142,56.4,151.0,2.6,24.73575720363142,24.73575720363142,Normal,0,
2024_11020029,2024_11020029_01,Mujer,60.0,LEN,,,,1.0,4.1,,,,4.1,,,,0,
2024_11020029,2024_11020029_02,Hombre,26.0,LEN,71.8,166.0,,1.0,5.1,26.056031354332994,71.8,166.0,5.1,26.056031354332994,26.056031354332994,Sobrepeso,0,
2024_11020042,2024_11020042_02,Mujer,37.0,LEN,88.9,160.8,,1.0,4.4,34.38188411177941,88.9,160.8,4.4,34.38188411177941,34.38188411177941,Obesidad I,0,
2024_11020047,2024_11020047_01,Hombre,47.0,LEN,118.4,169.5,,1.0,7.8,41.21091880509219,118.4,169.5,7.8,41.21091880509219,41.21091880509219,Obesidad III,1,
2024_11020047,2024_11020047_03,Hombre,20.0,LEN,76.55,167.4,,1.0,5.6,27.31708083001103,76.55,167.4,5.6,27.31708083001103,27.31708083001103,Sobrepeso,0,
2024_11023004,2024_11023004_01,Hombre,77.0,PNJAMO,,,,1.0,4.4,,,,4.4,,,,0,
2024_11031001,2024_11031001_01,Hombre,62.0,SAN FRANCISCO DEL RINCN,,,,1.0,5.7,,,,5.7,,,,0,
2024_11031007,2024_11031007_01,Hombre,65.0,SAN FRANCISCO DEL RINCN,,,,1.0,3.5,,,,3.5,,,,0,
2024_11031007,2024_11031007_03,Hombre,24.0,SAN FRANCISCO DEL RINCN,75.2,166.8,,1.0,5.4,27.028736722851928,75.2,166.8,5.4,27.028736722851928,27.028736722851928,Sobrepeso,0,
2024_11031013,2024_11031013_02,Mujer,45.0,SAN FRANCISCO DEL RINCN,74.35,156.3,,1.0,2.6,30.434278945005023,74.35,156.3,2.6,30.434278945005023,30.434278945005023,Obesidad I,0,
2024_11031013,2024_11031013_03,Mujer,22.0,SAN FRANCISCO DEL RINCN,77.2,168.5,,1.0,3.6,27.190518539390148,77.2,168.5,3.6,27.190518539390148,27.190518539390148,Sobrepeso,0,
2024_11031015,2024_11031015_01,Hombre,48.0,SAN FRANCISCO DEL RINCN,78.65,168.9,,1.0,6.0,27.57016897200953,78.65,168.9,6.0,27.57016897200953,27.57016897200953,Sobrepeso,0,
2024_11031015,2024_11031015_02,Mujer,38.0,SAN FRANCISCO DEL RINCN,91.55,163.9,,1.0,4.6,34.08006712526165,91.55,163.9,4.6,34.08006712526165,34.08006712526165,Obesidad I,0,
2024_11031022,2024_11031022_02,Hombre,74.0,SAN FRANCISCO DEL RINCN,,,,1.0,4.1,,,,4.1,,,,0,
2024_11031025,2024_11031025_01,Mujer,25.0,SAN FRANCISCO DEL RINCN,76.9,159.6,,1.0,4.5,30.189822928247946,76.9,159.6,4.5,30.189822928247946,30.189822928247946,Obesidad I,0,
2024_11037001,2024_11037001_03,Hombre,45.0,SILAO DE LA VICTORIA,55.55,163.3,,1.0,3.9,20.831075539742354,55.55,163.3,3.9,20.831075539742354,20.831075539742354,Normal,0,
2024_11037005,2024_11037005_01,Hombre,57.0,SILAO DE LA VICTORIA,90.3,174.2,,1.0,5.5,29.75715786518261,90.3,174.2,5.5,29.75715786518261,29.75715786518261,Sobrepeso,0,
2024_11037007,2024_11037007_01,Hombre,50.0,SILAO DE LA VICTORIA,79.8,169.5,,1.0,6.5,27.77560237032396,79.8,169.5,6.5,27.77560237032396,27.77560237032396,Sobrepeso,0,
2024_11037009,2024_11037009_01,Mujer,40.0,SILAO DE LA VICTORIA,59.1,146.5,,1.0,4.6,27.53672145278337,59.1,146.5,4.6,27.53672145278337,27.53672145278337,Sobrepeso,0,
2024_11037011,2024_11037011_02,Mujer,68.0,SILAO DE LA VICTORIA,,,,1.0,3.8,,,,3.8,,,,0,
2024_11037015,2024_11037015_01,Hombre,48.0,SILAO DE LA VICTORIA,95.0,178.5,,1.0,4.7,29.81584790779057,95.0,178.5,4.7,29.81584790779057,29.81584790779057,Sobrepeso,0,
2024_11037023,2024_11037023_01,Mujer,49.0,SILAO DE LA VICTORIA,57.8,142.9,,1.0,3.4,28.305014443882367,57.8,142.9,3.4,28.305014443882367,28.305014443882367,Sobrepeso,0,
2024_11037027,2024_11037027_01,Mujer,52.0,SILAO DE LA VICTORIA,64.2,150.0,,1.0,4.1,28.533333333333335,64.2,150.0,4.1,28.533333333333335,28.533333333333335,Sobrepeso,0,
2024_11037027,2024_11037027_02,Hombre,25.0,SILAO DE LA VICTORIA,59.1,151.7,,1.0,4.8,25.681259502826464,59.1,151.7,4.8,25.681259502826464,25.681259502826464,Sobrepeso,0,
2024_11037028,2024_11037028_03,Mujer,53.0,SILAO DE LA VICTORIA,77.3,154.8,,1.0,4.3,32.258010669764765,77.3,154.8,4.3,32.258010669764765,32.258010669764765,Obesidad I,0,
2024_12001003,2024_12001003_01,Hombre,75.0,ACAPULCO DE JUAREZ,,,,1.0,5.6,,,,5.6,,,,0,
2024_12001003,2024_12001003_04,Hombre,35.0,ACAPULCO DE JUAREZ,50.6,161.2,,1.0,4.6,19.472443029635063,50.6,161.2,4.6,19.472443029635063,19.472443029635063,Normal,0,
2024_12001005,2024_12001005_01,Hombre,50.0,ACAPULCO DE JUAREZ,96.3,162.4,,1.0,4.5,36.51356499793734,96.3,162.4,4.5,36.51356499793734,36.51356499793734,Obesidad II,0,
2024_12001025,2024_12001025_01,Mujer,40.0,ACAPULCO DE JUAREZ,74.4,157.3,,1.0,6.3,30.06875803500666,74.4,157.3,6.3,30.06875803500666,30.06875803500666,Obesidad I,1,
2024_12001030,2024_12001030_01,Mujer,34.0,ACAPULCO DE JUAREZ,92.1,161.4,,1.0,4.5,35.35514066048469,92.1,161.4,4.5,35.35514066048469,35.35514066048469,Obesidad II,0,
2024_12001040,2024_12001040_03,Hombre,20.0,ACAPULCO DE JUAREZ,60.5,160.2,,1.0,4.9,23.573841063215305,60.5,160.2,4.9,23.573841063215305,23.573841063215305,Normal,0,
2024_12001044,2024_12001044_02,Mujer,67.0,ACAPULCO DE JUAREZ,,,,1.0,3.6,,,,3.6,,,,0,
2024_12001046,2024_12001046_02,Mujer,54.0,ACAPULCO DE JUAREZ,58.35,160.2,,1.0,2.7,22.73609299237377,58.35,160.2,2.7,22.73609299237377,22.73609299237377,Normal,0,
2024_12001046,2024_12001046_03,Mujer,23.0,ACAPULCO DE JUAREZ,74.5,164.1,,1.0,4.8,27.665537392851746,74.5,164.1,4.8,27.665537392851746,27.665537392851746,Sobrepeso,0,
2024_12001052,2024_12001052_01,Mujer,50.0,ACAPULCO DE JUAREZ,94.3,156.0,,1.0,4.2,38.74917817225509,94.3,156.0,4.2,38.74917817225509,38.74917817225509,Obesidad II,0,
2024_12001057,2024_12001057_02,Mujer,22.0,ACAPULCO DE JUAREZ,69.4,163.6,,1.0,5.8,25.929424142610344,69.4,163.6,5.8,25.929424142610344,25.929424142610344,Sobrepeso,0,
2024_12001063,2024_12001063_01,Hombre,61.0,ACAPULCO DE JUAREZ,,,,1.0,5.8,,,,5.8,,,,0,
2024_12001064,2024_12001064_01,Hombre,56.0,ACAPULCO DE JUAREZ,87.45,161.9,,1.0,6.1,33.36307842211906,87.45,161.9,6.1,33.36307842211906,33.36307842211906,Obesidad I,0,
2024_12001073,2024_12001073_02,Mujer,40.0,ACAPULCO DE JUAREZ,69.4,157.4,,1.0,6.3,28.01238034192864,69.4,157.4,6.3,28.01238034192864,28.01238034192864,Sobrepeso,1,
2024_12001074,2024_12001074_02,Mujer,30.0,ACAPULCO DE JUAREZ,54.85,148.4,,1.0,3.6,24.906277925908707,54.85,148.4,3.6,24.906277925908707,24.906277925908707,Normal,0,
2024_12001075,2024_12001075_01,Mujer,55.0,ACAPULCO DE JUAREZ,106.6,147.6,,1.0,6.5,48.931044866004214,106.6,147.6,6.5,48.931044866004214,48.931044866004214,Obesidad III,1,
2024_12001076,2024_12001076_01,Mujer,39.0,ACAPULCO DE JUAREZ,68.4,154.9,,1.0,5.5,28.507114900760644,68.4,154.9,5.5,28.507114900760644,28.507114900760644,Sobrepeso,0,
2024_12001079,2024_12001079_01,Hombre,50.0,ACAPULCO DE JUAREZ,79.8,162.6,,1.0,0.8,30.18295865615483,79.8,162.6,0.8,30.18295865615483,30.18295865615483,Obesidad I,0,
2024_12001079,2024_12001079_03,Mujer,28.0,ACAPULCO DE JUAREZ,59.0,151.6,,1.0,4.6,25.671639712895345,59.0,151.6,4.6,25.671639712895345,25.671639712895345,Sobrepeso,0,
2024_12001094,2024_12001094_01,Hombre,48.0,ACAPULCO DE JUAREZ,78.4,161.1,,1.0,9.9,30.208209312065833,78.4,161.1,9.9,30.208209312065833,30.208209312065833,Obesidad I,1,
2024_12001094,2024_12001094_02,Mujer,39.0,ACAPULCO DE JUAREZ,78.45,149.0,,1.0,4.2,35.33624611503986,78.45,149.0,4.2,35.33624611503986,35.33624611503986,Obesidad II,0,
2024_12001098,2024_12001098_01,Hombre,48.0,ACAPULCO DE JUAREZ,103.95,176.6,,1.0,3.9,33.330597199652686,103.95,176.6,3.9,33.330597199652686,33.330597199652686,Obesidad I,0,
2024_12001098,2024_12001098_02,Mujer,39.0,ACAPULCO DE JUAREZ,97.15,160.6,,1.0,4.8,37.66619262448261,97.15,160.6,4.8,37.66619262448261,37.66619262448261,Obesidad II,0,
2024_12012008,2024_12012008_01,Mujer,75.0,AYUTLA DE LOS LIBRES,,,,1.0,5.9,,,,5.9,,,,0,
2024_12012011,2024_12012011_02,Mujer,31.0,AYUTLA DE LOS LIBRES,50.05,150.5,,1.0,3.7,22.096886347832807,50.05,150.5,3.7,22.096886347832807,22.096886347832807,Normal,0,
2024_12012013,2024_12012013_02,Hombre,68.0,AYUTLA DE LOS LIBRES,,,,1.0,5.4,,,,5.4,,,,0,
2024_12012018,2024_12012018_02,Mujer,36.0,AYUTLA DE LOS LIBRES,71.85,163.1,,1.0,4.2,27.00964340128285,71.85,163.1,4.2,27.00964340128285,27.00964340128285,Sobrepeso,0,
2024_12012019,2024_12012019_01,Mujer,72.0,AYUTLA DE LOS LIBRES,,,,1.0,8.0,,,,8.0,,,,1,
2024_12012021,2024_12012021_01,Hombre,38.0,AYUTLA DE LOS LIBRES,109.1,165.0,,1.0,6.2,40.07346189164371,109.1,165.0,6.2,40.07346189164371,40.07346189164371,Obesidad III,0,
2024_12012028,2024_12012028_02,Mujer,51.0,AYUTLA DE LOS LIBRES,72.75,146.0,,1.0,3.6,34.12929255019704,72.75,146.0,3.6,34.12929255019704,34.12929255019704,Obesidad I,0,
2024_12012029,2024_12012029_01,Mujer,43.0,AYUTLA DE LOS LIBRES,74.75,157.5,,1.0,6.0,30.13353489543966,74.75,157.5,6.0,30.13353489543966,30.13353489543966,Obesidad I,0,
2024_12014016,2024_12014016_01,Hombre,56.0,BENITO JUAREZ,63.2,162.5,,1.0,4.1,23.93372781065089,63.2,162.5,4.1,23.93372781065089,23.93372781065089,Normal,0,
2024_12014019,2024_12014019_02,Mujer,38.0,BENITO JUAREZ,67.25,160.9,,1.0,3.8,25.97647400556457,67.25,160.9,3.8,25.97647400556457,25.97647400556457,Sobrepeso,0,
2024_12014023,2024_12014023_01,Hombre,60.0,BENITO JUAREZ,,,,1.0,5.2,,,,5.2,,,,0,
2024_12014026,2024_12014026_01,Hombre,39.0,BENITO JUAREZ,90.85,177.7,,1.0,5.8,28.77067664767939,90.85,177.7,5.8,28.77067664767939,28.77067664767939,Sobrepeso,0,
2024_12014028,2024_12014028_01,Mujer,53.0,BENITO JUAREZ,83.7,158.2,,1.0,5.7,33.44355989713608,83.7,158.2,5.7,33.44355989713608,33.44355989713608,Obesidad I,0,
2024_12027017,2024_12027017_01,Hombre,54.0,CUTZAMALA DE PINZN,99.0,174.3,,1.0,7.9,32.58670284778158,99.0,174.3,7.9,32.58670284778158,32.58670284778158,Obesidad I,1,
2024_12027017,2024_12027017_02,Mujer,39.0,CUTZAMALA DE PINZN,65.8,153.4,,1.0,3.7,27.962447028586286,65.8,153.4,3.7,27.962447028586286,27.962447028586286,Sobrepeso,0,
2024_12027019,2024_12027019_01,Mujer,51.0,CUTZAMALA DE PINZN,77.2,155.5,,1.0,2.9,31.9268824764012,77.2,155.5,2.9,31.9268824764012,31.9268824764012,Obesidad I,0,
2024_12027020,2024_12027020_01,Hombre,47.0,CUTZAMALA DE PINZN,103.0,174.8,,1.0,6.4,33.70965968298518,103.0,174.8,6.4,33.70965968298518,33.70965968298518,Obesidad I,0,
2024_12027020,2024_12027020_02,Mujer,31.0,CUTZAMALA DE PINZN,64.05,157.8,,1.0,5.3,25.72202383534049,64.05,157.8,5.3,25.72202383534049,25.72202383534049,Sobrepeso,0,
2024_12027021,2024_12027021_01,Hombre,54.0,CUTZAMALA DE PINZN,67.95,164.9,,1.0,5.0,24.98895815351642,67.95,164.9,5.0,24.98895815351642,24.98895815351642,Normal,0,
2024_12027021,2024_12027021_03,Mujer,21.0,CUTZAMALA DE PINZN,95.85,164.7,,1.0,4.6,35.33498561716784,95.85,164.7,4.6,35.33498561716784,35.33498561716784,Obesidad II,0,
2024_12027040,2024_12027040_02,Mujer,58.0,CUTZAMALA DE PINZN,51.55,148.6,,1.0,5.5,23.34484801168012,51.55,148.6,5.5,23.34484801168012,23.34484801168012,Normal,0,
2024_12027055,2024_12027055_02,Mujer,56.0,CUTZAMALA DE PINZN,92.25,153.7,,1.0,4.1,39.04978434783051,92.25,153.7,4.1,39.04978434783051,39.04978434783051,Obesidad II,0,
2024_12027055,2024_12027055_05,Mujer,32.0,CUTZAMALA DE PINZN,77.2,148.6,,1.0,4.2,34.960664723602434,77.2,148.6,4.2,34.960664723602434,34.960664723602434,Obesidad I,0,
2024_12027060,2024_12027060_01,Hombre,79.0,CUTZAMALA DE PINZN,,,,1.0,6.2,,,,6.2,,,,0,
2024_12027060,2024_12027060_04,Mujer,45.0,CUTZAMALA DE PINZN,54.15,154.3,,1.0,3.3,22.743987543939152,54.15,154.3,3.3,22.743987543939152,22.743987543939152,Normal,0,
2024_12029012,2024_12029012_01,Mujer,58.0,CHILPANCINGO DE LOS BRAVO,77.4,154.8,,1.0,3.2,32.299741602067186,77.4,154.8,3.2,32.299741602067186,32.299741602067186,Obesidad I,0,
2024_12029021,2024_12029021_02,Mujer,34.0,CHILPANCINGO DE LOS BRAVO,88.5,153.0,,1.0,5.9,37.80597206202743,88.5,153.0,5.9,37.80597206202743,37.80597206202743,Obesidad II,0,
2024_12029028,2024_12029028_01,Mujer,70.0,CHILPANCINGO DE LOS BRAVO,,,,1.0,4.4,,,,4.4,,,,0,
2024_12029028,2024_12029028_02,Hombre,36.0,CHILPANCINGO DE LOS BRAVO,88.55,161.9,,1.0,7.1,33.7827397859193,88.55,161.9,7.1,33.7827397859193,33.7827397859193,Obesidad I,1,
2024_12035010,2024_12035010_01,Hombre,60.0,IGUALA DE LA INDEPENDENCIA,74.2,157.9,,1.0,6.1,29.760460380685224,74.2,157.9,6.1,29.760460380685224,29.760460380685224,Sobrepeso,0,
2024_12035022,2024_12035022_01,Mujer,69.0,IGUALA DE LA INDEPENDENCIA,,,,1.0,5.4,,,,5.4,,,,0,
2024_12035030,2024_12035030_01,Mujer,38.0,IGUALA DE LA INDEPENDENCIA,68.1,146.0,,1.0,5.1,31.947832613998877,68.1,146.0,5.1,31.947832613998877,31.947832613998877,Obesidad I,0,
2024_12039010,2024_12039010_01,Mujer,33.0,JUAN R. ESCUDERO,72.7,157.6,,1.0,2.6,29.269950269267447,72.7,157.6,2.6,29.269950269267447,29.269950269267447,Sobrepeso,0,
2024_12039012,2024_12039012_01,Hombre,63.0,JUAN R. ESCUDERO,,,,1.0,3.8,,,,3.8,,,,0,
2024_12039012,2024_12039012_03,Hombre,28.0,JUAN R. ESCUDERO,99.6,177.2,,1.0,5.8,31.719906853028558,99.6,177.2,5.8,31.719906853028558,31.719906853028558,Obesidad I,0,
2024_12039013,2024_12039013_02,Mujer,54.0,JUAN R. ESCUDERO,58.15,161.2,,1.0,3.8,22.37791624848377,58.15,161.2,3.8,22.37791624848377,22.37791624848377,Normal,0,
2024_12039014,2024_12039014_01,Mujer,55.0,JUAN R. ESCUDERO,77.0,155.6,,1.0,3.6,31.803252687994394,77.0,155.6,3.6,31.803252687994394,31.803252687994394,Obesidad I,0,
2024_12042002,2024_12042002_01,Mujer,69.0,MRTIR DE CUILAPAN,,,,1.0,5.0,,,,5.0,,,,0,
2024_12042021,2024_12042021_02,Mujer,63.0,MRTIR DE CUILAPAN,,,,1.0,4.9,,,,4.9,,,,0,
2024_12042022,2024_12042022_01,Mujer,24.0,MRTIR DE CUILAPAN,70.4,164.0,,1.0,4.9,26.174895895300423,70.4,164.0,4.9,26.174895895300423,26.174895895300423,Sobrepeso,0,
2024_12042028,2024_12042028_01,Hombre,58.0,MRTIR DE CUILAPAN,83.0,158.7,,1.0,5.7,32.955221794598444,83.0,158.7,5.7,32.955221794598444,32.955221794598444,Obesidad I,0,
2024_12042028,2024_12042028_03,Hombre,30.0,MRTIR DE CUILAPAN,97.5,161.5,,1.0,7.9,37.381744289698936,97.5,161.5,7.9,37.381744289698936,37.381744289698936,Obesidad II,1,
2024_12042029,2024_12042029_01,Hombre,51.0,MRTIR DE CUILAPAN,72.3,162.0,,1.0,5.3,27.549154092363963,72.3,162.0,5.3,27.549154092363963,27.549154092363963,Sobrepeso,0,
2024_12042030,2024_12042030_01,Mujer,54.0,MRTIR DE CUILAPAN,55.5,146.9,,1.0,2.8,25.7187224421572,55.5,146.9,2.8,25.7187224421572,25.7187224421572,Sobrepeso,0,
2024_12042031,2024_12042031_03,Mujer,30.0,MRTIR DE CUILAPAN,57.9,144.5,,1.0,4.3,27.72955304653919,57.9,144.5,4.3,27.72955304653919,27.72955304653919,Sobrepeso,0,
2024_12042037,2024_12042037_02,Hombre,52.0,MRTIR DE CUILAPAN,81.75,165.1,,1.0,4.7,29.991184242723513,81.75,165.1,4.7,29.991184242723513,29.991184242723513,Sobrepeso,0,
2024_12042038,2024_12042038_02,Mujer,23.0,MRTIR DE CUILAPAN,57.85,148.9,,1.0,7.2,26.0923964005573,57.85,148.9,7.2,26.0923964005573,26.0923964005573,Sobrepeso,1,
2024_12051005,2024_12051005_01,Mujer,33.0,QUECHULTENANGO,62.6,147.5,,1.0,5.2,28.77334099396725,62.6,147.5,5.2,28.77334099396725,28.77334099396725,Sobrepeso,0,
2024_12051010,2024_12051010_01,Mujer,51.0,QUECHULTENANGO,79.05,148.1,,1.0,4.0,36.04057881944651,79.05,148.1,4.0,36.04057881944651,36.04057881944651,Obesidad II,0,
2024_12051010,2024_12051010_02,Hombre,26.0,QUECHULTENANGO,54.9,160.9,,1.0,5.4,21.206073203055684,54.9,160.9,5.4,21.206073203055684,21.206073203055684,Normal,0,
2024_12051011,2024_12051011_01,Mujer,28.0,QUECHULTENANGO,63.2,147.3,,1.0,4.8,29.128061615068056,63.2,147.3,4.8,29.128061615068056,29.128061615068056,Sobrepeso,0,
2024_12051015,2024_12051015_01,Hombre,79.0,QUECHULTENANGO,,,,1.0,4.7,,,,4.7,,,,0,
2024_12051015,2024_12051015_03,Hombre,32.0,QUECHULTENANGO,74.6,167.5,,1.0,4.3,26.589440855424368,74.6,167.5,4.3,26.589440855424368,26.589440855424368,Sobrepeso,0,
2024_12051026,2024_12051026_01,Mujer,70.0,QUECHULTENANGO,,,,1.0,0.8,,,,0.8,,,,0,
2024_12056002,2024_12056002_02,Hombre,56.0,TECOANAPA,70.15,159.8,,1.0,5.6,27.47097827227714,70.15,159.8,5.6,27.47097827227714,27.47097827227714,Sobrepeso,0,
2024_12056007,2024_12056007_02,Mujer,40.0,TECOANAPA,73.4,154.7,,1.0,6.6,30.670116985186006,73.4,154.7,6.6,30.670116985186006,30.670116985186006,Obesidad I,1,
2024_12075004,2024_12075004_01,Mujer,61.0,EDUARDO NERI,,,,1.0,5.7,,,,5.7,,,,0,
2024_12075005,2024_12075005_01,Mujer,69.0,EDUARDO NERI,,,,1.0,5.1,,,,5.1,,,,0,
2024_12075007,2024_12075007_01,Mujer,68.0,EDUARDO NERI,,,,1.0,4.2,,,,4.2,,,,0,
2024_12075020,2024_12075020_01,Hombre,70.0,EDUARDO NERI,,,,1.0,5.9,,,,5.9,,,,0,
2024_12075020,2024_12075020_03,Mujer,35.0,EDUARDO NERI,81.3,147.1,,1.0,5.1,37.572076691402,81.3,147.1,5.1,37.572076691402,37.572076691402,Obesidad II,0,
2024_12075032,2024_12075032_01,Hombre,50.0,EDUARDO NERI,93.8,166.1,34.0,1.0,7.8,33.998798805765006,93.8,166.1,7.8,33.998798805765006,34.0,Obesidad I,1,34.0
2024_12075036,2024_12075036_01,Mujer,79.0,EDUARDO NERI,,,,1.0,5.4,,,,5.4,,,,0,
2024_13010004,2024_13010004_01,Hombre,80.0,ATITALAQUIA,,,,1.0,2.9,,,,2.9,,,,0,
2024_13010006,2024_13010006_01,Mujer,33.0,ATITALAQUIA,60.8,150.0,,1.0,4.2,27.022222222222222,60.8,150.0,4.2,27.022222222222222,27.022222222222222,Sobrepeso,0,
2024_13010009,2024_13010009_02,Mujer,67.0,ATITALAQUIA,,,,1.0,4.1,,,,4.1,,,,0,
2024_13010026,2024_13010026_01,Hombre,38.0,ATITALAQUIA,89.1,174.0,,1.0,3.6,29.42925089179548,89.1,174.0,3.6,29.42925089179548,29.42925089179548,Sobrepeso,0,
2024_13010028,2024_13010028_02,Mujer,68.0,ATITALAQUIA,,,,1.0,4.1,,,,4.1,,,,0,
2024_13010029,2024_13010029_02,Mujer,63.0,ATITALAQUIA,,,,1.0,7.1,,,,7.1,,,,1,
2024_13010033,2024_13010033_01,Hombre,64.0,ATITALAQUIA,,,,1.0,6.2,,,,6.2,,,,0,
2024_13010035,2024_13010035_01,Mujer,38.0,ATITALAQUIA,89.5,159.7,,1.0,3.9,35.092410668249684,89.5,159.7,3.9,35.092410668249684,35.092410668249684,Obesidad II,0,
2024_13018002,2024_13018002_01,Mujer,63.0,CHAPULHUACN,,,,1.0,5.5,,,,5.5,,,,0,
2024_13018002,2024_13018002_02,Mujer,41.0,CHAPULHUACN,64.5,158.4,,1.0,4.0,25.706879400061215,64.5,158.4,4.0,25.706879400061215,25.706879400061215,Sobrepeso,0,
2024_13018011,2024_13018011_01,Hombre,77.0,CHAPULHUACN,,,,1.0,5.1,,,,5.1,,,,0,
2024_13018014,2024_13018014_01,Mujer,74.0,CHAPULHUACN,,,,1.0,4.9,,,,4.9,,,,0,
2024_13018016,2024_13018016_03,Mujer,46.0,CHAPULHUACN,60.3,145.0,,1.0,2.3,28.680142687277048,60.3,145.0,2.3,28.680142687277048,28.680142687277048,Sobrepeso,0,
2024_13018027,2024_13018027_01,Mujer,45.0,CHAPULHUACN,63.15,151.0,,1.0,4.4,27.696153677470285,63.15,151.0,4.4,27.696153677470285,27.696153677470285,Sobrepeso,0,
2024_13035002,2024_13035002_02,Hombre,66.0,METEPEC,,,,1.0,6.5,,,,6.5,,,,0,
2024_13035014,2024_13035014_01,Mujer,31.0,METEPEC,80.95,157.0,,1.0,6.1,32.84108888798734,80.95,157.0,6.1,32.84108888798734,32.84108888798734,Obesidad I,1,
2024_13035018,2024_13035018_01,Mujer,34.0,METEPEC,80.25,160.5,,1.0,4.0,31.15264797507788,80.25,160.5,4.0,31.15264797507788,31.15264797507788,Obesidad I,0,
2024_13035029,2024_13035029_01,Mujer,47.0,METEPEC,67.75,145.5,32.0,1.0,7.3,32.00245627708694,67.75,145.5,7.3,32.00245627708694,32.0,Obesidad I,1,32.0
2024_13035031,2024_13035031_02,Mujer,57.0,METEPEC,64.2,155.0,,1.0,4.5,26.722164412070757,64.2,155.0,4.5,26.722164412070757,26.722164412070757,Sobrepeso,0,
2024_13035032,2024_13035032_01,Mujer,73.0,METEPEC,,,,1.0,6.5,,,,6.5,,,,1,
2024_13046001,2024_13046001_01,Mujer,66.0,SAN FELIPE ORIZATLN,,,,1.0,4.8,,,,4.8,,,,0,
2024_13046001,2024_13046001_03,Mujer,40.0,SAN FELIPE ORIZATLN,61.95,152.5,,1.0,3.0,26.638000537489926,61.95,152.5,3.0,26.638000537489926,26.638000537489926,Sobrepeso,0,
2024_13046005,2024_13046005_01,Mujer,57.0,SAN FELIPE ORIZATLN,54.45,146.9,,1.0,3.5,25.23215201757585,54.45,146.9,3.5,25.23215201757585,25.23215201757585,Sobrepeso,0,
2024_13046007,2024_13046007_02,Mujer,32.0,SAN FELIPE ORIZATLN,100.45,158.2,,1.0,4.4,40.13626752290705,100.45,158.2,4.4,40.13626752290705,40.13626752290705,Obesidad III,0,
2024_13046022,2024_13046022_01,Mujer,78.0,SAN FELIPE ORIZATLN,,,,1.0,3.3,,,,3.3,,,,0,
2024_13046022,2024_13046022_03,Hombre,21.0,SAN FELIPE ORIZATLN,92.6,173.5,,1.0,7.2,30.76182012972452,92.6,173.5,7.2,30.76182012972452,30.76182012972452,Obesidad I,1,
2024_13046023,2024_13046023_01,Mujer,74.0,SAN FELIPE ORIZATLN,,,,1.0,4.0,,,,4.0,,,,0,
2024_13046024,2024_13046024_02,Mujer,65.0,SAN FELIPE ORIZATLN,,,,1.0,4.5,,,,4.5,,,,0,
2024_13046024,2024_13046024_03,Mujer,31.0,SAN FELIPE ORIZATLN,41.65,151.0,,1.0,1.8,18.266742686724267,41.65,151.0,1.8,18.266742686724267,18.266742686724267,Bajo peso,0,
2024_13046026,2024_13046026_01,Mujer,36.0,SAN FELIPE ORIZATLN,77.65,152.5,,1.0,3.4,33.38887395861328,77.65,152.5,3.4,33.38887395861328,33.38887395861328,Obesidad I,0,
2024_13046030,2024_13046030_01,Mujer,62.0,SAN FELIPE ORIZATLN,,,23.0,1.0,4.4,,,,4.4,,23.0,Normal,0,23.0
2024_13046031,2024_13046031_01,Mujer,44.0,SAN FELIPE ORIZATLN,71.8,153.5,,1.0,4.4,30.472471856465322,71.8,153.5,4.4,30.472471856465322,30.472471856465322,Obesidad I,0,
2024_13046034,2024_13046034_01,Mujer,56.0,SAN FELIPE ORIZATLN,57.85,144.5,,1.0,3.3,27.705606973096586,57.85,144.5,3.3,27.705606973096586,27.705606973096586,Sobrepeso,0,
2024_13046034,2024_13046034_03,Hombre,30.0,SAN FELIPE ORIZATLN,82.45,163.5,,1.0,5.8,30.842895753256837,82.45,163.5,5.8,30.842895753256837,30.842895753256837,Obesidad I,0,
2024_13048009,2024_13048009_01,Mujer,,PACHUCA DE SOTO,,,,1.0,4.6,,,,4.6,,,,0,
2024_13048012,2024_13048012_02,Mujer,62.0,PACHUCA DE SOTO,,,,1.0,4.9,,,,4.9,,,,0,
2024_13048012,2024_13048012_03,Mujer,30.0,PACHUCA DE SOTO,66.6,172.7,,1.0,3.8,22.330042725485654,66.6,172.7,3.8,22.330042725485654,22.330042725485654,Normal,0,
2024_13048018,2024_13048018_01,Mujer,89.0,PACHUCA DE SOTO,,,,1.0,8.9,,,,8.9,,,,1,
2024_13048022,2024_13048022_02,Mujer,64.0,PACHUCA DE SOTO,,,,1.0,5.7,,,,5.7,,,,0,
2024_13057002,2024_13057002_01,Mujer,33.0,SINGUILUCAN,55.1,148.7,,1.0,2.7,24.918945589414474,55.1,148.7,2.7,24.918945589414474,24.918945589414474,Normal,0,
2024_13057002,2024_13057002_02,Mujer,66.0,SINGUILUCAN,,,,1.0,2.8,,,,2.8,,,,0,
2024_13057005,2024_13057005_02,Mujer,49.0,SINGUILUCAN,61.8,140.6,,1.0,4.5,31.262077380217683,61.8,140.6,4.5,31.262077380217683,31.262077380217683,Obesidad I,0,
2024_13057005,2024_13057005_03,Mujer,23.0,SINGUILUCAN,93.7,158.5,,1.0,5.3,37.297614664291615,93.7,158.5,5.3,37.297614664291615,37.297614664291615,Obesidad II,0,
2024_13057007,2024_13057007_01,Mujer,79.0,SINGUILUCAN,,,,1.0,6.4,,,,6.4,,,,1,
2024_13057009,2024_13057009_01,Hombre,60.0,SINGUILUCAN,,,,1.0,7.8,,,,7.8,,,,1,
2024_13057013,2024_13057013_01,Hombre,44.0,SINGUILUCAN,70.35,166.9,,1.0,5.9,25.255235839387467,70.35,166.9,5.9,25.255235839387467,25.255235839387467,Sobrepeso,0,
2024_13057016,2024_13057016_01,Mujer,75.0,SINGUILUCAN,,,,1.0,5.9,,,,5.9,,,,0,
2024_13057016,2024_13057016_02,Hombre,39.0,SINGUILUCAN,58.85,160.6,,1.0,4.8,22.816834132277936,58.85,160.6,4.8,22.816834132277936,22.816834132277936,Normal,0,
2024_13057020,2024_13057020_02,Mujer,33.0,SINGUILUCAN,66.25,150.8,,1.0,4.7,29.132865213995736,66.25,150.8,4.7,29.132865213995736,29.132865213995736,Sobrepeso,0,
2024_13057024,2024_13057024_01,Mujer,85.0,SINGUILUCAN,,,,1.0,3.3,,,,3.3,,,,0,
2024_13057028,2024_13057028_01,Mujer,64.0,SINGUILUCAN,,,,1.0,5.0,,,,5.0,,,,0,
2024_13057028,2024_13057028_03,Mujer,21.0,SINGUILUCAN,70.75,160.5,,1.0,5.2,27.46479556681321,70.75,160.5,5.2,27.46479556681321,27.46479556681321,Sobrepeso,0,
2024_13057030,2024_13057030_01,Hombre,65.0,SINGUILUCAN,,,,1.0,4.1,,,,4.1,,,,0,
2024_13057031,2024_13057031_01,Hombre,50.0,SINGUILUCAN,94.7,167.5,,1.0,9.9,33.75361995990198,94.7,167.5,9.9,33.75361995990198,33.75361995990198,Obesidad I,1,
2024_13057031,2024_13057031_02,Mujer,38.0,SINGUILUCAN,65.3,146.7,,1.0,4.3,30.342611295350707,65.3,146.7,4.3,30.342611295350707,30.342611295350707,Obesidad I,0,
2024_13063002,2024_13063002_01,Mujer,70.0,TEPEJI DEL RO DE OCAMPO,,,,1.0,4.0,,,,4.0,,,,0,
2024_13063002,2024_13063002_02,Mujer,32.0,TEPEJI DEL RO DE OCAMPO,87.6,163.1,,1.0,4.5,32.930337675050495,87.6,163.1,4.5,32.930337675050495,32.930337675050495,Obesidad I,0,
2024_13063010,2024_13063010_01,Mujer,38.0,TEPEJI DEL RO DE OCAMPO,66.9,155.1,,1.0,6.2,27.810098183364577,66.9,155.1,6.2,27.810098183364577,27.810098183364577,Sobrepeso,1,
2024_13063010,2024_13063010_02,Mujer,61.0,TEPEJI DEL RO DE OCAMPO,,,,1.0,5.7,,,,5.7,,,,0,
2024_13063012,2024_13063012_01,Mujer,48.0,TEPEJI DEL RO DE OCAMPO,71.15,152.4,,1.0,4.4,30.634089045955868,71.15,152.4,4.4,30.634089045955868,30.634089045955868,Obesidad I,0,
2024_13063020,2024_13063020_01,Mujer,72.0,TEPEJI DEL RO DE OCAMPO,,,,1.0,3.5,,,,3.5,,,,0,
2024_13063021,2024_13063021_02,Mujer,83.0,TEPEJI DEL RO DE OCAMPO,,,,1.0,3.4,,,,3.4,,,,0,
2024_13063021,2024_13063021_03,Mujer,35.0,TEPEJI DEL RO DE OCAMPO,80.1,148.2,,1.0,4.4,36.47002901211296,80.1,148.2,4.4,36.47002901211296,36.47002901211296,Obesidad II,0,
2024_13063025,2024_13063025_01,Hombre,60.0,TEPEJI DEL RO DE OCAMPO,96.5,183.0,,1.0,4.7,28.815431932873476,96.5,183.0,4.7,28.815431932873476,28.815431932873476,Sobrepeso,0,
2024_13063032,2024_13063032_02,Mujer,63.0,TEPEJI DEL RO DE OCAMPO,,,,1.0,4.8,,,,4.8,,,,0,
2024_13063034,2024_13063034_01,Mujer,52.0,TEPEJI DEL RO DE OCAMPO,60.1,141.9,,1.0,4.4,29.847618224627908,60.1,141.9,4.4,29.847618224627908,29.847618224627908,Sobrepeso,0,
2024_13076024,2024_13076024_01,Hombre,59.0,TULA DE ALLENDE,71.9,161.4,,1.0,6.2,27.600810135600973,71.9,161.4,6.2,27.600810135600973,27.600810135600973,Sobrepeso,0,
2024_13076026,2024_13076026_02,Mujer,74.0,TULA DE ALLENDE,,,,1.0,4.1,,,,4.1,,,,0,
2024_13076027,2024_13076027_01,Hombre,72.0,TULA DE ALLENDE,,,,1.0,5.8,,,,5.8,,,,0,
2024_13076027,2024_13076027_03,Mujer,44.0,TULA DE ALLENDE,66.85,153.8,,1.0,4.6,28.261079103965255,66.85,153.8,4.6,28.261079103965255,28.261079103965255,Sobrepeso,0,
2024_13076030,2024_13076030_01,Hombre,68.0,TULA DE ALLENDE,,,,1.0,5.3,,,,5.3,,,,0,
2024_13076030,2024_13076030_02,Mujer,38.0,TULA DE ALLENDE,78.4,155.8,,1.0,5.9,32.29841095113876,78.4,155.8,5.9,32.29841095113876,32.29841095113876,Obesidad I,0,
2024_13080002,2024_13080002_01,Mujer,55.0,YAHUALICA,52.25,146.0,,1.0,3.8,24.512103584162134,52.25,146.0,3.8,24.512103584162134,24.512103584162134,Normal,0,
2024_13080004,2024_13080004_02,Mujer,83.0,YAHUALICA,,,,1.0,3.0,,,,3.0,,,,0,
2024_13080005,2024_13080005_01,Hombre,57.0,YAHUALICA,70.15,164.0,,1.0,4.0,26.081945270672225,70.15,164.0,4.0,26.081945270672225,26.081945270672225,Sobrepeso,0,
2024_13080005,2024_13080005_04,Hombre,30.0,YAHUALICA,91.15,164.5,,1.0,6.1,33.68409382766235,91.15,164.5,6.1,33.68409382766235,33.68409382766235,Obesidad I,0,
2024_13080007,2024_13080007_01,Mujer,34.0,YAHUALICA,65.5,149.5,,1.0,4.4,29.306159886354735,65.5,149.5,4.4,29.306159886354735,29.306159886354735,Sobrepeso,0,
2024_13080025,2024_13080025_01,Hombre,40.0,YAHUALICA,67.9,164.0,,1.0,6.1,25.24538964901845,67.9,164.0,6.1,25.24538964901845,25.24538964901845,Sobrepeso,0,
2024_13080031,2024_13080031_01,Hombre,46.0,YAHUALICA,62.6,159.7,,1.0,5.0,24.545082769077435,62.6,159.7,5.0,24.545082769077435,24.545082769077435,Normal,0,
2024_13080032,2024_13080032_01,Hombre,,YAHUALICA,,,,1.0,5.2,,,,5.2,,,,0,
2024_14002008,2024_14002008_01,Mujer,76.0,ACATLN DE JUAREZ,,,,1.0,6.7,,,,6.7,,,,1,
2024_14002027,2024_14002027_01,Hombre,32.0,ACATLN DE JUAREZ,94.95,166.5,,1.0,6.7,34.250466682899116,94.95,166.5,6.7,34.250466682899116,34.250466682899116,Obesidad I,0,
2024_14002028,2024_14002028_01,Hombre,74.0,ACATLN DE JUAREZ,,,,1.0,6.8,,,,6.8,,,,0,
2024_14008014,2024_14008014_01,Hombre,59.0,ARANDAS,222.22,222.2,,1.0,7.9,45.00855126016652,222.22,222.2,7.9,45.00855126016652,45.00855126016652,Obesidad III,1,
2024_14008014,2024_14008014_03,Hombre,21.0,ARANDAS,222.22,222.2,,1.0,5.6,45.00855126016652,222.22,222.2,5.6,45.00855126016652,45.00855126016652,Obesidad III,0,
2024_14008024,2024_14008024_01,Mujer,50.0,ARANDAS,80.1,144.9,,1.0,4.4,38.15010566293309,80.1,144.9,4.4,38.15010566293309,38.15010566293309,Obesidad II,0,
2024_14008026,2024_14008026_02,Mujer,51.0,ARANDAS,77.6,154.5,,1.0,5.2,32.50908557723526,77.6,154.5,5.2,32.50908557723526,32.50908557723526,Obesidad I,0,
2024_14008027,2024_14008027_02,Mujer,57.0,ARANDAS,67.0,150.0,,1.0,5.7,29.77777777777778,67.0,150.0,5.7,29.77777777777778,29.77777777777778,Sobrepeso,0,
2024_14008028,2024_14008028_01,Hombre,40.0,ARANDAS,70.95,163.4,,1.0,6.6,26.57347162275333,70.95,163.4,6.6,26.57347162275333,26.57347162275333,Sobrepeso,0,
2024_14008033,2024_14008033_01,Hombre,37.0,ARANDAS,70.0,164.9,,1.0,5.5,25.742856081621035,70.0,164.9,5.5,25.742856081621035,25.742856081621035,Sobrepeso,0,
2024_14008035,2024_14008035_02,Mujer,56.0,ARANDAS,52.2,155.2,,1.0,3.7,21.67140503772984,52.2,155.2,3.7,21.67140503772984,21.67140503772984,Normal,0,
2024_14032004,2024_14032004_01,Hombre,72.0,CHIQUILISTLN,,,,1.0,4.4,,,,4.4,,,,0,
2024_14032008,2024_14032008_01,Hombre,39.0,CHIQUILISTLN,107.2,165.3,,1.0,5.8,39.23277957289703,107.2,165.3,5.8,39.23277957289703,39.23277957289703,Obesidad II,0,
2024_14032014,2024_14032014_01,Mujer,30.0,CHIQUILISTLN,58.6,155.1,,1.0,3.4,24.359816943873902,58.6,155.1,3.4,24.359816943873902,24.359816943873902,Normal,0,
2024_14032023,2024_14032023_01,Mujer,46.0,CHIQUILISTLN,61.2,162.1,,1.0,5.1,23.290852898093764,61.2,162.1,5.1,23.290852898093764,23.290852898093764,Normal,0,
2024_14032025,2024_14032025_01,Hombre,61.0,CHIQUILISTLN,,,,1.0,7.8,,,,7.8,,,,1,
2024_14032025,2024_14032025_03,Hombre,36.0,CHIQUILISTLN,78.15,163.8,,1.0,4.0,29.127364292199456,78.15,163.8,4.0,29.127364292199456,29.127364292199456,Sobrepeso,0,
2024_14039009,2024_14039009_02,Mujer,52.0,GUADALAJARA,77.75,156.6,,1.0,3.7,31.704206077747283,77.75,156.6,3.7,31.704206077747283,31.704206077747283,Obesidad I,0,
2024_14039050,2024_14039050_01,Mujer,52.0,GUADALAJARA,74.15,155.0,,1.0,4.3,30.863683662851194,74.15,155.0,4.3,30.863683662851194,30.863683662851194,Obesidad I,0,
2024_14039050,2024_14039050_02,Mujer,37.0,GUADALAJARA,77.1,147.2,,1.0,7.0,35.582688445179585,77.1,147.2,7.0,35.582688445179585,35.582688445179585,Obesidad II,1,
2024_14039067,2024_14039067_01,Hombre,83.0,GUADALAJARA,,,,1.0,5.2,,,,5.2,,,,0,
2024_14039067,2024_14039067_04,Mujer,41.0,GUADALAJARA,89.25,172.6,,1.0,4.1,29.95895371585015,89.25,172.6,4.1,29.95895371585015,29.95895371585015,Sobrepeso,0,
2024_14039095,2024_14039095_01,Hombre,63.0,GUADALAJARA,,,,1.0,6.3,,,,6.3,,,,0,
2024_14039111,2024_14039111_03,Mujer,27.0,GUADALAJARA,56.9,160.1,,1.0,4.3,22.198805321939247,56.9,160.1,4.3,22.198805321939247,22.198805321939247,Normal,0,
2024_14066004,2024_14066004_02,Mujer,23.0,PONCITLN,72.05,157.1,,1.0,3.8,29.1931941163052,72.05,157.1,3.8,29.1931941163052,29.1931941163052,Sobrepeso,0,
2024_14066009,2024_14066009_01,Mujer,34.0,PONCITLN,50.7,162.4,,1.0,4.5,19.223652600160158,50.7,162.4,4.5,19.223652600160158,19.223652600160158,Normal,0,
2024_14066014,2024_14066014_01,Hombre,39.0,PONCITLN,222.22,222.2,,1.0,4.7,45.00855126016652,222.22,222.2,4.7,45.00855126016652,45.00855126016652,Obesidad III,0,
2024_14066018,2024_14066018_01,Mujer,47.0,PONCITLN,62.45,149.8,,1.0,2.9,27.829718663603085,62.45,149.8,2.9,27.829718663603085,27.829718663603085,Sobrepeso,0,
2024_14066022,2024_14066022_01,Hombre,65.0,PONCITLN,,,,1.0,9.4,,,,9.4,,,,1,
2024_14066022,2024_14066022_03,Mujer,35.0,PONCITLN,78.7,154.5,,1.0,5.4,32.969910243922875,78.7,154.5,5.4,32.969910243922875,32.969910243922875,Obesidad I,0,
2024_14066030,2024_14066030_01,Mujer,39.0,PONCITLN,75.55,161.5,,1.0,4.0,28.96605929319748,75.55,161.5,4.0,28.96605929319748,28.96605929319748,Sobrepeso,0,
2024_14067013,2024_14067013_01,Mujer,55.0,PUERTO VALLARTA,77.9,151.0,,1.0,3.9,34.16516819437744,77.9,151.0,3.9,34.16516819437744,34.16516819437744,Obesidad I,0,
2024_14067015,2024_14067015_01,Hombre,75.0,PUERTO VALLARTA,,,,1.0,3.8,,,,3.8,,,,0,
2024_14067015,2024_14067015_03,Hombre,39.0,PUERTO VALLARTA,75.2,176.2,,1.0,3.5,24.22177872889775,75.2,176.2,3.5,24.22177872889775,24.22177872889775,Normal,0,
2024_14067016,2024_14067016_01,Mujer,58.0,PUERTO VALLARTA,58.65,163.5,,1.0,3.1,21.939791824481667,58.65,163.5,3.1,21.939791824481667,21.939791824481667,Normal,0,
2024_14067019,2024_14067019_01,Hombre,44.0,PUERTO VALLARTA,74.6,167.9,,1.0,5.2,26.462899972011755,74.6,167.9,5.2,26.462899972011755,26.462899972011755,Sobrepeso,0,
2024_14083010,2024_14083010_01,Mujer,57.0,TALA,112.2,152.4,,1.0,3.6,48.30842995019323,112.2,152.4,3.6,48.30842995019323,48.30842995019323,Obesidad III,0,
2024_14097003,2024_14097003_02,Hombre,27.0,TLAJOMULCO DE ZIGA,87.0,183.4,,1.0,7.6,25.86548284018461,87.0,183.4,7.6,25.86548284018461,25.86548284018461,Sobrepeso,1,
2024_14097010,2024_14097010_02,Mujer,25.0,TLAJOMULCO DE ZIGA,68.1,155.0,,1.0,5.2,28.345473465140472,68.1,155.0,5.2,28.345473465140472,28.345473465140472,Sobrepeso,0,
2024_14097019,2024_14097019_01,Mujer,38.0,TLAJOMULCO DE ZIGA,61.0,157.3,,1.0,5.1,24.653148388916748,61.0,157.3,5.1,24.653148388916748,24.653148388916748,Normal,0,
2024_14098010,2024_14098010_02,Mujer,50.0,SAN PEDRO TLAQUEPAQUE,81.15,162.3,,1.0,5.0,30.80714725816389,81.15,162.3,5.0,30.80714725816389,30.80714725816389,Obesidad I,0,
2024_14098018,2024_14098018_01,Mujer,52.0,SAN PEDRO TLAQUEPAQUE,56.1,154.5,,1.0,5.1,23.502058001068278,56.1,154.5,5.1,23.502058001068278,23.502058001068278,Normal,0,
2024_14098036,2024_14098036_01,Mujer,40.0,SAN PEDRO TLAQUEPAQUE,61.75,147.2,,1.0,3.7,28.498456698960304,61.75,147.2,3.7,28.498456698960304,28.498456698960304,Sobrepeso,0,
2024_14098036,2024_14098036_02,Mujer,67.0,SAN PEDRO TLAQUEPAQUE,,,,1.0,4.6,,,,4.6,,,,0,
2024_14098037,2024_14098037_01,Mujer,72.0,SAN PEDRO TLAQUEPAQUE,,,,1.0,5.0,,,,5.0,,,,0,
2024_14098040,2024_14098040_01,Mujer,70.0,SAN PEDRO TLAQUEPAQUE,,,,1.0,4.9,,,,4.9,,,,0,
2024_14101004,2024_14101004_01,Mujer,31.0,TONAL,81.4,164.2,,1.0,4.0,30.191041791226358,81.4,164.2,4.0,30.191041791226358,30.191041791226358,Obesidad I,0,
2024_14101005,2024_14101005_02,Mujer,58.0,TONAL,54.8,150.5,,1.0,4.1,24.193993443780975,54.8,150.5,4.1,24.193993443780975,24.193993443780975,Normal,0,
2024_14101015,2024_14101015_01,Mujer,31.0,TONAL,60.95,156.2,,1.0,5.0,24.98110534935841,60.95,156.2,5.0,24.98110534935841,24.98110534935841,Normal,0,
2024_14101015,2024_14101015_02,Hombre,64.0,TONAL,,,,1.0,7.6,,,,7.6,,,,1,
2024_14101016,2024_14101016_02,Mujer,37.0,TONAL,70.25,152.3,,1.0,3.5,30.28632105914605,70.25,152.3,3.5,30.28632105914605,30.28632105914605,Obesidad I,0,
2024_14101027,2024_14101027_01,Mujer,59.0,TONAL,104.8,167.2,,1.0,7.3,37.487694878780246,104.8,167.2,7.3,37.487694878780246,37.487694878780246,Obesidad II,1,
2024_14101027,2024_14101027_02,Hombre,23.0,TONAL,67.9,171.2,,1.0,5.5,23.166597519434017,67.9,171.2,5.5,23.166597519434017,23.166597519434017,Normal,0,
2024_14101033,2024_14101033_01,Mujer,59.0,TONAL,58.7,144.5,,1.0,3.8,28.112690221620912,58.7,144.5,3.8,28.112690221620912,28.112690221620912,Sobrepeso,0,
2024_14101057,2024_14101057_01,Hombre,45.0,TONAL,99.9,171.3,,1.0,8.6,34.044798046871406,99.9,171.3,8.6,34.044798046871406,34.044798046871406,Obesidad I,1,
2024_14101060,2024_14101060_01,Mujer,23.0,TONAL,56.2,150.5,,1.0,4.3,24.81208816679728,56.2,150.5,4.3,24.81208816679728,24.81208816679728,Normal,0,
2024_14101069,2024_14101069_01,Mujer,42.0,TONAL,54.1,155.4,,1.0,4.4,22.402435529848656,54.1,155.4,4.4,22.402435529848656,22.402435529848656,Normal,0,
2024_14101069,2024_14101069_02,Hombre,49.0,TONAL,91.2,175.4,,1.0,7.3,29.643921890866164,91.2,175.4,7.3,29.643921890866164,29.643921890866164,Sobrepeso,1,
2024_14120004,2024_14120004_06,Mujer,29.0,ZAPOPAN,71.2,153.0,,1.0,4.3,30.415652099619805,71.2,153.0,4.3,30.415652099619805,30.415652099619805,Obesidad I,0,
2024_14120009,2024_14120009_02,Mujer,50.0,ZAPOPAN,101.8,157.6,,1.0,5.5,40.98598263289444,101.8,157.6,5.5,40.98598263289444,40.98598263289444,Obesidad III,0,
2024_14120009,2024_14120009_04,Mujer,23.0,ZAPOPAN,56.0,156.9,,1.0,6.0,22.74794344373804,56.0,156.9,6.0,22.74794344373804,22.74794344373804,Normal,0,
2024_14120013,2024_14120013_01,Mujer,84.0,ZAPOPAN,,,,1.0,3.9,,,,3.9,,,,0,
2024_14120022,2024_14120022_01,Mujer,34.0,ZAPOPAN,83.4,159.9,,1.0,4.8,32.618885865579685,83.4,159.9,4.8,32.618885865579685,32.618885865579685,Obesidad I,0,
2024_14120024,2024_14120024_01,Mujer,49.0,ZAPOPAN,92.1,160.9,,1.0,4.6,35.57521570130106,92.1,160.9,4.6,35.57521570130106,35.57521570130106,Obesidad II,0,
2024_14120024,2024_14120024_02,Mujer,24.0,ZAPOPAN,67.7,157.5,,1.0,3.8,27.291509196271104,67.7,157.5,3.8,27.291509196271104,27.291509196271104,Sobrepeso,0,
2024_14120029,2024_14120029_02,Mujer,55.0,ZAPOPAN,81.35,153.5,,1.0,3.7,34.52556525798682,81.35,153.5,3.7,34.52556525798682,34.52556525798682,Obesidad I,0,
2024_14120029,2024_14120029_04,Hombre,20.0,ZAPOPAN,93.8,164.4,,1.0,6.3,34.70557242734769,93.8,164.4,6.3,34.70557242734769,34.70557242734769,Obesidad I,0,
2024_14120052,2024_14120052_01,Mujer,69.0,ZAPOPAN,,,,1.0,3.9,,,,3.9,,,,0,
2024_15024006,2024_15024006_01,Hombre,62.0,CUAUTITLN,,,,1.0,6.0,,,,6.0,,,,0,
2024_15024014,2024_15024014_01,Mujer,45.0,CUAUTITLN,100.7,156.4,,1.0,3.5,41.167640190736584,100.7,156.4,3.5,41.167640190736584,41.167640190736584,Obesidad III,0,
2024_15024014,2024_15024014_03,Mujer,24.0,CUAUTITLN,113.0,150.3,,1.0,5.1,50.02193439689704,113.0,150.3,5.1,50.02193439689704,50.02193439689704,Obesidad III,0,
2024_15024018,2024_15024018_02,Hombre,68.0,CUAUTITLN,,,,1.0,7.1,,,,7.1,,,,1,
2024_15024018,2024_15024018_04,Mujer,26.0,CUAUTITLN,90.1,155.1,,1.0,4.1,37.454257792543316,90.1,155.1,4.1,37.454257792543316,37.454257792543316,Obesidad II,0,
2024_15024020,2024_15024020_02,Mujer,52.0,CUAUTITLN,58.05,157.4,,1.0,4.0,23.431104882549818,58.05,157.4,4.0,23.431104882549818,23.431104882549818,Normal,0,
2024_15024020,2024_15024020_03,Mujer,33.0,CUAUTITLN,62.1,165.6,,1.0,3.9,22.644927536231886,62.1,165.6,3.9,22.644927536231886,22.644927536231886,Normal,0,
2024_15024022,2024_15024022_02,Mujer,30.0,CUAUTITLN,82.25,162.2,,1.0,5.1,31.263256000644656,82.25,162.2,5.1,31.263256000644656,31.263256000644656,Obesidad I,0,
2024_15033002,2024_15033002_04,Mujer,48.0,ECATEPEC DE MORELOS,67.45,158.2,,1.0,3.2,26.95063458855232,67.45,158.2,3.2,26.95063458855232,26.95063458855232,Sobrepeso,0,
2024_15033002,2024_15033002_05,Mujer,29.0,ECATEPEC DE MORELOS,66.25,158.8,,1.0,4.5,26.271500992963595,66.25,158.8,4.5,26.271500992963595,26.271500992963595,Sobrepeso,0,
2024_15033004,2024_15033004_01,Hombre,58.0,ECATEPEC DE MORELOS,77.7,168.2,,1.0,4.7,27.46433171540025,77.7,168.2,4.7,27.46433171540025,27.46433171540025,Sobrepeso,0,
2024_15033004,2024_15033004_03,Hombre,22.0,ECATEPEC DE MORELOS,103.7,174.2,,1.0,6.3,34.1729487333271,103.7,174.2,6.3,34.1729487333271,34.1729487333271,Obesidad I,0,
2024_15033020,2024_15033020_02,Mujer,77.0,ECATEPEC DE MORELOS,,,,1.0,5.6,,,,5.6,,,,0,
2024_15033027,2024_15033027_01,Hombre,60.0,ECATEPEC DE MORELOS,61.6,156.6,,1.0,5.6,25.118702178639648,61.6,156.6,5.6,25.118702178639648,25.118702178639648,Sobrepeso,0,
2024_15057003,2024_15057003_01,Hombre,81.0,NAUCALPAN DE JUAREZ,,,,1.0,4.9,,,,4.9,,,,0,
2024_15059005,2024_15059005_01,Hombre,66.0,NEXTLALPAN,,,,1.0,5.0,,,,5.0,,,,0,
2024_15059005,2024_15059005_03,Mujer,30.0,NEXTLALPAN,50.9,126.5,,1.0,4.2,31.80802699620366,50.9,126.5,4.2,31.80802699620366,31.80802699620366,Obesidad I,0,
2024_15059012,2024_15059012_02,Mujer,40.0,NEXTLALPAN,60.4,156.0,,1.0,4.1,24.819197896120972,60.4,156.0,4.1,24.819197896120972,24.819197896120972,Normal,0,
2024_15059023,2024_15059023_02,Mujer,47.0,NEXTLALPAN,64.45,146.8,,1.0,4.9,29.906859505973014,64.45,146.8,4.9,29.906859505973014,29.906859505973014,Sobrepeso,0,
2024_15059023,2024_15059023_04,Mujer,22.0,NEXTLALPAN,73.3,150.0,,1.0,4.9,32.577777777777776,73.3,150.0,4.9,32.577777777777776,32.577777777777776,Obesidad I,0,
2024_15059028,2024_15059028_01,Hombre,66.0,NEXTLALPAN,,,,1.0,3.9,,,,3.9,,,,0,
2024_15059028,2024_15059028_03,Mujer,34.0,NEXTLALPAN,57.6,153.5,,1.0,3.6,24.44588271493597,57.6,153.5,3.6,24.44588271493597,24.44588271493597,Normal,0,
2024_15059029,2024_15059029_02,Mujer,40.0,NEXTLALPAN,67.0,156.5,,1.0,5.2,27.35559207504415,67.0,156.5,5.2,27.35559207504415,27.35559207504415,Sobrepeso,0,
2024_15059031,2024_15059031_02,Mujer,32.0,NEXTLALPAN,94.0,153.1,,1.0,6.3,40.10305632218284,94.0,153.1,6.3,40.10305632218284,40.10305632218284,Obesidad III,1,
2024_15060001,2024_15060001_01,Hombre,48.0,NICOLS ROMERO,58.9,170.3,,1.0,7.7,20.308881187528208,58.9,170.3,7.7,20.308881187528208,20.308881187528208,Normal,1,
2024_15060001,2024_15060001_02,Mujer,42.0,NICOLS ROMERO,71.75,155.3,,1.0,5.0,29.749453625888282,71.75,155.3,5.0,29.749453625888282,29.749453625888282,Sobrepeso,0,
2024_15060010,2024_15060010_03,Hombre,52.0,NICOLS ROMERO,70.75,179.9,,1.0,5.7,21.86070267559551,70.75,179.9,5.7,21.86070267559551,21.86070267559551,Normal,0,
2024_15060016,2024_15060016_01,Hombre,52.0,NICOLS ROMERO,62.85,165.0,,1.0,8.3,23.085399449035815,62.85,165.0,8.3,23.085399449035815,23.085399449035815,Normal,1,
2024_15060016,2024_15060016_02,Mujer,39.0,NICOLS ROMERO,92.4,156.3,,1.0,3.6,37.822829516051975,92.4,156.3,3.6,37.822829516051975,37.822829516051975,Obesidad II,0,
2024_15060017,2024_15060017_02,Mujer,53.0,NICOLS ROMERO,69.8,150.3,,1.0,2.9,30.898504609764718,69.8,150.3,2.9,30.898504609764718,30.898504609764718,Obesidad I,0,
2024_15060017,2024_15060017_04,Mujer,26.0,NICOLS ROMERO,83.0,172.0,,1.0,4.5,28.055705786911847,83.0,172.0,4.5,28.055705786911847,28.055705786911847,Sobrepeso,0,
2024_15060021,2024_15060021_02,Mujer,27.0,NICOLS ROMERO,68.7,156.2,,1.0,4.2,28.15753794095033,68.7,156.2,4.2,28.15753794095033,28.15753794095033,Sobrepeso,0,
2024_15094002,2024_15094002_04,Mujer,36.0,TEPETLIXPA,99.05,151.2,,1.0,3.6,43.32622966882227,99.05,151.2,3.6,43.32622966882227,43.32622966882227,Obesidad III,0,
2024_15094004,2024_15094004_01,Mujer,56.0,TEPETLIXPA,53.1,147.7,,1.0,2.7,24.34072616041318,53.1,147.7,2.7,24.34072616041318,24.34072616041318,Normal,0,
2024_15094006,2024_15094006_01,Mujer,61.0,TEPETLIXPA,,,,1.0,5.3,,,,5.3,,,,0,
2024_15094008,2024_15094008_02,Mujer,25.0,TEPETLIXPA,93.15,154.3,,1.0,3.8,39.12469879442165,93.15,154.3,3.8,39.12469879442165,39.12469879442165,Obesidad II,0,
2024_15094013,2024_15094013_03,Hombre,25.0,TEPETLIXPA,69.15,174.3,,1.0,4.3,22.761318201253502,69.15,174.3,4.3,22.761318201253502,22.761318201253502,Normal,0,
2024_15094013,2024_15094013_04,Mujer,78.0,TEPETLIXPA,,,,1.0,5.1,,,,5.1,,,,0,
2024_15094017,2024_15094017_01,Hombre,69.0,TEPETLIXPA,,,,1.0,5.0,,,,5.0,,,,0,
2024_15094017,2024_15094017_04,Mujer,37.0,TEPETLIXPA,94.3,162.9,,1.0,4.6,35.53608042685503,94.3,162.9,4.6,35.53608042685503,35.53608042685503,Obesidad II,0,
2024_15094035,2024_15094035_01,Mujer,65.0,TEPETLIXPA,,,,1.0,4.1,,,,4.1,,,,0,
2024_15094035,2024_15094035_02,Hombre,24.0,TEPETLIXPA,69.8,171.2,,1.0,5.1,23.814852825574288,69.8,171.2,5.1,23.814852825574288,23.814852825574288,Normal,0,
2024_15094036,2024_15094036_02,Mujer,60.0,TEPETLIXPA,56.6,149.0,,1.0,3.8,25.494347101481917,56.6,149.0,3.8,25.494347101481917,25.494347101481917,Sobrepeso,0,
2024_15094036,2024_15094036_03,Mujer,32.0,TEPETLIXPA,70.8,164.0,,1.0,4.2,26.323616894705538,70.8,164.0,4.2,26.323616894705538,26.323616894705538,Sobrepeso,0,
2024_15094041,2024_15094041_01,Mujer,51.0,TEPETLIXPA,63.6,157.3,,1.0,4.5,25.703938320247627,63.6,157.3,4.5,25.703938320247627,25.703938320247627,Sobrepeso,0,
2024_15094041,2024_15094041_04,Hombre,30.0,TEPETLIXPA,79.95,174.4,,1.0,6.5,26.286060727211517,79.95,174.4,6.5,26.286060727211517,26.286060727211517,Sobrepeso,0,
2024_15094044,2024_15094044_01,Hombre,75.0,TEPETLIXPA,,,,1.0,5.6,,,,5.6,,,,0,
2024_15100008,2024_15100008_02,Mujer,31.0,TEZOYUCA,55.55,154.4,,1.0,4.3,23.30180004832344,55.55,154.4,4.3,23.30180004832344,23.30180004832344,Normal,0,
2024_15100020,2024_15100020_01,Mujer,43.0,TEZOYUCA,61.3,151.7,,1.0,4.7,26.63724547416687,61.3,151.7,4.7,26.63724547416687,26.63724547416687,Sobrepeso,0,
2024_15100027,2024_15100027_01,Hombre,75.0,TEZOYUCA,,,,1.0,4.1,,,,4.1,,,,0,
2024_15109003,2024_15109003_01,Mujer,48.0,TULTITLN,63.25,157.0,,1.0,4.3,25.66027019351698,63.25,157.0,4.3,25.66027019351698,25.66027019351698,Sobrepeso,0,
2024_15109003,2024_15109003_02,Mujer,20.0,TULTITLN,57.25,152.5,,1.0,4.4,24.617038430529433,57.25,152.5,4.4,24.617038430529433,24.617038430529433,Normal,0,
2024_15109004,2024_15109004_01,Mujer,75.0,TULTITLN,,,17.0,1.0,3.9,,,,3.9,,17.0,Bajo peso,0,17.0
2024_15109005,2024_15109005_01,Hombre,72.0,TULTITLN,,,,1.0,5.2,,,,5.2,,,,0,
2024_15109006,2024_15109006_05,Mujer,48.0,TULTITLN,116.1,158.5,,1.0,6.6,46.214013474111596,116.1,158.5,6.6,46.214013474111596,46.214013474111596,Obesidad III,1,
2024_15109012,2024_15109012_02,Mujer,61.0,TULTITLN,,,,1.0,6.7,,,,6.7,,,,1,
2024_15109014,2024_15109014_02,Mujer,59.0,TULTITLN,68.05,143.2,,1.0,3.9,33.18502075465809,68.05,143.2,3.9,33.18502075465809,33.18502075465809,Obesidad I,0,
2024_15109017,2024_15109017_02,Mujer,61.0,TULTITLN,,,,1.0,3.5,,,,3.5,,,,0,
2024_15109017,2024_15109017_04,Mujer,25.0,TULTITLN,87.25,155.6,,1.0,4.7,36.03680255879884,87.25,155.6,4.7,36.03680255879884,36.03680255879884,Obesidad II,0,
2024_15109021,2024_15109021_03,Mujer,25.0,TULTITLN,50.75,154.6,,1.0,4.1,21.233279054238373,50.75,154.6,4.1,21.233279054238373,21.233279054238373,Normal,0,
2024_15109024,2024_15109024_02,Mujer,57.0,TULTITLN,63.6,161.7,,1.0,3.5,24.324116558412875,63.6,161.7,3.5,24.324116558412875,24.324116558412875,Normal,0,
2024_15109024,2024_15109024_03,Hombre,35.0,TULTITLN,89.4,177.9,,1.0,5.8,28.247864584666335,89.4,177.9,5.8,28.247864584666335,28.247864584666335,Sobrepeso,0,
2024_15121003,2024_15121003_03,Mujer,46.0,CUAUTITLN IZCALLI,75.3,154.0,,1.0,6.4,31.75071681565188,75.3,154.0,6.4,31.75071681565188,31.75071681565188,Obesidad I,1,
2024_15121003,2024_15121003_04,Mujer,27.0,CUAUTITLN IZCALLI,87.2,159.4,,1.0,7.3,34.319412980609535,87.2,159.4,7.3,34.319412980609535,34.319412980609535,Obesidad I,1,
2024_15121009,2024_15121009_01,Hombre,40.0,CUAUTITLN IZCALLI,73.75,165.2,,1.0,5.5,27.02352127291595,73.75,165.2,5.5,27.02352127291595,27.02352127291595,Sobrepeso,0,
2024_15121026,2024_15121026_01,Mujer,38.0,CUAUTITLN IZCALLI,82.05,158.2,,1.0,4.7,32.784278250418346,82.05,158.2,4.7,32.784278250418346,32.784278250418346,Obesidad I,0,
2024_15121030,2024_15121030_02,Mujer,65.0,CUAUTITLN IZCALLI,,,,1.0,4.0,,,,4.0,,,,0,
2024_16006002,2024_16006002_01,Hombre,69.0,APATZINGN,,,,1.0,5.4,,,,5.4,,,,0,
2024_16006002,2024_16006002_03,Mujer,26.0,APATZINGN,86.9,161.5,,1.0,4.3,33.31767773102398,86.9,161.5,4.3,33.31767773102398,33.31767773102398,Obesidad I,0,
2024_16006007,2024_16006007_02,Mujer,28.0,APATZINGN,69.45,153.5,,1.0,5.5,29.47511379431082,69.45,153.5,5.5,29.47511379431082,29.47511379431082,Sobrepeso,0,
2024_16006014,2024_16006014_01,Hombre,-7975.0,APATZINGN,78.25,157.0,,1.0,5.2,31.74570976510203,78.25,157.0,5.2,31.74570976510203,31.74570976510203,Obesidad I,0,
2024_16006014,2024_16006014_02,Mujer,34.0,APATZINGN,69.15,155.5,,1.0,5.6,28.597719212994082,69.15,155.5,5.6,28.597719212994082,28.597719212994082,Sobrepeso,0,
2024_16006017,2024_16006017_01,Hombre,47.0,APATZINGN,71.15,163.6,,1.0,4.2,26.583264088569535,71.15,163.6,4.2,26.583264088569535,26.583264088569535,Sobrepeso,0,
2024_16006017,2024_16006017_02,Mujer,33.0,APATZINGN,80.6,160.0,,1.0,4.5,31.484374999999993,80.6,160.0,4.5,31.484374999999993,31.484374999999993,Obesidad I,0,
2024_16006026,2024_16006026_02,Mujer,44.0,APATZINGN,77.0,161.8,,1.0,3.1,29.412618548132027,77.0,161.8,3.1,29.412618548132027,29.412618548132027,Sobrepeso,0,
2024_16012002,2024_16012002_01,Mujer,64.0,BUENAVISTA,,,,1.0,4.1,,,,4.1,,,,0,
2024_16012004,2024_16012004_02,Mujer,64.0,BUENAVISTA,,,,1.0,5.7,,,,5.7,,,,0,
2024_16012020,2024_16012020_01,Hombre,47.0,BUENAVISTA,76.85,154.5,,1.0,5.3,32.194886940857344,76.85,154.5,5.3,32.194886940857344,32.194886940857344,Obesidad I,0,
2024_16012020,2024_16012020_03,Mujer,22.0,BUENAVISTA,45.45,148.3,,1.0,2.4,20.66576971011995,45.45,148.3,2.4,20.66576971011995,20.66576971011995,Normal,0,
2024_16012021,2024_16012021_01,Hombre,37.0,BUENAVISTA,82.25,172.3,,1.0,6.1,27.705459137563583,82.25,172.3,6.1,27.705459137563583,27.705459137563583,Sobrepeso,0,
2024_16012022,2024_16012022_03,Mujer,95.0,BUENAVISTA,,,,1.0,4.9,,,,4.9,,,,0,
2024_16012024,2024_16012024_01,Hombre,46.0,BUENAVISTA,74.0,166.7,,1.0,6.3,26.629347195947737,74.0,166.7,6.3,26.629347195947737,26.629347195947737,Sobrepeso,0,
2024_16012024,2024_16012024_02,Mujer,40.0,BUENAVISTA,89.2,156.0,,1.0,3.2,36.65351742274819,89.2,156.0,3.2,36.65351742274819,36.65351742274819,Obesidad II,0,
2024_16012027,2024_16012027_01,Mujer,80.0,BUENAVISTA,,,,1.0,4.3,,,,4.3,,,,0,
2024_16012027,2024_16012027_02,Mujer,45.0,BUENAVISTA,63.95,160.0,,1.0,2.4,24.980468749999996,63.95,160.0,2.4,24.980468749999996,24.980468749999996,Normal,0,
2024_16012028,2024_16012028_01,Hombre,88.0,BUENAVISTA,,,,1.0,6.5,,,,6.5,,,,0,
2024_16030006,2024_16030006_02,Mujer,48.0,ECUANDUREO,79.5,160.0,,1.0,3.7,31.054687499999993,79.5,160.0,3.7,31.054687499999993,31.054687499999993,Obesidad I,0,
2024_16030009,2024_16030009_01,Mujer,62.0,ECUANDUREO,,,,1.0,2.4,,,,2.4,,,,0,
2024_16047001,2024_16047001_01,Hombre,66.0,JUNGAPEO,,,,1.0,5.9,,,,5.9,,,,0,
2024_16047001,2024_16047001_03,Mujer,23.0,JUNGAPEO,61.75,152.7,,1.0,4.5,26.482494320737963,61.75,152.7,4.5,26.482494320737963,26.482494320737963,Sobrepeso,0,
2024_16047004,2024_16047004_01,Hombre,42.0,JUNGAPEO,83.15,164.2,,1.0,7.1,30.840112100005793,83.15,164.2,7.1,30.840112100005793,30.840112100005793,Obesidad I,1,
2024_16047005,2024_16047005_01,Hombre,50.0,JUNGAPEO,76.35,165.0,,1.0,6.7,28.044077134986228,76.35,165.0,6.7,28.044077134986228,28.044077134986228,Sobrepeso,0,
2024_16047005,2024_16047005_02,Mujer,41.0,JUNGAPEO,75.6,153.2,,1.0,5.3,32.211004233446275,75.6,153.2,5.3,32.211004233446275,32.211004233446275,Obesidad I,0,
2024_16047006,2024_16047006_01,Hombre,74.0,JUNGAPEO,,,,1.0,6.3,,,,6.3,,,,0,
2024_16047014,2024_16047014_01,Hombre,84.0,JUNGAPEO,,,,1.0,3.9,,,,3.9,,,,0,
2024_16047016,2024_16047016_01,Hombre,53.0,JUNGAPEO,79.9,165.9,,1.0,5.3,29.030466002562967,79.9,165.9,5.3,29.030466002562967,29.030466002562967,Sobrepeso,0,
2024_16047016,2024_16047016_03,Mujer,32.0,JUNGAPEO,57.7,161.3,,1.0,3.0,22.177218653923536,57.7,161.3,3.0,22.177218653923536,22.177218653923536,Normal,0,
2024_16047019,2024_16047019_01,Hombre,56.0,JUNGAPEO,64.5,159.0,,1.0,3.9,25.51323128040821,64.5,159.0,3.9,25.51323128040821,25.51323128040821,Sobrepeso,0,
2024_16047025,2024_16047025_01,Mujer,61.0,JUNGAPEO,,,,1.0,6.2,,,,6.2,,,,1,
2024_16047028,2024_16047028_01,Hombre,48.0,JUNGAPEO,81.4,174.3,,1.0,7.0,26.79351123039819,81.4,174.3,7.0,26.79351123039819,26.79351123039819,Sobrepeso,0,
2024_16051004,2024_16051004_02,Mujer,66.0,MARCOS CASTELLANOS,,,,1.0,3.4,,,,3.4,,,,0,
2024_16051007,2024_16051007_02,Mujer,47.0,MARCOS CASTELLANOS,59.35,159.9,,1.0,3.4,23.212600433119356,59.35,159.9,3.4,23.212600433119356,23.212600433119356,Normal,0,
2024_16051009,2024_16051009_01,Mujer,45.0,MARCOS CASTELLANOS,73.3,161.3,,1.0,5.1,28.173139121882063,73.3,161.3,5.1,28.173139121882063,28.173139121882063,Sobrepeso,0,
2024_16051014,2024_16051014_01,Hombre,42.0,MARCOS CASTELLANOS,99.75,175.2,,1.0,5.8,32.49710702445738,99.75,175.2,5.8,32.49710702445738,32.49710702445738,Obesidad I,0,
2024_16051015,2024_16051015_02,Mujer,23.0,MARCOS CASTELLANOS,70.7,156.5,,1.0,5.3,28.866274025457038,70.7,156.5,5.3,28.866274025457038,28.866274025457038,Sobrepeso,0,
2024_16051018,2024_16051018_02,Mujer,36.0,MARCOS CASTELLANOS,66.0,160.1,,1.0,3.2,25.749053624745,66.0,160.1,3.2,25.749053624745,25.749053624745,Sobrepeso,0,
2024_16051025,2024_16051025_02,Mujer,27.0,MARCOS CASTELLANOS,84.9,159.5,,1.0,4.0,33.372313558239405,84.9,159.5,4.0,33.372313558239405,33.372313558239405,Obesidad I,0,
2024_16051034,2024_16051034_01,Hombre,72.0,MARCOS CASTELLANOS,,,,1.0,6.1,,,,6.1,,,,0,
2024_16053003,2024_16053003_01,Mujer,72.0,MORELIA,,,,1.0,3.7,,,,3.7,,,,0,
2024_16053017,2024_16053017_01,Hombre,23.0,MORELIA,67.45,158.1,,1.0,6.2,26.98473852008413,67.45,158.1,6.2,26.98473852008413,26.98473852008413,Sobrepeso,0,
2024_16053020,2024_16053020_02,Mujer,31.0,MORELIA,80.2,164.6,,1.0,6.4,29.601567332861876,80.2,164.6,6.4,29.601567332861876,29.601567332861876,Sobrepeso,1,
2024_16053025,2024_16053025_01,Hombre,30.0,MORELIA,80.65,168.9,,1.0,5.0,28.27125400626279,80.65,168.9,5.0,28.27125400626279,28.27125400626279,Sobrepeso,0,
2024_16053037,2024_16053037_02,Hombre,,MORELIA,,,,1.0,3.7,,,,3.7,,,,0,
2024_16053037,2024_16053037_03,Hombre,42.0,MORELIA,86.35,175.6,28.0,1.0,8.1,28.003564738663663,86.35,175.6,8.1,28.003564738663663,28.0,Sobrepeso,1,28.0
2024_16053053,2024_16053053_01,Hombre,50.0,MORELIA,89.5,171.5,,1.0,6.6,30.42949791328443,89.5,171.5,6.6,30.42949791328443,30.42949791328443,Obesidad I,0,
2024_16053057,2024_16053057_01,Hombre,21.0,MORELIA,92.55,171.5,,1.0,7.1,31.466480803066748,92.55,171.5,7.1,31.466480803066748,31.466480803066748,Obesidad I,1,
2024_16053088,2024_16053088_01,Mujer,40.0,MORELIA,76.75,152.8,,1.0,5.4,32.872419889805656,76.75,152.8,5.4,32.872419889805656,32.872419889805656,Obesidad I,0,
2024_16062001,2024_16062001_02,Mujer,54.0,PAJACUARN,84.25,147.6,,1.0,3.2,38.67204999963278,84.25,147.6,3.2,38.67204999963278,38.67204999963278,Obesidad II,0,
2024_16062009,2024_16062009_01,Mujer,59.0,PAJACUARN,69.75,150.6,,1.0,4.2,30.75348010349042,69.75,150.6,4.2,30.75348010349042,30.75348010349042,Obesidad I,0,
2024_16062013,2024_16062013_01,Hombre,55.0,PAJACUARN,93.45,163.6,,1.0,7.4,34.91505311422099,93.45,163.6,7.4,34.91505311422099,34.91505311422099,Obesidad I,1,
2024_16062013,2024_16062013_03,Hombre,24.0,PAJACUARN,98.4,173.1,,1.0,4.9,32.83983471951478,98.4,173.1,4.9,32.83983471951478,32.83983471951478,Obesidad I,0,
2024_16062017,2024_16062017_01,Hombre,31.0,PAJACUARN,105.15,174.9,,1.0,6.2,34.37396718732684,105.15,174.9,6.2,34.37396718732684,34.37396718732684,Obesidad I,0,
2024_16062022,2024_16062022_01,Mujer,34.0,PAJACUARN,76.0,149.2,,1.0,3.7,34.140977078826126,76.0,149.2,3.7,34.140977078826126,34.140977078826126,Obesidad I,0,
2024_16062024,2024_16062024_01,Hombre,53.0,PAJACUARN,115.45,157.9,,1.0,7.7,46.30519071361333,115.45,157.9,7.7,46.30519071361333,46.30519071361333,Obesidad III,1,
2024_16062025,2024_16062025_01,Mujer,56.0,PAJACUARN,88.8,151.9,,1.0,5.1,38.485525238573416,88.8,151.9,5.1,38.485525238573416,38.485525238573416,Obesidad II,0,
2024_16062025,2024_16062025_02,Mujer,30.0,PAJACUARN,100.55,153.3,,1.0,5.5,42.78561365122766,100.55,153.3,5.5,42.78561365122766,42.78561365122766,Obesidad III,0,
2024_16062034,2024_16062034_01,Mujer,59.0,PAJACUARN,70.35,140.6,,1.0,5.4,35.58717061000508,70.35,140.6,5.4,35.58717061000508,35.58717061000508,Obesidad II,0,
2024_16062041,2024_16062041_02,Mujer,57.0,PAJACUARN,65.9,156.1,,1.0,4.0,27.04454059369128,65.9,156.1,4.0,27.04454059369128,27.04454059369128,Sobrepeso,0,
2024_16062041,2024_16062041_03,Mujer,26.0,PAJACUARN,58.9,150.6,,1.0,3.3,25.969605420725244,58.9,150.6,3.3,25.969605420725244,25.969605420725244,Sobrepeso,0,
2024_16062043,2024_16062043_02,Hombre,36.0,PAJACUARN,70.0,159.5,,1.0,10.2,27.51545287487348,70.0,159.5,10.2,27.51545287487348,27.51545287487348,Sobrepeso,1,
2024_16073010,2024_16073010_02,Mujer,71.0,QUIROGA,,,,1.0,7.9,,,,7.9,,,,1,
2024_16073010,2024_16073010_04,Mujer,36.0,QUIROGA,75.6,152.5,,1.0,6.5,32.507390486428385,75.6,152.5,6.5,32.507390486428385,32.507390486428385,Obesidad I,1,
2024_16073012,2024_16073012_01,Mujer,65.0,QUIROGA,,,,1.0,4.2,,,,4.2,,,,0,
2024_16073015,2024_16073015_01,Hombre,61.0,QUIROGA,,,,1.0,5.5,,,,5.5,,,,0,
2024_16073015,2024_16073015_03,Hombre,36.0,QUIROGA,76.65,164.0,,1.0,5.0,28.49866151100536,76.65,164.0,5.0,28.49866151100536,28.49866151100536,Sobrepeso,0,
2024_16075004,2024_16075004_01,Hombre,26.0,LOS REYES,95.95,178.1,,1.0,7.0,30.24942614363796,95.95,178.1,7.0,30.24942614363796,30.24942614363796,Obesidad I,0,
2024_16075011,2024_16075011_01,Mujer,53.0,LOS REYES,65.2,157.2,,1.0,6.1,26.384113849879252,65.2,157.2,6.1,26.384113849879252,26.384113849879252,Sobrepeso,1,
2024_16075015,2024_16075015_01,Hombre,72.0,LOS REYES,,,,1.0,6.7,,,,6.7,,,,0,
2024_16088026,2024_16088026_02,Mujer,43.0,TARMBARO,72.3,159.7,,1.0,3.2,28.348394316362594,72.3,159.7,3.2,28.348394316362594,28.348394316362594,Sobrepeso,0,
2024_16088032,2024_16088032_01,Mujer,44.0,TARMBARO,62.35,159.2,,1.0,3.5,24.600862351960817,62.35,159.2,3.5,24.600862351960817,24.600862351960817,Normal,0,
2024_16099001,2024_16099001_01,Hombre,76.0,TUZANTLA,,,,1.0,4.7,,,,4.7,,,,0,
2024_16099010,2024_16099010_01,Hombre,31.0,TUZANTLA,51.95,160.8,,1.0,4.3,20.091550951709113,51.95,160.8,4.3,20.091550951709113,20.091550951709113,Normal,0,
2024_16099011,2024_16099011_01,Hombre,31.0,TUZANTLA,53.75,160.8,,1.0,5.3,20.787697086705773,53.75,160.8,5.3,20.787697086705773,20.787697086705773,Normal,0,
2024_16099011,2024_16099011_03,Mujer,73.0,TUZANTLA,,,,1.0,5.0,,,,5.0,,,,0,
2024_16099014,2024_16099014_01,Hombre,75.0,TUZANTLA,,,,1.0,5.2,,,,5.2,,,,0,
2024_16099019,2024_16099019_01,Hombre,50.0,TUZANTLA,69.45,172.3,,1.0,5.8,23.393849691231498,69.45,172.3,5.8,23.393849691231498,23.393849691231498,Normal,0,
2024_16099019,2024_16099019_02,Mujer,42.0,TUZANTLA,76.65,160.4,,1.0,6.6,29.792258754609733,76.65,160.4,6.6,29.792258754609733,29.792258754609733,Sobrepeso,1,
2024_16099020,2024_16099020_02,Mujer,52.0,TUZANTLA,62.2,147.9,,1.0,4.0,28.43505264827714,62.2,147.9,4.0,28.43505264827714,28.43505264827714,Sobrepeso,0,
2024_16099025,2024_16099025_02,Mujer,54.0,TUZANTLA,64.2,146.2,,1.0,4.3,30.03587462408372,64.2,146.2,4.3,30.03587462408372,30.03587462408372,Obesidad I,0,
2024_16099025,2024_16099025_03,Mujer,25.0,TUZANTLA,63.25,151.8,,1.0,4.5,27.4483970136144,63.25,151.8,4.5,27.4483970136144,27.4483970136144,Sobrepeso,0,
2024_16099034,2024_16099034_01,Hombre,73.0,TUZANTLA,,,,1.0,6.9,,,,6.9,,,,0,
2024_16112022,2024_16112022_01,Hombre,59.0,ZITCUARO,79.3,169.9,,1.0,9.6,27.47175657460106,79.3,169.9,9.6,27.47175657460106,27.47175657460106,Sobrepeso,1,
2024_16112024,2024_16112024_01,Hombre,33.0,ZITCUARO,109.4,177.9,,1.0,7.0,34.567297377656566,109.4,177.9,7.0,34.567297377656566,34.567297377656566,Obesidad I,0,
2024_16112024,2024_16112024_02,Mujer,62.0,ZITCUARO,,,,1.0,3.9,,,,3.9,,,,0,
2024_17003002,2024_17003002_01,Mujer,32.0,AXOCHIAPAN,69.3,152.9,,1.0,3.5,29.642734471677066,69.3,152.9,3.5,29.642734471677066,29.642734471677066,Sobrepeso,0,
2024_17003003,2024_17003003_01,Mujer,65.0,AXOCHIAPAN,,,,1.0,2.3,,,,2.3,,,,0,
2024_17003010,2024_17003010_01,Hombre,,AXOCHIAPAN,,,,1.0,8.5,,,,8.5,,,,1,
2024_17003010,2024_17003010_03,Mujer,35.0,AXOCHIAPAN,55.1,150.3,,1.0,4.0,24.391226418309973,55.1,150.3,4.0,24.391226418309973,24.391226418309973,Normal,0,
2024_17003012,2024_17003012_02,Hombre,35.0,AXOCHIAPAN,71.5,154.6,,1.0,5.1,29.91486605671022,71.5,154.6,5.1,29.91486605671022,29.91486605671022,Sobrepeso,0,
2024_17003020,2024_17003020_03,Mujer,41.0,AXOCHIAPAN,57.75,149.2,,1.0,3.5,25.94265034608169,57.75,149.2,3.5,25.94265034608169,25.94265034608169,Sobrepeso,0,
2024_17003020,2024_17003020_05,Hombre,53.0,AXOCHIAPAN,97.05,170.2,,1.0,7.3,33.502439239934766,97.05,170.2,7.3,33.502439239934766,33.502439239934766,Obesidad I,1,
2024_17003032,2024_17003032_01,Hombre,60.0,AXOCHIAPAN,63.05,157.9,,1.0,5.8,25.288369636148293,63.05,157.9,5.8,25.288369636148293,25.288369636148293,Sobrepeso,0,
2024_17006012,2024_17006012_01,Mujer,54.0,CUAUTLA,50.8,148.4,,1.0,4.4,23.06725466975683,50.8,148.4,4.4,23.06725466975683,23.06725466975683,Normal,0,
2024_17006013,2024_17006013_01,Hombre,43.0,CUAUTLA,77.35,167.7,,1.0,4.6,27.503894459005334,77.35,167.7,4.6,27.503894459005334,27.503894459005334,Sobrepeso,0,
2024_17006014,2024_17006014_01,Mujer,64.0,CUAUTLA,,,,1.0,3.3,,,,3.3,,,,0,
2024_17006014,2024_17006014_04,Mujer,34.0,CUAUTLA,58.45,158.9,,1.0,4.4,23.14923912470925,58.45,158.9,4.4,23.14923912470925,23.14923912470925,Normal,0,
2024_17006015,2024_17006015_01,Hombre,53.0,CUAUTLA,58.6,165.6,,1.0,2.5,21.368643375574695,58.6,165.6,2.5,21.368643375574695,21.368643375574695,Normal,0,
2024_17006029,2024_17006029_01,Hombre,47.0,CUAUTLA,73.15,165.9,,1.0,7.0,26.57795479458675,73.15,165.9,7.0,26.57795479458675,26.57795479458675,Sobrepeso,0,
2024_17006029,2024_17006029_03,Mujer,23.0,CUAUTLA,90.1,158.5,,1.0,3.4,35.86462199842769,90.1,158.5,3.4,35.86462199842769,35.86462199842769,Obesidad II,0,
2024_17007007,2024_17007007_02,Mujer,67.0,CUERNAVACA,,,,1.0,6.8,,,,6.8,,,,1,
2024_17007011,2024_17007011_02,Hombre,66.0,CUERNAVACA,,,,1.0,6.0,,,,6.0,,,,0,
2024_17007032,2024_17007032_02,Hombre,78.0,CUERNAVACA,,,,1.0,7.6,,,,7.6,,,,1,
2024_17007056,2024_17007056_02,Mujer,53.0,CUERNAVACA,122.3,167.3,,1.0,6.0,43.69528487503612,122.3,167.3,6.0,43.69528487503612,43.69528487503612,Obesidad III,0,
2024_17012001,2024_17012001_01,Mujer,73.0,JOJUTLA,,,,1.0,4.4,,,,4.4,,,,0,
2024_17012004,2024_17012004_02,Mujer,30.0,JOJUTLA,75.55,151.1,,1.0,4.0,33.09066843150232,75.55,151.1,4.0,33.09066843150232,33.09066843150232,Obesidad I,0,
2024_17012006,2024_17012006_01,Mujer,39.0,JOJUTLA,89.65,157.1,,1.0,4.2,36.324356037845405,89.65,157.1,4.2,36.324356037845405,36.324356037845405,Obesidad II,0,
2024_17012006,2024_17012006_02,Hombre,49.0,JOJUTLA,100.45,173.4,,1.0,4.8,33.40809829597081,100.45,173.4,4.8,33.40809829597081,33.40809829597081,Obesidad I,0,
2024_17012008,2024_17012008_01,Mujer,54.0,JOJUTLA,75.9,158.6,,1.0,3.4,30.174175358472393,75.9,158.6,3.4,30.174175358472393,30.174175358472393,Obesidad I,0,
2024_17012009,2024_17012009_01,Hombre,34.0,JOJUTLA,105.55,163.0,,1.0,6.3,39.72674921901464,105.55,163.0,6.3,39.72674921901464,39.72674921901464,Obesidad II,0,
2024_17018008,2024_17018008_02,Mujer,67.0,TEMIXCO,,,,1.0,4.9,,,,4.9,,,,0,
2024_17018009,2024_17018009_02,Mujer,74.0,TEMIXCO,,,,1.0,5.0,,,,5.0,,,,0,
2024_17018015,2024_17018015_01,Hombre,70.0,TEMIXCO,,,,1.0,5.1,,,,5.1,,,,0,
2024_17018027,2024_17018027_01,Hombre,51.0,TEMIXCO,73.2,156.5,,1.0,5.3,29.88700507303331,73.2,156.5,5.3,29.88700507303331,29.88700507303331,Sobrepeso,0,
2024_17018031,2024_17018031_01,Hombre,26.0,TEMIXCO,65.4,169.6,,1.0,6.3,22.73662780348879,65.4,169.6,6.3,22.73662780348879,22.73662780348879,Normal,0,
2024_17018031,2024_17018031_02,Mujer,57.0,TEMIXCO,58.7,146.3,,1.0,3.5,27.425177621241943,58.7,146.3,3.5,27.425177621241943,27.425177621241943,Sobrepeso,0,
2024_17020001,2024_17020001_01,Mujer,43.0,TEPOZTLN,46.2,160.3,,1.0,2.4,17.979389082152185,46.2,160.3,2.4,17.979389082152185,17.979389082152185,Bajo peso,0,
2024_17020012,2024_17020012_01,Hombre,44.0,TEPOZTLN,81.45,175.5,,1.0,5.1,26.444590547154654,81.45,175.5,5.1,26.444590547154654,26.444590547154654,Sobrepeso,0,
2024_17020016,2024_17020016_02,Mujer,41.0,TEPOZTLN,72.45,161.6,,1.0,4.5,27.743144054504466,72.45,161.6,4.5,27.743144054504466,27.743144054504466,Sobrepeso,0,
2024_17020017,2024_17020017_01,Hombre,68.0,TEPOZTLN,,,,1.0,5.3,,,,5.3,,,,0,
2024_17020018,2024_17020018_04,Mujer,21.0,TEPOZTLN,72.7,158.0,,1.0,5.2,29.12193558724563,72.7,158.0,5.2,29.12193558724563,29.12193558724563,Sobrepeso,0,
2024_17029008,2024_17029008_01,Hombre,57.0,YAUTEPEC,78.3,169.0,,1.0,3.4,27.41500647736424,78.3,169.0,3.4,27.41500647736424,27.41500647736424,Sobrepeso,0,
2024_17029021,2024_17029021_02,Mujer,62.0,YAUTEPEC,,,,1.0,4.6,,,,4.6,,,,0,
2024_17029021,2024_17029021_03,Mujer,-7975.0,YAUTEPEC,49.9,146.4,,1.0,5.0,23.281898533846935,49.9,146.4,5.0,23.281898533846935,23.281898533846935,Normal,0,
2024_17029022,2024_17029022_01,Mujer,48.0,YAUTEPEC,61.1,147.6,,1.0,3.8,28.045842789051196,61.1,147.6,3.8,28.045842789051196,28.045842789051196,Sobrepeso,0,
2024_17029022,2024_17029022_02,Mujer,26.0,YAUTEPEC,62.2,158.9,,1.0,3.1,24.634434107047312,62.2,158.9,3.1,24.634434107047312,24.634434107047312,Normal,0,
2024_17029024,2024_17029024_01,Mujer,67.0,YAUTEPEC,,,,1.0,3.8,,,,3.8,,,,0,
2024_17029024,2024_17029024_02,Hombre,41.0,YAUTEPEC,60.25,140.6,,1.0,6.0,30.477996151425817,60.25,140.6,6.0,30.477996151425817,30.477996151425817,Obesidad I,0,
2024_17029031,2024_17029031_02,Mujer,37.0,YAUTEPEC,97.6,155.6,,1.0,4.4,40.311655355172114,97.6,155.6,4.4,40.311655355172114,40.311655355172114,Obesidad III,0,
2024_17029032,2024_17029032_02,Mujer,63.0,YAUTEPEC,,,,1.0,3.7,,,,3.7,,,,0,
2024_17029037,2024_17029037_01,Hombre,64.0,YAUTEPEC,,,,1.0,5.2,,,,5.2,,,,0,
2024_17029037,2024_17029037_03,Hombre,34.0,YAUTEPEC,70.7,175.5,,1.0,4.9,22.954359136695324,70.7,175.5,4.9,22.954359136695324,22.954359136695324,Normal,0,
2024_17029038,2024_17029038_02,Mujer,51.0,YAUTEPEC,74.9,154.6,,1.0,4.5,31.337391155910428,74.9,154.6,4.5,31.337391155910428,31.337391155910428,Obesidad I,0,
2024_17029038,2024_17029038_04,Hombre,23.0,YAUTEPEC,46.0,165.5,,1.0,5.4,16.79429724080649,46.0,165.5,5.4,16.79429724080649,16.79429724080649,Bajo peso,0,
2024_17029055,2024_17029055_01,Hombre,31.0,YAUTEPEC,85.75,163.4,,1.0,9.0,32.11663413179842,85.75,163.4,9.0,32.11663413179842,32.11663413179842,Obesidad I,1,
2024_17029056,2024_17029056_01,Hombre,35.0,YAUTEPEC,85.0,168.8,,1.0,6.5,29.831427865501666,85.0,168.8,6.5,29.831427865501666,29.831427865501666,Sobrepeso,0,
2024_17029057,2024_17029057_01,Mujer,58.0,YAUTEPEC,53.75,144.6,,1.0,4.1,25.706436796121892,53.75,144.6,4.1,25.706436796121892,25.706436796121892,Sobrepeso,0,
2024_17029057,2024_17029057_02,Hombre,35.0,YAUTEPEC,83.8,168.8,,1.0,5.4,29.41027829563576,83.8,168.8,5.4,29.41027829563576,29.41027829563576,Sobrepeso,0,
2024_17031008,2024_17031008_02,Hombre,74.0,ZACATEPEC,,,,1.0,6.4,,,,6.4,,,,0,
2024_17031016,2024_17031016_01,Mujer,58.0,ZACATEPEC,68.35,140.9,,1.0,5.1,34.42837563045231,68.35,140.9,5.1,34.42837563045231,34.42837563045231,Obesidad I,0,
2024_17031018,2024_17031018_01,Mujer,27.0,ZACATEPEC,42.05,158.0,,1.0,4.7,16.844255728248676,42.05,158.0,4.7,16.844255728248676,16.844255728248676,Bajo peso,0,
2024_17031023,2024_17031023_02,Mujer,64.0,ZACATEPEC,,,,1.0,5.0,,,,5.0,,,,0,
2024_17031031,2024_17031031_01,Hombre,55.0,ZACATEPEC,68.35,171.4,,1.0,5.5,23.26574071174445,68.35,171.4,5.5,23.26574071174445,23.26574071174445,Normal,0,
2024_18004004,2024_18004004_01,Hombre,80.0,COMPOSTELA,,,,1.0,6.6,,,,6.6,,,,0,
2024_18004006,2024_18004006_02,Mujer,71.0,COMPOSTELA,,,,1.0,3.7,,,,3.7,,,,0,
2024_18004009,2024_18004009_02,Mujer,83.0,COMPOSTELA,,,,1.0,5.4,,,,5.4,,,,0,
2024_18004026,2024_18004026_01,Mujer,78.0,COMPOSTELA,,,,1.0,6.0,,,,6.0,,,,0,
2024_18004028,2024_18004028_01,Hombre,80.0,COMPOSTELA,,,,1.0,5.1,,,,5.1,,,,0,
2024_18004035,2024_18004035_01,Hombre,53.0,COMPOSTELA,77.7,163.2,,1.0,5.8,29.172974336793548,77.7,163.2,5.8,29.172974336793548,29.172974336793548,Sobrepeso,0,
2024_18004037,2024_18004037_01,Mujer,67.0,COMPOSTELA,,,,1.0,3.5,,,,3.5,,,,0,
2024_18006002,2024_18006002_01,Mujer,62.0,IXTLN DEL RO,,,,1.0,3.6,,,,3.6,,,,0,
2024_18006002,2024_18006002_02,Hombre,27.0,IXTLN DEL RO,151.1,171.1,,1.0,6.1,51.61363488084287,151.1,171.1,6.1,51.61363488084287,51.61363488084287,Obesidad III,0,
2024_18006003,2024_18006003_02,Mujer,57.0,IXTLN DEL RO,59.95,154.0,,1.0,4.1,25.278293135435995,59.95,154.0,4.1,25.278293135435995,25.278293135435995,Sobrepeso,0,
2024_18006004,2024_18006004_01,Hombre,52.0,IXTLN DEL RO,80.55,175.0,,1.0,7.3,26.302040816326528,80.55,175.0,7.3,26.302040816326528,26.302040816326528,Sobrepeso,1,
2024_18006004,2024_18006004_02,Mujer,27.0,IXTLN DEL RO,72.9,161.6,,1.0,4.1,27.91546171943928,72.9,161.6,4.1,27.91546171943928,27.91546171943928,Sobrepeso,0,
2024_18006005,2024_18006005_02,Mujer,30.0,IXTLN DEL RO,78.6,163.4,,1.0,4.8,29.43868737911785,78.6,163.4,4.8,29.43868737911785,29.43868737911785,Sobrepeso,0,
2024_18006009,2024_18006009_01,Hombre,67.0,IXTLN DEL RO,,,,1.0,6.0,,,,6.0,,,,0,
2024_18006012,2024_18006012_02,Mujer,33.0,IXTLN DEL RO,72.9,156.1,,1.0,5.8,29.91725355508489,72.9,156.1,5.8,29.91725355508489,29.91725355508489,Sobrepeso,0,
2024_18006021,2024_18006021_01,Mujer,59.0,IXTLN DEL RO,110.5,162.2,42.0,1.0,5.3,42.00109164828248,110.5,162.2,5.3,42.00109164828248,42.0,Obesidad III,0,42.0
2024_18006026,2024_18006026_02,Mujer,29.0,IXTLN DEL RO,88.85,159.5,,1.0,5.1,34.924971256178694,88.85,159.5,5.1,34.924971256178694,34.924971256178694,Obesidad I,0,
2024_18006030,2024_18006030_01,Mujer,31.0,IXTLN DEL RO,82.0,158.3,,1.0,5.4,32.722917894607455,82.0,158.3,5.4,32.722917894607455,32.722917894607455,Obesidad I,0,
2024_18006033,2024_18006033_01,Mujer,63.0,IXTLN DEL RO,,,,1.0,5.7,,,,5.7,,,,0,
2024_18006035,2024_18006035_01,Hombre,54.0,IXTLN DEL RO,69.0,164.0,,1.0,3.7,25.654372397382513,69.0,164.0,3.7,25.654372397382513,25.654372397382513,Sobrepeso,0,
2024_18006035,2024_18006035_03,Mujer,29.0,IXTLN DEL RO,75.55,159.1,,1.0,3.9,29.84654805215225,75.55,159.1,3.9,29.84654805215225,29.84654805215225,Sobrepeso,0,
2024_18008001,2024_18008001_01,Hombre,56.0,XALISCO,104.95,179.3,,1.0,9.8,32.645390187843965,104.95,179.3,9.8,32.645390187843965,32.645390187843965,Obesidad I,1,
2024_18008008,2024_18008008_01,Hombre,39.0,XALISCO,95.8,177.3,,1.0,5.9,30.47530339309737,95.8,177.3,5.9,30.47530339309737,30.47530339309737,Obesidad I,0,
2024_18008020,2024_18008020_01,Hombre,42.0,XALISCO,88.65,170.0,,1.0,6.0,30.674740484429073,88.65,170.0,6.0,30.674740484429073,30.674740484429073,Obesidad I,0,
2024_18008023,2024_18008023_01,Mujer,50.0,XALISCO,61.55,150.8,,1.0,5.3,27.06608081390849,61.55,150.8,5.3,27.06608081390849,27.06608081390849,Sobrepeso,0,
2024_18008031,2024_18008031_02,Mujer,56.0,XALISCO,87.2,150.1,,1.0,6.4,38.7039331096613,87.2,150.1,6.4,38.7039331096613,38.7039331096613,Obesidad II,1,
2024_18008044,2024_18008044_01,Mujer,44.0,XALISCO,57.5,152.3,,1.0,5.2,24.789515457664027,57.5,152.3,5.2,24.789515457664027,24.789515457664027,Normal,0,
2024_18008046,2024_18008046_02,Mujer,54.0,XALISCO,138.7,166.0,,1.0,4.9,50.33386558281318,138.7,166.0,4.9,50.33386558281318,50.33386558281318,Obesidad III,0,
2024_18008046,2024_18008046_03,Mujer,31.0,XALISCO,87.2,163.6,,1.0,5.8,32.57991045008101,87.2,163.6,5.8,32.57991045008101,32.57991045008101,Obesidad I,0,
2024_18013005,2024_18013005_02,Mujer,70.0,SAN PEDRO LAGUNILLAS,,,,1.0,6.0,,,,6.0,,,,0,
2024_18013007,2024_18013007_01,Mujer,60.0,SAN PEDRO LAGUNILLAS,,,,1.0,4.6,,,,4.6,,,,0,
2024_18013017,2024_18013017_01,Mujer,69.0,SAN PEDRO LAGUNILLAS,,,,1.0,5.4,,,,5.4,,,,0,
2024_18013018,2024_18013018_01,Mujer,84.0,SAN PEDRO LAGUNILLAS,,,,1.0,3.6,,,,3.6,,,,0,
2024_18013025,2024_18013025_01,Hombre,52.0,SAN PEDRO LAGUNILLAS,75.0,170.1,,1.0,8.0,25.921052768005545,75.0,170.1,8.0,25.921052768005545,25.921052768005545,Sobrepeso,1,
2024_18013030,2024_18013030_01,Hombre,63.0,SAN PEDRO LAGUNILLAS,,,,1.0,4.6,,,,4.6,,,,0,
2024_18013032,2024_18013032_01,Hombre,47.0,SAN PEDRO LAGUNILLAS,77.35,169.5,,1.0,5.7,26.92284264842805,77.35,169.5,5.7,26.92284264842805,26.92284264842805,Sobrepeso,0,
2024_18013032,2024_18013032_03,Hombre,22.0,SAN PEDRO LAGUNILLAS,60.55,167.0,,1.0,6.1,21.711068880203666,60.55,167.0,6.1,21.711068880203666,21.711068880203666,Normal,0,
2024_18015012,2024_18015012_01,Mujer,31.0,SANTIAGO IXCUINTLA,57.35,150.0,,1.0,5.0,25.48888888888889,57.35,150.0,5.0,25.48888888888889,25.48888888888889,Sobrepeso,0,
2024_18015022,2024_18015022_01,Hombre,69.0,SANTIAGO IXCUINTLA,,,,1.0,5.4,,,,5.4,,,,0,
2024_18015027,2024_18015027_02,Mujer,70.0,SANTIAGO IXCUINTLA,,,,1.0,3.3,,,,3.3,,,,0,
2024_18015031,2024_18015031_02,Mujer,52.0,SANTIAGO IXCUINTLA,80.5,156.0,,1.0,4.7,33.07856673241288,80.5,156.0,4.7,33.07856673241288,33.07856673241288,Obesidad I,0,
2024_18017009,2024_18017009_01,Hombre,83.0,TEPIC,,,,1.0,5.2,,,,5.2,,,,0,
2024_18017025,2024_18017025_01,Hombre,68.0,TEPIC,,,,1.0,3.6,,,,3.6,,,,0,
2024_18017025,2024_18017025_02,Mujer,36.0,TEPIC,93.5,165.2,,1.0,3.4,34.26032866464598,93.5,165.2,3.4,34.26032866464598,34.26032866464598,Obesidad I,0,
2024_18017029,2024_18017029_05,Mujer,20.0,TEPIC,63.55,160.6,,1.0,4.1,24.639079169180334,63.55,160.6,4.1,24.639079169180334,24.639079169180334,Normal,0,
2024_18017034,2024_18017034_01,Mujer,56.0,TEPIC,95.35,161.0,,1.0,5.3,36.78484626364723,95.35,161.0,5.3,36.78484626364723,36.78484626364723,Obesidad II,0,
2024_18017034,2024_18017034_02,Hombre,25.0,TEPIC,117.2,178.1,,1.0,6.6,36.94875189196841,117.2,178.1,6.6,36.94875189196841,36.94875189196841,Obesidad II,0,
2024_18017039,2024_18017039_02,Mujer,30.0,TEPIC,40.55,152.6,,1.0,3.5,17.41332843212194,40.55,152.6,3.5,17.41332843212194,17.41332843212194,Bajo peso,0,
2024_18017048,2024_18017048_01,Mujer,66.0,TEPIC,,,,1.0,4.0,,,,4.0,,,,0,
2024_18017048,2024_18017048_02,Hombre,30.0,TEPIC,71.4,162.3,,1.0,5.7,27.105734001637728,71.4,162.3,5.7,27.105734001637728,27.105734001637728,Sobrepeso,0,
2024_18017056,2024_18017056_02,Mujer,32.0,TEPIC,56.35,155.0,,1.0,2.8,23.454734651404785,56.35,155.0,2.8,23.454734651404785,23.454734651404785,Normal,0,
2024_18017057,2024_18017057_01,Mujer,44.0,TEPIC,69.0,159.5,,1.0,3.9,27.122374976661,69.0,159.5,3.9,27.122374976661,27.122374976661,Sobrepeso,0,
2024_18017057,2024_18017057_02,Hombre,45.0,TEPIC,90.55,164.8,,1.0,7.5,33.3406482703365,90.55,164.8,7.5,33.3406482703365,33.3406482703365,Obesidad I,1,
2024_18017094,2024_18017094_02,Mujer,66.0,TEPIC,,,,1.0,3.2,,,,3.2,,,,0,
2024_18017098,2024_18017098_01,Mujer,39.0,TEPIC,93.4,160.1,,1.0,4.8,36.4388122507755,93.4,160.1,4.8,36.4388122507755,36.4388122507755,Obesidad II,0,
2024_18017099,2024_18017099_01,Mujer,55.0,TEPIC,99.0,153.1,,1.0,3.8,42.23619761591597,99.0,153.1,3.8,42.23619761591597,42.23619761591597,Obesidad III,0,
2024_18017099,2024_18017099_03,Mujer,27.0,TEPIC,69.75,156.3,,1.0,3.3,28.551324228837935,69.75,156.3,3.3,28.551324228837935,28.551324228837935,Sobrepeso,0,
2024_18017118,2024_18017118_01,Mujer,43.0,TEPIC,65.2,156.3,,1.0,4.2,26.68883641175962,65.2,156.3,4.2,26.68883641175962,26.68883641175962,Sobrepeso,0,
2024_18017118,2024_18017118_02,Mujer,73.0,TEPIC,,,,1.0,4.8,,,,4.8,,,,0,
2024_18017135,2024_18017135_01,Hombre,50.0,TEPIC,57.55,171.1,,1.0,5.1,19.6582705982297,57.55,171.1,5.1,19.6582705982297,19.6582705982297,Normal,0,
2024_18017136,2024_18017136_02,Mujer,61.0,TEPIC,,,,1.0,5.0,,,,5.0,,,,0,
2024_18017142,2024_18017142_03,Hombre,28.0,TEPIC,83.6,168.0,,1.0,6.6,29.620181405895693,83.6,168.0,6.6,29.620181405895693,29.620181405895693,Sobrepeso,0,
2024_18017145,2024_18017145_01,Hombre,70.0,TEPIC,,,,1.0,4.4,,,,4.4,,,,0,
2024_18017148,2024_18017148_02,Mujer,62.0,TEPIC,,,,1.0,5.0,,,,5.0,,,,0,
2024_18017148,2024_18017148_03,Mujer,25.0,TEPIC,71.65,163.7,,1.0,4.6,26.737379229329104,71.65,163.7,4.6,26.737379229329104,26.737379229329104,Sobrepeso,0,
2024_18017150,2024_18017150_01,Hombre,52.0,TEPIC,77.15,169.1,,1.0,4.8,26.980420572824237,77.15,169.1,4.8,26.980420572824237,26.980420572824237,Sobrepeso,0,
2024_18017154,2024_18017154_02,Hombre,52.0,TEPIC,75.45,168.5,,1.0,6.7,26.574153157992054,75.45,168.5,6.7,26.574153157992054,26.574153157992054,Sobrepeso,0,
2024_18017154,2024_18017154_04,Hombre,26.0,TEPIC,49.65,162.0,,1.0,5.0,18.91860996799268,49.65,162.0,5.0,18.91860996799268,18.91860996799268,Normal,0,
2024_18017159,2024_18017159_01,Mujer,52.0,TEPIC,71.05,154.1,,1.0,6.1,29.919808176340318,71.05,154.1,6.1,29.919808176340318,29.919808176340318,Sobrepeso,1,
2024_18017160,2024_18017160_01,Hombre,51.0,TEPIC,79.75,174.4,,1.0,5.4,26.220304477737567,79.75,174.4,5.4,26.220304477737567,26.220304477737567,Sobrepeso,0,
2024_18017160,2024_18017160_03,Hombre,22.0,TEPIC,78.5,175.5,,1.0,6.9,25.486806113586745,78.5,175.5,6.9,25.486806113586745,25.486806113586745,Sobrepeso,0,
2024_18017162,2024_18017162_02,Mujer,34.0,TEPIC,63.45,164.8,,1.0,3.8,23.3623868884909,63.45,164.8,3.8,23.3623868884909,23.3623868884909,Normal,0,
2024_18020002,2024_18020002_01,Mujer,76.0,BAHA DE BANDERAS,,,,1.0,5.1,,,,5.1,,,,0,
2024_18020007,2024_18020007_01,Mujer,30.0,BAHA DE BANDERAS,63.65,162.8,,1.0,2.6,24.0153879588769,63.65,162.8,2.6,24.0153879588769,24.0153879588769,Normal,0,
2024_18020009,2024_18020009_01,Hombre,26.0,BAHA DE BANDERAS,73.5,172.5,,1.0,4.8,24.70069313169502,73.5,172.5,4.8,24.70069313169502,24.70069313169502,Normal,0,
2024_18020015,2024_18020015_01,Hombre,72.0,BAHA DE BANDERAS,,,,1.0,4.8,,,,4.8,,,,0,
2024_18020019,2024_18020019_01,Hombre,57.0,BAHA DE BANDERAS,80.05,157.2,,1.0,4.6,32.393379044215244,80.05,157.2,4.6,32.393379044215244,32.393379044215244,Obesidad I,0,
2024_18020025,2024_18020025_02,Mujer,33.0,BAHA DE BANDERAS,50.85,152.3,,1.0,2.0,21.92255410473419,50.85,152.3,2.0,21.92255410473419,21.92255410473419,Normal,0,
2024_18020030,2024_18020030_01,Mujer,28.0,BAHA DE BANDERAS,67.9,158.3,,1.0,5.0,27.096172256632272,67.9,158.3,5.0,27.096172256632272,27.096172256632272,Sobrepeso,0,
2024_19006006,2024_19006006_01,Hombre,46.0,APODACA,62.05,161.8,,1.0,5.0,23.701986765085614,62.05,161.8,5.0,23.701986765085614,23.701986765085614,Normal,0,
2024_19006006,2024_19006006_02,Mujer,41.0,APODACA,81.8,162.2,,1.0,4.1,31.092210831036265,81.8,162.2,4.1,31.092210831036265,31.092210831036265,Obesidad I,0,
2024_19006009,2024_19006009_02,Mujer,39.0,APODACA,80.85,149.6,,1.0,6.0,36.12574709027996,80.85,149.6,6.0,36.12574709027996,36.12574709027996,Obesidad II,0,
2024_19006012,2024_19006012_03,Hombre,22.0,APODACA,79.4,179.8,,1.0,4.3,24.560721899626454,79.4,179.8,4.3,24.560721899626454,24.560721899626454,Normal,0,
2024_19006015,2024_19006015_01,Hombre,33.0,APODACA,93.9,180.8,,1.0,15.1,28.72557561281228,93.9,180.8,15.1,28.72557561281228,28.72557561281228,Sobrepeso,1,
2024_19006024,2024_19006024_01,Mujer,42.0,APODACA,86.7,161.2,,1.0,3.3,33.36483815552094,86.7,161.2,3.3,33.36483815552094,33.36483815552094,Obesidad I,0,
2024_19006039,2024_19006039_01,Hombre,44.0,APODACA,88.45,169.8,,1.0,4.0,30.677676640293225,88.45,169.8,4.0,30.677676640293225,30.677676640293225,Obesidad I,0,
2024_19006048,2024_19006048_01,Mujer,50.0,APODACA,79.3,165.5,,1.0,7.2,28.951908069477273,79.3,165.5,7.2,28.951908069477273,28.951908069477273,Sobrepeso,1,
2024_19006050,2024_19006050_01,Hombre,50.0,APODACA,106.95,171.0,,1.0,8.5,36.575356519954866,106.95,171.0,8.5,36.575356519954866,36.575356519954866,Obesidad II,1,
2024_19006051,2024_19006051_03,Mujer,22.0,APODACA,53.55,154.9,,1.0,3.1,22.31807021835866,53.55,154.9,3.1,22.31807021835866,22.31807021835866,Normal,0,
2024_19006056,2024_19006056_01,Hombre,31.0,APODACA,84.0,166.6,,1.0,4.5,30.264206522945315,84.0,166.6,4.5,30.264206522945315,30.264206522945315,Obesidad I,0,
2024_19006075,2024_19006075_01,Mujer,39.0,APODACA,68.7,158.7,,1.0,4.5,27.27739442516763,68.7,158.7,4.5,27.27739442516763,27.27739442516763,Sobrepeso,0,
2024_19006075,2024_19006075_02,Hombre,56.0,APODACA,98.75,170.4,,1.0,5.1,34.00931803654478,98.75,170.4,5.1,34.00931803654478,34.00931803654478,Obesidad I,0,
2024_19006076,2024_19006076_01,Hombre,43.0,APODACA,98.8,173.4,,1.0,5.2,32.85933411291106,98.8,173.4,5.2,32.85933411291106,32.85933411291106,Obesidad I,0,
2024_19006090,2024_19006090_01,Hombre,50.0,APODACA,68.1,159.6,,1.0,7.1,26.735070759605783,68.1,159.6,7.1,26.735070759605783,26.735070759605783,Sobrepeso,1,
2024_19006094,2024_19006094_02,Mujer,57.0,APODACA,93.15,155.8,,1.0,4.5,38.37496148084918,93.15,155.8,4.5,38.37496148084918,38.37496148084918,Obesidad II,0,
2024_19006096,2024_19006096_01,Hombre,45.0,APODACA,96.65,168.6,34.0,1.0,6.0,34.00061070936567,96.65,168.6,6.0,34.00061070936567,34.0,Obesidad I,0,34.0
2024_19006103,2024_19006103_02,Mujer,37.0,APODACA,70.55,156.0,,1.0,4.1,28.98997370151216,70.55,156.0,4.1,28.98997370151216,28.98997370151216,Sobrepeso,0,
2024_19006107,2024_19006107_02,Mujer,32.0,APODACA,68.1,158.0,,1.0,3.7,27.279282166319494,68.1,158.0,3.7,27.279282166319494,27.279282166319494,Sobrepeso,0,
2024_19006109,2024_19006109_01,Hombre,34.0,APODACA,101.4,172.4,,1.0,6.1,34.1164184086003,101.4,172.4,6.1,34.1164184086003,34.1164184086003,Obesidad I,0,
2024_19006133,2024_19006133_01,Hombre,49.0,APODACA,75.7,149.4,,1.0,3.7,33.91522358958368,75.7,149.4,3.7,33.91522358958368,33.91522358958368,Obesidad I,0,
2024_19006133,2024_19006133_04,Hombre,25.0,APODACA,76.4,166.6,,1.0,6.4,27.526016408964548,76.4,166.6,6.4,27.526016408964548,27.526016408964548,Sobrepeso,0,
2024_19006168,2024_19006168_01,Hombre,26.0,APODACA,72.9,165.1,,1.0,6.0,26.744432187089227,72.9,165.1,6.0,26.744432187089227,26.744432187089227,Sobrepeso,0,
2024_19006184,2024_19006184_01,Mujer,33.0,APODACA,55.2,155.1,,1.0,4.2,22.946448725287365,55.2,155.1,4.2,22.946448725287365,22.946448725287365,Normal,0,
2024_19006211,2024_19006211_02,Mujer,40.0,APODACA,78.95,167.3,,1.0,3.0,28.207217832249405,78.95,167.3,3.0,28.207217832249405,28.207217832249405,Sobrepeso,0,
2024_19006216,2024_19006216_02,Mujer,42.0,APODACA,68.4,163.0,,1.0,4.6,25.744288456471832,68.4,163.0,4.6,25.744288456471832,25.744288456471832,Sobrepeso,0,
2024_19010032,2024_19010032_01,Hombre,40.0,EL CARMEN,88.6,173.2,,1.0,5.9,29.535066057208688,88.6,173.2,5.9,29.535066057208688,29.535066057208688,Sobrepeso,0,
2024_19012001,2024_19012001_01,Hombre,74.0,CINEGA DE FLORES,,,,1.0,5.7,,,,5.7,,,,0,
2024_19012007,2024_19012007_01,Mujer,46.0,CINEGA DE FLORES,106.4,161.1,41.0,1.0,4.9,40.99685549494649,106.4,161.1,4.9,40.99685549494649,41.0,Obesidad III,0,41.0
2024_19012017,2024_19012017_01,Hombre,39.0,CINEGA DE FLORES,60.0,161.0,,1.0,4.9,23.147255121330193,60.0,161.0,4.9,23.147255121330193,23.147255121330193,Normal,0,
2024_19012028,2024_19012028_01,Mujer,47.0,CINEGA DE FLORES,83.9,157.4,,1.0,5.3,33.865111105011714,83.9,157.4,5.3,33.865111105011714,33.865111105011714,Obesidad I,0,
2024_19018004,2024_19018004_02,Mujer,29.0,GARCA,69.45,156.6,,1.0,4.2,28.31970562185915,69.45,156.6,4.2,28.31970562185915,28.31970562185915,Sobrepeso,0,
2024_19018005,2024_19018005_02,Mujer,33.0,GARCA,93.6,170.0,,1.0,3.4,32.38754325259516,93.6,170.0,3.4,32.38754325259516,32.38754325259516,Obesidad I,0,
2024_19018013,2024_19018013_01,Hombre,31.0,GARCA,62.2,172.6,,1.0,3.9,20.87895709944963,62.2,172.6,3.9,20.87895709944963,20.87895709944963,Normal,0,
2024_19018020,2024_19018020_02,Mujer,36.0,GARCA,76.0,154.5,,1.0,4.6,31.83879515296237,76.0,154.5,4.6,31.83879515296237,31.83879515296237,Obesidad I,0,
2024_19018031,2024_19018031_01,Hombre,37.0,GARCA,53.0,172.2,,1.0,4.9,17.873498794719158,53.0,172.2,4.9,17.873498794719158,17.873498794719158,Bajo peso,0,
2024_19018034,2024_19018034_01,Hombre,51.0,GARCA,88.75,170.7,,1.0,8.0,30.457995592770942,88.75,170.7,8.0,30.457995592770942,30.457995592770942,Obesidad I,1,
2024_19018040,2024_19018040_01,Mujer,46.0,GARCA,96.55,157.0,,1.0,5.2,39.1699460424358,96.55,157.0,5.2,39.1699460424358,39.1699460424358,Obesidad II,0,
2024_19018051,2024_19018051_02,Mujer,29.0,GARCA,85.65,161.4,,1.0,6.5,32.8791291810045,85.65,161.4,6.5,32.8791291810045,32.8791291810045,Obesidad I,1,
2024_19018060,2024_19018060_01,Mujer,28.0,GARCA,94.05,161.7,,1.0,5.0,35.96986104274734,94.05,161.7,5.0,35.96986104274734,35.96986104274734,Obesidad II,0,
2024_19018068,2024_19018068_02,Mujer,32.0,GARCA,68.9,166.5,,1.0,4.4,24.85368251134017,68.9,166.5,4.4,24.85368251134017,24.85368251134017,Normal,0,
2024_19018069,2024_19018069_01,Hombre,41.0,GARCA,65.4,162.6,,1.0,8.1,24.73640972572088,65.4,162.6,8.1,24.73640972572088,24.73640972572088,Normal,1,
2024_19018069,2024_19018069_02,Mujer,45.0,GARCA,70.8,149.2,,1.0,3.0,31.80501548922223,70.8,149.2,3.0,31.80501548922223,31.80501548922223,Obesidad I,0,
2024_19018082,2024_19018082_01,Hombre,34.0,GARCA,141.7,181.7,,1.0,3.7,42.92002790256154,141.7,181.7,3.7,42.92002790256154,42.92002790256154,Obesidad III,0,
2024_19018088,2024_19018088_01,Hombre,42.0,GARCA,92.4,178.7,,1.0,5.6,28.934958659647542,92.4,178.7,5.6,28.934958659647542,28.934958659647542,Sobrepeso,0,
2024_19018088,2024_19018088_02,Mujer,47.0,GARCA,75.1,165.7,,1.0,3.3,27.352367327360493,75.1,165.7,3.3,27.352367327360493,27.352367327360493,Sobrepeso,0,
2024_19018091,2024_19018091_03,Hombre,21.0,GARCA,59.45,178.2,,1.0,4.6,18.721319694009562,59.45,178.2,4.6,18.721319694009562,18.721319694009562,Normal,0,
2024_19018093,2024_19018093_01,Mujer,48.0,GARCA,68.0,162.4,,1.0,3.6,25.78320269843966,68.0,162.4,3.6,25.78320269843966,25.78320269843966,Sobrepeso,0,
2024_19021017,2024_19021017_01,Mujer,74.0,GENERAL ESCOBEDO,,,,1.0,5.8,,,,5.8,,,,0,
2024_19021027,2024_19021027_01,Hombre,65.0,GENERAL ESCOBEDO,,,,1.0,6.3,,,,6.3,,,,0,
2024_19021030,2024_19021030_01,Hombre,55.0,GENERAL ESCOBEDO,66.65,178.8,,1.0,4.1,20.848034873304005,66.65,178.8,4.1,20.848034873304005,20.848034873304005,Normal,0,
2024_19021037,2024_19021037_02,Mujer,,GENERAL ESCOBEDO,83.05,158.5,,1.0,2.9,33.058344694444166,83.05,158.5,2.9,33.058344694444166,33.058344694444166,Obesidad I,0,
2024_19021049,2024_19021049_01,Mujer,33.0,GENERAL ESCOBEDO,55.4,149.2,,1.0,3.6,24.88697539693378,55.4,149.2,3.6,24.88697539693378,24.88697539693378,Normal,0,
2024_19021051,2024_19021051_05,Hombre,20.0,GENERAL ESCOBEDO,85.3,175.4,,1.0,5.8,27.726168172049164,85.3,175.4,5.8,27.726168172049164,27.726168172049164,Sobrepeso,0,
2024_19021052,2024_19021052_01,Mujer,51.0,GENERAL ESCOBEDO,73.15,163.4,,1.0,4.5,27.39745523896274,73.15,163.4,4.5,27.39745523896274,27.39745523896274,Sobrepeso,0,
2024_19021059,2024_19021059_01,Hombre,50.0,GENERAL ESCOBEDO,75.7,168.2,,1.0,5.6,26.75739911011324,75.7,168.2,5.6,26.75739911011324,26.75739911011324,Sobrepeso,0,
2024_19021059,2024_19021059_02,Mujer,34.0,GENERAL ESCOBEDO,73.3,153.8,,1.0,5.0,30.98783991504343,73.3,153.8,5.0,30.98783991504343,30.98783991504343,Obesidad I,0,
2024_19021077,2024_19021077_01,Hombre,42.0,GENERAL ESCOBEDO,82.3,165.3,,1.0,4.9,30.1199417803118,82.3,165.3,4.9,30.1199417803118,30.1199417803118,Obesidad I,0,
2024_19021091,2024_19021091_01,Hombre,42.0,GENERAL ESCOBEDO,105.15,172.8,,1.0,9.0,35.214522247942384,105.15,172.8,9.0,35.214522247942384,35.214522247942384,Obesidad II,1,
2024_19021100,2024_19021100_01,Hombre,36.0,GENERAL ESCOBEDO,65.9,163.2,,1.0,5.4,24.742586985774707,65.9,163.2,5.4,24.742586985774707,24.742586985774707,Normal,0,
2024_19021107,2024_19021107_02,Mujer,42.0,GENERAL ESCOBEDO,69.75,153.7,,1.0,2.9,29.52544670201819,69.75,153.7,2.9,29.52544670201819,29.52544670201819,Sobrepeso,0,
2024_19021109,2024_19021109_03,Mujer,30.0,GENERAL ESCOBEDO,68.4,151.1,,1.0,4.5,29.958990346985562,68.4,151.1,4.5,29.958990346985562,29.958990346985562,Sobrepeso,0,
2024_19021111,2024_19021111_01,Hombre,66.0,GENERAL ESCOBEDO,,,,1.0,4.6,,,,4.6,,,,0,
2024_19021112,2024_19021112_01,Hombre,37.0,GENERAL ESCOBEDO,85.05,166.6,,1.0,6.6,30.64250910448213,85.05,166.6,6.6,30.64250910448213,30.64250910448213,Obesidad I,0,
2024_19026038,2024_19026038_02,Mujer,41.0,GUADALUPE,58.2,155.5,,1.0,2.8,24.06923005345272,58.2,155.5,2.8,24.06923005345272,24.06923005345272,Normal,0,
2024_19026039,2024_19026039_01,Mujer,54.0,GUADALUPE,85.5,160.4,,1.0,6.1,33.232069452304394,85.5,160.4,6.1,33.232069452304394,33.232069452304394,Obesidad I,1,
2024_19026056,2024_19026056_02,Mujer,54.0,GUADALUPE,90.3,158.1,,1.0,4.8,36.126343785968814,90.3,158.1,4.8,36.126343785968814,36.126343785968814,Obesidad II,0,
2024_19026062,2024_19026062_01,Mujer,58.0,GUADALUPE,78.6,156.0,,1.0,4.7,32.297830374753445,78.6,156.0,4.7,32.297830374753445,32.297830374753445,Obesidad I,0,
2024_19026065,2024_19026065_01,Mujer,51.0,GUADALUPE,72.0,154.0,,1.0,5.2,30.35925113847192,72.0,154.0,5.2,30.35925113847192,30.35925113847192,Obesidad I,0,
2024_19026068,2024_19026068_01,Mujer,49.0,GUADALUPE,71.55,152.1,,1.0,3.8,30.927955370376857,71.55,152.1,3.8,30.927955370376857,30.927955370376857,Obesidad I,0,
2024_19026068,2024_19026068_03,Hombre,23.0,GUADALUPE,98.6,168.3,,1.0,7.2,34.8103734913004,98.6,168.3,7.2,34.8103734913004,34.8103734913004,Obesidad I,1,
2024_19026071,2024_19026071_01,Hombre,66.0,GUADALUPE,,,,1.0,3.7,,,,3.7,,,,0,
2024_19026072,2024_19026072_03,Mujer,46.0,GUADALUPE,62.65,158.3,25.0,1.0,4.0,25.001107391428743,62.65,158.3,4.0,25.001107391428743,25.0,Sobrepeso,0,25.0
2024_19026072,2024_19026072_05,Mujer,21.0,GUADALUPE,54.6,158.0,,1.0,3.3,21.871494952731933,54.6,158.0,3.3,21.871494952731933,21.871494952731933,Normal,0,
2024_19026075,2024_19026075_01,Mujer,26.0,GUADALUPE,74.8,165.0,,1.0,4.6,27.474747474747478,74.8,165.0,4.6,27.474747474747478,27.474747474747478,Sobrepeso,0,
2024_19026076,2024_19026076_01,Hombre,60.0,GUADALUPE,,,,1.0,4.9,,,,4.9,,,,0,
2024_19026076,2024_19026076_03,Hombre,27.0,GUADALUPE,99.3,172.2,,1.0,4.1,33.48751755312476,99.3,172.2,4.1,33.48751755312476,33.48751755312476,Obesidad I,0,
2024_19026080,2024_19026080_01,Mujer,46.0,GUADALUPE,72.0,167.0,,1.0,4.9,25.816630212628635,72.0,167.0,4.9,25.816630212628635,25.816630212628635,Sobrepeso,0,
2024_19026084,2024_19026084_02,Mujer,57.0,GUADALUPE,87.25,162.2,,1.0,6.3,33.16375788518233,87.25,162.2,6.3,33.16375788518233,33.16375788518233,Obesidad I,1,
2024_19026084,2024_19026084_03,Hombre,25.0,GUADALUPE,84.2,172.6,,1.0,7.2,28.26379723108776,84.2,172.6,7.2,28.26379723108776,28.26379723108776,Sobrepeso,1,
2024_19026085,2024_19026085_03,Mujer,22.0,GUADALUPE,71.1,158.5,,1.0,4.5,28.301605150812524,71.1,158.5,4.5,28.301605150812524,28.301605150812524,Sobrepeso,0,
2024_19026104,2024_19026104_01,Mujer,30.0,GUADALUPE,102.05,159.6,,1.0,5.2,40.06334759203774,102.05,159.6,5.2,40.06334759203774,40.06334759203774,Obesidad III,0,
2024_19026112,2024_19026112_01,Hombre,36.0,GUADALUPE,84.1,175.2,,1.0,5.8,27.398563416108924,84.1,175.2,5.8,27.398563416108924,27.398563416108924,Sobrepeso,0,
2024_19026119,2024_19026119_01,Mujer,43.0,GUADALUPE,63.25,160.0,,1.0,3.1,24.707031249999996,63.25,160.0,3.1,24.707031249999996,24.707031249999996,Normal,0,
2024_19026122,2024_19026122_01,Hombre,60.0,GUADALUPE,,,,1.0,7.0,,,,7.0,,,,0,
2024_19026122,2024_19026122_03,Hombre,24.0,GUADALUPE,77.3,177.5,,1.0,4.7,24.53481452092839,77.3,177.5,4.7,24.53481452092839,24.53481452092839,Normal,0,
2024_19026132,2024_19026132_03,Hombre,21.0,GUADALUPE,95.9,167.8,,1.0,6.6,34.05921971357581,95.9,167.8,6.6,34.05921971357581,34.05921971357581,Obesidad I,0,
2024_19026142,2024_19026142_01,Hombre,33.0,GUADALUPE,86.4,172.9,,1.0,6.6,28.90172443610695,86.4,172.9,6.6,28.90172443610695,28.90172443610695,Sobrepeso,0,
2024_19026146,2024_19026146_02,Mujer,68.0,GUADALUPE,,,,1.0,5.8,,,,5.8,,,,0,
2024_19026168,2024_19026168_01,Mujer,64.0,GUADALUPE,,,,1.0,4.2,,,,4.2,,,,0,
2024_19026171,2024_19026171_02,Mujer,28.0,GUADALUPE,69.55,152.7,,1.0,3.9,29.827651498094333,69.55,152.7,3.9,29.827651498094333,29.827651498094333,Sobrepeso,0,
2024_19031006,2024_19031006_01,Hombre,73.0,JUAREZ,,,,1.0,6.4,,,,6.4,,,,0,
2024_19031007,2024_19031007_01,Hombre,60.0,JUAREZ,82.15,167.3,,1.0,6.5,29.350512285234817,82.15,167.3,6.5,29.350512285234817,29.350512285234817,Sobrepeso,0,
2024_19031007,2024_19031007_03,Hombre,22.0,JUAREZ,62.45,170.2,,1.0,4.6,21.558241427449012,62.45,170.2,4.6,21.558241427449012,21.558241427449012,Normal,0,
2024_19031020,2024_19031020_02,Hombre,27.0,JUAREZ,106.3,176.1,,1.0,6.2,34.277927239859395,106.3,176.1,6.2,34.277927239859395,34.277927239859395,Obesidad I,0,
2024_19031022,2024_19031022_01,Hombre,70.0,JUAREZ,,,,1.0,4.1,,,,4.1,,,,0,
2024_19031022,2024_19031022_03,Hombre,42.0,JUAREZ,85.45,160.7,,1.0,6.1,33.08874637988979,85.45,160.7,6.1,33.08874637988979,33.08874637988979,Obesidad I,0,
2024_19031026,2024_19031026_01,Hombre,46.0,JUAREZ,80.86,179.5,,1.0,5.1,25.096018808047734,80.86,179.5,5.1,25.096018808047734,25.096018808047734,Sobrepeso,0,
2024_19031026,2024_19031026_03,Mujer,24.0,JUAREZ,56.5,164.0,,1.0,3.6,21.006841165972638,56.5,164.0,3.6,21.006841165972638,21.006841165972638,Normal,0,
2024_19031035,2024_19031035_01,Mujer,41.0,JUAREZ,60.65,152.2,,1.0,2.9,26.18192053128794,60.65,152.2,2.9,26.18192053128794,26.18192053128794,Sobrepeso,0,
2024_19031041,2024_19031041_01,Mujer,43.0,JUAREZ,62.0,155.7,,1.0,4.8,25.574930628000676,62.0,155.7,4.8,25.574930628000676,25.574930628000676,Sobrepeso,0,
2024_19031059,2024_19031059_01,Mujer,44.0,JUAREZ,87.1,168.5,,1.0,3.2,30.677385554156498,87.1,168.5,3.2,30.677385554156498,30.677385554156498,Obesidad I,0,
2024_19031075,2024_19031075_02,Mujer,42.0,JUAREZ,79.5,146.8,,1.0,4.2,36.89054043017617,79.5,146.8,4.2,36.89054043017617,36.89054043017617,Obesidad II,0,
2024_19031085,2024_19031085_02,Mujer,24.0,JUAREZ,72.1,149.2,,1.0,4.3,32.3890058866232,72.1,149.2,4.3,32.3890058866232,32.3890058866232,Obesidad I,0,
2024_19031086,2024_19031086_01,Mujer,28.0,JUAREZ,96.9,169.3,,1.0,5.4,33.80725121927648,96.9,169.3,5.4,33.80725121927648,33.80725121927648,Obesidad I,0,
2024_19031089,2024_19031089_01,Hombre,70.0,JUAREZ,,,,1.0,5.8,,,,5.8,,,,0,
2024_19031092,2024_19031092_01,Hombre,52.0,JUAREZ,89.65,169.2,,1.0,5.6,31.31479525398343,89.65,169.2,5.6,31.31479525398343,31.31479525398343,Obesidad I,0,
2024_19031094,2024_19031094_01,Hombre,35.0,JUAREZ,94.1,164.4,,1.0,5.1,34.816571059844534,94.1,164.4,5.1,34.816571059844534,34.816571059844534,Obesidad I,0,
2024_19031107,2024_19031107_01,Hombre,39.0,JUAREZ,97.4,183.5,,1.0,5.8,28.9258959528989,97.4,183.5,5.8,28.9258959528989,28.9258959528989,Sobrepeso,0,
2024_19031110,2024_19031110_02,Mujer,38.0,JUAREZ,71.45,153.7,,1.0,4.5,30.245063324146233,71.45,153.7,4.5,30.245063324146233,30.245063324146233,Obesidad I,0,
2024_19031115,2024_19031115_01,Hombre,66.0,JUAREZ,,,,1.0,5.8,,,,5.8,,,,0,
2024_19031116,2024_19031116_02,Mujer,48.0,JUAREZ,71.95,151.1,,1.0,4.4,31.513879465871504,71.95,151.1,4.4,31.513879465871504,31.513879465871504,Obesidad I,0,
2024_19031120,2024_19031120_01,Hombre,31.0,JUAREZ,67.05,165.8,,1.0,4.5,24.39100693934151,67.05,165.8,4.5,24.39100693934151,24.39100693934151,Normal,0,
2024_19033001,2024_19033001_02,Mujer,34.0,LINARES,108.85,157.0,,1.0,4.6,44.16000649113554,108.85,157.0,4.6,44.16000649113554,44.16000649113554,Obesidad III,0,
2024_19033011,2024_19033011_02,Mujer,27.0,LINARES,62.4,161.2,,1.0,3.9,24.01344753061715,62.4,161.2,3.9,24.01344753061715,24.01344753061715,Normal,0,
2024_19033017,2024_19033017_02,Mujer,67.0,LINARES,,,,1.0,5.3,,,,5.3,,,,0,
2024_19033029,2024_19033029_02,Mujer,72.0,LINARES,,,,1.0,5.9,,,,5.9,,,,0,
2024_19033029,2024_19033029_03,Mujer,25.0,LINARES,76.3,156.8,,1.0,3.7,31.033618804664716,76.3,156.8,3.7,31.033618804664716,31.033618804664716,Obesidad I,0,
2024_19039020,2024_19039020_01,Hombre,59.0,MONTERREY,87.5,172.2,,1.0,4.8,29.50813480260238,87.5,172.2,4.8,29.50813480260238,29.50813480260238,Sobrepeso,0,
2024_19039030,2024_19039030_01,Mujer,79.0,MONTERREY,,,,1.0,3.9,,,,3.9,,,,0,
2024_19039037,2024_19039037_01,Mujer,75.0,MONTERREY,,,,1.0,2.4,,,,2.4,,,,0,
2024_19039037,2024_19039037_02,Mujer,29.0,MONTERREY,60.1,153.2,,1.0,3.3,25.606896222620655,60.1,153.2,3.3,25.606896222620655,25.606896222620655,Sobrepeso,0,
2024_19039039,2024_19039039_02,Hombre,76.0,MONTERREY,,,,1.0,6.8,,,,6.8,,,,0,
2024_19039043,2024_19039043_01,Mujer,57.0,MONTERREY,85.8,159.4,,1.0,4.5,33.76841323092084,85.8,159.4,4.5,33.76841323092084,33.76841323092084,Obesidad I,0,
2024_19039043,2024_19039043_02,Hombre,24.0,MONTERREY,96.45,171.6,,1.0,9.5,32.75425041159307,96.45,171.6,9.5,32.75425041159307,32.75425041159307,Obesidad I,1,
2024_19039047,2024_19039047_01,Hombre,59.0,MONTERREY,66.15,165.5,,1.0,4.4,24.15092961911629,66.15,165.5,4.4,24.15092961911629,24.15092961911629,Normal,0,
2024_19039060,2024_19039060_01,Hombre,68.0,MONTERREY,,,,1.0,4.8,,,,4.8,,,,0,
2024_19039060,2024_19039060_03,Hombre,38.0,MONTERREY,82.2,170.1,,1.0,4.2,28.40947383373408,82.2,170.1,4.2,28.40947383373408,28.40947383373408,Sobrepeso,0,
2024_19039061,2024_19039061_02,Mujer,59.0,MONTERREY,69.0,150.7,,1.0,4.5,30.382435605748714,69.0,150.7,4.5,30.382435605748714,30.382435605748714,Obesidad I,0,
2024_19039068,2024_19039068_02,Mujer,60.0,MONTERREY,,,,1.0,2.0,,,,2.0,,,,0,
2024_19039068,2024_19039068_03,Mujer,37.0,MONTERREY,86.8,162.2,,1.0,3.8,32.99271271557393,86.8,162.2,3.8,32.99271271557393,32.99271271557393,Obesidad I,0,
2024_19039072,2024_19039072_02,Mujer,37.0,MONTERREY,78.9,156.5,,1.0,7.4,32.214271861507214,78.9,156.5,7.4,32.214271861507214,32.214271861507214,Obesidad I,1,
2024_19039088,2024_19039088_01,Mujer,77.0,MONTERREY,,,,1.0,4.8,,,,4.8,,,,0,
2024_19039091,2024_19039091_01,Hombre,47.0,MONTERREY,64.85,170.0,,1.0,9.1,22.439446366782008,64.85,170.0,9.1,22.439446366782008,22.439446366782008,Normal,1,
2024_19039093,2024_19039093_02,Mujer,59.0,MONTERREY,133.5,154.4,56.0,1.0,7.3,55.9998254986711,133.5,154.4,7.3,55.9998254986711,56.0,Obesidad III,1,56.0
2024_19039093,2024_19039093_04,Mujer,30.0,MONTERREY,106.2,161.0,,1.0,4.1,40.970641564754445,106.2,161.0,4.1,40.970641564754445,40.970641564754445,Obesidad III,0,
2024_19039101,2024_19039101_02,Hombre,48.0,MONTERREY,88.05,172.3,,1.0,4.4,29.659157167932808,88.05,172.3,4.4,29.659157167932808,29.659157167932808,Sobrepeso,0,
2024_19039102,2024_19039102_01,Hombre,75.0,MONTERREY,,,,1.0,8.7,,,,8.7,,,,1,
2024_19039116,2024_19039116_01,Mujer,57.0,MONTERREY,77.0,160.0,,1.0,6.7,30.078124999999993,77.0,160.0,6.7,30.078124999999993,30.078124999999993,Obesidad I,1,
2024_19039123,2024_19039123_01,Mujer,59.0,MONTERREY,72.35,156.6,,1.0,3.3,29.502241925723673,72.35,156.6,3.3,29.502241925723673,29.502241925723673,Sobrepeso,0,
2024_19039123,2024_19039123_02,Mujer,35.0,MONTERREY,83.15,153.6,,1.0,5.2,35.24356418185764,83.15,153.6,5.2,35.24356418185764,35.24356418185764,Obesidad II,0,
2024_19039139,2024_19039139_01,Mujer,55.0,MONTERREY,106.5,159.5,,1.0,4.2,41.862796159628935,106.5,159.5,4.2,41.862796159628935,41.862796159628935,Obesidad III,0,
2024_19039141,2024_19039141_01,Hombre,83.0,MONTERREY,,,,1.0,4.8,,,,4.8,,,,0,
2024_19039147,2024_19039147_02,Mujer,44.0,MONTERREY,57.05,142.0,,1.0,3.7,28.292997421146598,57.05,142.0,3.7,28.292997421146598,28.292997421146598,Sobrepeso,0,
2024_19039147,2024_19039147_04,Hombre,64.0,MONTERREY,,,,1.0,4.9,,,,4.9,,,,0,
2024_19039180,2024_19039180_03,Mujer,21.0,MONTERREY,78.7,166.5,,1.0,4.8,28.38874910946983,78.7,166.5,4.8,28.38874910946983,28.38874910946983,Sobrepeso,0,
2024_19039182,2024_19039182_03,Mujer,77.0,MONTERREY,,,,1.0,4.9,,,,4.9,,,,0,
2024_19039183,2024_19039183_01,Hombre,24.0,MONTERREY,79.45,171.3,,1.0,7.5,27.075667715955287,79.45,171.3,7.5,27.075667715955287,27.075667715955287,Sobrepeso,1,
2024_19039202,2024_19039202_01,Mujer,71.0,MONTERREY,,,,1.0,3.9,,,,3.9,,,,0,
2024_19039216,2024_19039216_01,Hombre,57.0,MONTERREY,77.2,168.6,,1.0,5.2,27.158273634382095,77.2,168.6,5.2,27.158273634382095,27.158273634382095,Sobrepeso,0,
2024_19039225,2024_19039225_01,Hombre,48.0,MONTERREY,90.7,176.2,,1.0,4.8,29.21429961051896,90.7,176.2,4.8,29.21429961051896,29.21429961051896,Sobrepeso,0,
2024_19039225,2024_19039225_02,Mujer,22.0,MONTERREY,48.6,159.0,,1.0,5.0,19.22392310430758,48.6,159.0,5.0,19.22392310430758,19.22392310430758,Normal,0,
2024_19039227,2024_19039227_01,Mujer,79.0,MONTERREY,,,,1.0,3.9,,,,3.9,,,,0,
2024_19039237,2024_19039237_01,Hombre,57.0,MONTERREY,55.6,152.0,,1.0,4.0,24.065096952908586,55.6,152.0,4.0,24.065096952908586,24.065096952908586,Normal,0,
2024_19039242,2024_19039242_01,Mujer,62.0,MONTERREY,,,,1.0,4.0,,,,4.0,,,,0,
2024_19039247,2024_19039247_01,Hombre,63.0,MONTERREY,,,,1.0,3.0,,,,3.0,,,,0,
2024_19039249,2024_19039249_01,Hombre,60.0,MONTERREY,63.05,158.0,,1.0,6.9,25.25636917160711,63.05,158.0,6.9,25.25636917160711,25.25636917160711,Sobrepeso,0,
2024_19039253,2024_19039253_02,Mujer,63.0,MONTERREY,,,,1.0,6.1,,,,6.1,,,,1,
2024_19039253,2024_19039253_03,Hombre,25.0,MONTERREY,107.25,186.4,,1.0,5.4,30.867786291882332,107.25,186.4,5.4,30.867786291882332,30.867786291882332,Obesidad I,0,
2024_19039257,2024_19039257_01,Hombre,58.0,MONTERREY,98.0,169.5,,1.0,6.7,34.11038887583644,98.0,169.5,6.7,34.11038887583644,34.11038887583644,Obesidad I,0,
2024_19039263,2024_19039263_02,Mujer,50.0,MONTERREY,100.7,154.4,,1.0,3.7,42.2410668742785,100.7,154.4,3.7,42.2410668742785,42.2410668742785,Obesidad III,0,
2024_19039263,2024_19039263_03,Hombre,28.0,MONTERREY,76.8,169.5,,1.0,6.1,26.73140679249223,76.8,169.5,6.1,26.73140679249223,26.73140679249223,Sobrepeso,0,
2024_19039264,2024_19039264_02,Mujer,60.0,MONTERREY,61.4,146.9,,1.0,4.0,28.452784827900036,61.4,146.9,4.0,28.452784827900036,28.452784827900036,Sobrepeso,0,
2024_19039265,2024_19039265_01,Mujer,70.0,MONTERREY,,,,1.0,5.7,,,,5.7,,,,0,
2024_19039265,2024_19039265_02,Hombre,26.0,MONTERREY,109.52,164.5,,1.0,10.1,40.472648996221395,109.52,164.5,10.1,40.472648996221395,40.472648996221395,Obesidad III,1,
2024_19039270,2024_19039270_03,Mujer,46.0,MONTERREY,94.5,159.2,,1.0,5.4,37.285990252771406,94.5,159.2,5.4,37.285990252771406,37.285990252771406,Obesidad II,0,
2024_19039273,2024_19039273_01,Mujer,58.0,MONTERREY,85.0,157.7,,1.0,4.5,34.17869991463367,85.0,157.7,4.5,34.17869991463367,34.17869991463367,Obesidad I,0,
2024_19039285,2024_19039285_02,Mujer,44.0,MONTERREY,61.6,157.0,,1.0,3.1,24.990871840642622,61.6,157.0,3.1,24.990871840642622,24.990871840642622,Normal,0,
2024_19039297,2024_19039297_02,Mujer,31.0,MONTERREY,70.05,157.6,,1.0,4.1,28.203026359864985,70.05,157.6,4.1,28.203026359864985,28.203026359864985,Sobrepeso,0,
2024_19039308,2024_19039308_01,Mujer,21.0,MONTERREY,68.58,160.0,,1.0,6.3,26.789062499999993,68.58,160.0,6.3,26.789062499999993,26.789062499999993,Sobrepeso,1,
2024_19039315,2024_19039315_01,Hombre,43.0,MONTERREY,87.15,177.4,,1.0,4.1,27.692372221071242,87.15,177.4,4.1,27.692372221071242,27.692372221071242,Sobrepeso,0,
2024_19039326,2024_19039326_01,Hombre,41.0,MONTERREY,106.25,184.5,,1.0,8.8,31.213049257863855,106.25,184.5,8.8,31.213049257863855,31.213049257863855,Obesidad I,1,
2024_19041005,2024_19041005_02,Mujer,24.0,PESQUERA,93.3,159.0,,1.0,5.0,36.90518571259048,93.3,159.0,5.0,36.90518571259048,36.90518571259048,Obesidad II,0,
2024_19041008,2024_19041008_01,Mujer,48.0,PESQUERA,64.95,151.2,,1.0,2.5,28.410283866633083,64.95,151.2,2.5,28.410283866633083,28.410283866633083,Sobrepeso,0,
2024_19041008,2024_19041008_02,Mujer,28.0,PESQUERA,74.45,150.5,,1.0,4.0,32.86939437754551,74.45,150.5,4.0,32.86939437754551,32.86939437754551,Obesidad I,0,
2024_19041018,2024_19041018_01,Mujer,49.0,PESQUERA,82.0,153.1,,1.0,2.9,34.98351721722333,82.0,153.1,2.9,34.98351721722333,34.98351721722333,Obesidad I,0,
2024_19041018,2024_19041018_03,Mujer,25.0,PESQUERA,43.45,153.0,,1.0,3.2,18.561237131017986,43.45,153.0,3.2,18.561237131017986,18.561237131017986,Normal,0,
2024_19041020,2024_19041020_01,Hombre,64.0,PESQUERA,,,,1.0,4.7,,,,4.7,,,,0,
2024_19041025,2024_19041025_01,Mujer,34.0,PESQUERA,68.5,158.5,,1.0,3.9,27.266666003244136,68.5,158.5,3.9,27.266666003244136,27.266666003244136,Sobrepeso,0,
2024_19046021,2024_19046021_01,Hombre,,SAN NICOLS DE LOS GARZA,,,,1.0,6.7,,,,6.7,,,,0,
2024_19046033,2024_19046033_01,Mujer,86.0,SAN NICOLS DE LOS GARZA,,,,1.0,6.3,,,,6.3,,,,1,
2024_19046033,2024_19046033_02,Hombre,24.0,SAN NICOLS DE LOS GARZA,115.3,171.0,,1.0,7.7,39.43093601450019,115.3,171.0,7.7,39.43093601450019,39.43093601450019,Obesidad II,1,
2024_19046044,2024_19046044_01,Mujer,69.0,SAN NICOLS DE LOS GARZA,,,,1.0,5.4,,,,5.4,,,,0,
2024_19046055,2024_19046055_01,Mujer,63.0,SAN NICOLS DE LOS GARZA,,,,1.0,4.2,,,,4.2,,,,0,
2024_19046060,2024_19046060_01,Mujer,63.0,SAN NICOLS DE LOS GARZA,,,,1.0,5.3,,,,5.3,,,,0,
2024_19046068,2024_19046068_01,Hombre,45.0,SAN NICOLS DE LOS GARZA,72.5,162.5,,1.0,4.3,27.45562130177515,72.5,162.5,4.3,27.45562130177515,27.45562130177515,Sobrepeso,0,
2024_19046082,2024_19046082_04,Mujer,44.0,SAN NICOLS DE LOS GARZA,74.85,156.4,,1.0,4.2,30.599780221217806,74.85,156.4,4.2,30.599780221217806,30.599780221217806,Obesidad I,0,
2024_19046087,2024_19046087_03,Mujer,,SAN NICOLS DE LOS GARZA,64.6,154.3,,1.0,3.0,27.133178122594074,64.6,154.3,3.0,27.133178122594074,27.133178122594074,Sobrepeso,0,
2024_19048009,2024_19048009_01,Mujer,58.0,SANTA CATARINA,68.6,149.5,,1.0,4.1,30.693168980212743,68.6,149.5,4.1,30.693168980212743,30.693168980212743,Obesidad I,0,
2024_19048014,2024_19048014_03,Hombre,47.0,SANTA CATARINA,101.3,169.7,,1.0,4.7,35.17594396017237,101.3,169.7,4.7,35.17594396017237,35.17594396017237,Obesidad II,0,
2024_19048017,2024_19048017_01,Hombre,31.0,SANTA CATARINA,59.65,170.0,,1.0,4.9,20.6401384083045,59.65,170.0,4.9,20.6401384083045,20.6401384083045,Normal,0,
2024_19048021,2024_19048021_02,Mujer,28.0,SANTA CATARINA,64.2,154.9,,1.0,4.0,26.756678020889375,64.2,154.9,4.0,26.756678020889375,26.756678020889375,Sobrepeso,0,
2024_19048023,2024_19048023_03,Mujer,64.0,SANTA CATARINA,,,,1.0,3.2,,,,3.2,,,,0,
2024_19048039,2024_19048039_01,Hombre,36.0,SANTA CATARINA,51.15,160.9,,1.0,3.7,19.7575709350874,51.15,160.9,3.7,19.7575709350874,19.7575709350874,Normal,0,
2024_19048040,2024_19048040_01,Hombre,57.0,SANTA CATARINA,82.95,172.0,,1.0,7.9,28.03880475932937,82.95,172.0,7.9,28.03880475932937,28.03880475932937,Sobrepeso,1,
2024_19048041,2024_19048041_02,Mujer,33.0,SANTA CATARINA,53.0,151.0,,1.0,2.8,23.244594535327398,53.0,151.0,2.8,23.244594535327398,23.244594535327398,Normal,0,
2024_19048045,2024_19048045_02,Mujer,50.0,SANTA CATARINA,77.55,153.0,,1.0,4.8,33.1282839933359,77.55,153.0,4.8,33.1282839933359,33.1282839933359,Obesidad I,0,
2024_19048045,2024_19048045_03,Hombre,25.0,SANTA CATARINA,65.75,179.5,,1.0,4.7,20.40642142751841,65.75,179.5,4.7,20.40642142751841,20.40642142751841,Normal,0,
2024_19048060,2024_19048060_01,Mujer,52.0,SANTA CATARINA,88.85,143.0,,1.0,3.0,43.44955743557143,88.85,143.0,3.0,43.44955743557143,43.44955743557143,Obesidad III,0,
2024_19048060,2024_19048060_04,Mujer,22.0,SANTA CATARINA,80.5,153.4,,1.0,2.4,34.20937668390876,80.5,153.4,2.4,34.20937668390876,34.20937668390876,Obesidad I,0,
2024_19048064,2024_19048064_01,Mujer,62.0,SANTA CATARINA,,,,1.0,6.0,,,,6.0,,,,0,
2024_19048064,2024_19048064_03,Mujer,25.0,SANTA CATARINA,136.35,153.1,,1.0,5.1,58.17076308010245,136.35,153.1,5.1,58.17076308010245,58.17076308010245,Obesidad III,0,
2024_19048068,2024_19048068_01,Hombre,,SANTA CATARINA,68.7,156.6,,1.0,4.0,28.013877267411427,68.7,156.6,4.0,28.013877267411427,28.013877267411427,Sobrepeso,0,
2024_19048074,2024_19048074_01,Hombre,54.0,SANTA CATARINA,85.4,175.0,,1.0,5.7,27.885714285714286,85.4,175.0,5.7,27.885714285714286,27.885714285714286,Sobrepeso,0,
2024_19048088,2024_19048088_01,Hombre,33.0,SANTA CATARINA,77.85,169.5,,1.0,6.4,27.096875244733337,77.85,169.5,6.4,27.096875244733337,27.096875244733337,Sobrepeso,0,
2024_20021007,2024_20021007_02,Mujer,35.0,COSOLAPA,72.05,153.2,,1.0,2.9,30.698450463224926,72.05,153.2,2.9,30.698450463224926,30.698450463224926,Obesidad I,0,
2024_20021007,2024_20021007_05,Hombre,65.0,COSOLAPA,,,,1.0,7.1,,,,7.1,,,,1,
2024_20021010,2024_20021010_03,Hombre,21.0,COSOLAPA,94.6,174.0,,1.0,6.9,31.245871317214952,94.6,174.0,6.9,31.245871317214952,31.245871317214952,Obesidad I,0,
2024_20021011,2024_20021011_01,Hombre,55.0,COSOLAPA,81.5,168.1,,1.0,4.9,28.841788105929695,81.5,168.1,4.9,28.841788105929695,28.841788105929695,Sobrepeso,0,
2024_20021012,2024_20021012_02,Mujer,22.0,COSOLAPA,80.8,155.1,,1.0,5.0,33.58828001817425,80.8,155.1,5.0,33.58828001817425,33.58828001817425,Obesidad I,0,
2024_20021013,2024_20021013_02,Mujer,76.0,COSOLAPA,,,,1.0,4.2,,,,4.2,,,,0,
2024_20021018,2024_20021018_01,Mujer,83.0,COSOLAPA,,,,1.0,5.8,,,,5.8,,,,0,
2024_20021019,2024_20021019_01,Hombre,48.0,COSOLAPA,88.25,164.2,,1.0,4.5,32.73168842844872,88.25,164.2,4.5,32.73168842844872,32.73168842844872,Obesidad I,0,
2024_20021020,2024_20021020_02,Mujer,25.0,COSOLAPA,48.35,147.5,,1.0,2.1,22.223498994541796,48.35,147.5,2.1,22.223498994541796,22.223498994541796,Normal,0,
2024_20021023,2024_20021023_01,Mujer,68.0,COSOLAPA,,,31.0,1.0,7.2,,,,7.2,,31.0,Obesidad I,1,31.0
2024_20021024,2024_20021024_01,Hombre,57.0,COSOLAPA,93.65,148.7,,1.0,2.9,42.35316251267996,93.65,148.7,2.9,42.35316251267996,42.35316251267996,Obesidad III,0,
2024_20023006,2024_20023006_01,Hombre,44.0,CUILPAM DE GUERRERO,80.45,172.2,,1.0,5.2,27.13062222707842,80.45,172.2,5.2,27.13062222707842,27.13062222707842,Sobrepeso,0,
2024_20023006,2024_20023006_02,Mujer,45.0,CUILPAM DE GUERRERO,58.5,155.6,,1.0,3.8,24.162211457761973,58.5,155.6,3.8,24.162211457761973,24.162211457761973,Normal,0,
2024_20023023,2024_20023023_02,Mujer,31.0,CUILPAM DE GUERRERO,85.5,151.4,,1.0,4.2,37.30047517751536,85.5,151.4,4.2,37.30047517751536,37.30047517751536,Obesidad II,0,
2024_20023025,2024_20023025_01,Mujer,68.0,CUILPAM DE GUERRERO,,,,1.0,4.0,,,,4.0,,,,0,
2024_20028001,2024_20028001_01,Mujer,30.0,HEROICA CIUDAD DE EJUTLA DE CRESPO,50.6,150.0,,1.0,4.4,22.48888888888889,50.6,150.0,4.4,22.48888888888889,22.48888888888889,Normal,0,
2024_20028002,2024_20028002_01,Mujer,33.0,HEROICA CIUDAD DE EJUTLA DE CRESPO,61.1,145.4,,1.0,2.6,28.900968537204207,61.1,145.4,2.6,28.900968537204207,28.900968537204207,Sobrepeso,0,
2024_20028003,2024_20028003_02,Mujer,46.0,HEROICA CIUDAD DE EJUTLA DE CRESPO,83.5,158.3,,1.0,5.0,33.32150785609417,83.5,158.3,5.0,33.32150785609417,33.32150785609417,Obesidad I,0,
2024_20028006,2024_20028006_01,Mujer,66.0,HEROICA CIUDAD DE EJUTLA DE CRESPO,,,,1.0,5.3,,,,5.3,,,,0,
2024_20028010,2024_20028010_02,Mujer,34.0,HEROICA CIUDAD DE EJUTLA DE CRESPO,59.5,151.5,,1.0,3.8,25.923384417649686,59.5,151.5,3.8,25.923384417649686,25.923384417649686,Sobrepeso,0,
2024_20028011,2024_20028011_02,Hombre,30.0,HEROICA CIUDAD DE EJUTLA DE CRESPO,104.25,174.5,,1.0,9.0,34.236172116813485,104.25,174.5,9.0,34.236172116813485,34.236172116813485,Obesidad I,1,
2024_20028011,2024_20028011_05,Hombre,64.0,HEROICA CIUDAD DE EJUTLA DE CRESPO,,,,1.0,4.3,,,,4.3,,,,0,
2024_20028016,2024_20028016_03,Mujer,33.0,HEROICA CIUDAD DE EJUTLA DE CRESPO,67.05,146.3,,1.0,4.0,31.326374097176696,67.05,146.3,4.0,31.326374097176696,31.326374097176696,Obesidad I,0,
2024_20028018,2024_20028018_01,Mujer,60.0,HEROICA CIUDAD DE EJUTLA DE CRESPO,55.45,137.9,,1.0,5.3,29.15902633567535,55.45,137.9,5.3,29.15902633567535,29.15902633567535,Sobrepeso,0,
2024_20028025,2024_20028025_01,Hombre,56.0,HEROICA CIUDAD DE EJUTLA DE CRESPO,72.7,162.0,,1.0,4.9,27.701569882639838,72.7,162.0,4.9,27.701569882639838,27.701569882639838,Sobrepeso,0,
2024_20028026,2024_20028026_02,Mujer,41.0,HEROICA CIUDAD DE EJUTLA DE CRESPO,70.7,153.4,,1.0,4.6,30.044756913693778,70.7,153.4,4.6,30.044756913693778,30.044756913693778,Obesidad I,0,
2024_20028029,2024_20028029_01,Mujer,53.0,HEROICA CIUDAD DE EJUTLA DE CRESPO,66.55,147.9,,1.0,4.4,30.423677712907452,66.55,147.9,4.4,30.423677712907452,30.423677712907452,Obesidad I,0,
2024_20028033,2024_20028033_01,Hombre,66.0,HEROICA CIUDAD DE EJUTLA DE CRESPO,,,,1.0,6.6,,,,6.6,,,,0,
2024_20057002,2024_20057002_02,Hombre,49.0,MATAS ROMERO AVENDAO,79.4,152.0,,1.0,4.8,34.366343490304715,79.4,152.0,4.8,34.366343490304715,34.366343490304715,Obesidad I,0,
2024_20057011,2024_20057011_02,Mujer,53.0,MATAS ROMERO AVENDAO,83.95,145.0,,1.0,3.2,39.92865636147444,83.95,145.0,3.2,39.92865636147444,39.92865636147444,Obesidad II,0,
2024_20057012,2024_20057012_01,Hombre,68.0,MATAS ROMERO AVENDAO,,,,1.0,3.6,,,,3.6,,,,0,
2024_20057018,2024_20057018_01,Hombre,58.0,MATAS ROMERO AVENDAO,72.45,161.5,,1.0,5.7,27.777511526037824,72.45,161.5,5.7,27.777511526037824,27.777511526037824,Sobrepeso,0,
2024_20057023,2024_20057023_01,Mujer,28.0,MATAS ROMERO AVENDAO,61.95,151.2,,1.0,3.6,27.098030570252803,61.95,151.2,3.6,27.098030570252803,27.098030570252803,Sobrepeso,0,
2024_20057032,2024_20057032_02,Mujer,52.0,MATAS ROMERO AVENDAO,53.6,148.0,,1.0,3.7,24.470416362308256,53.6,148.0,3.7,24.470416362308256,24.470416362308256,Normal,0,
2024_20082009,2024_20082009_01,Mujer,41.0,SAN AGUSTN CHAYUCO,56.35,153.6,,1.0,3.0,23.88424343532986,56.35,153.6,3.0,23.88424343532986,23.88424343532986,Normal,0,
2024_20082010,2024_20082010_01,Mujer,38.0,SAN AGUSTN CHAYUCO,49.55,141.5,,1.0,5.0,24.747468441358986,49.55,141.5,5.0,24.747468441358986,24.747468441358986,Normal,0,
2024_20082017,2024_20082017_01,Mujer,43.0,SAN AGUSTN CHAYUCO,51.5,156.3,,1.0,2.0,21.080906061435893,51.5,156.3,2.0,21.080906061435893,21.080906061435893,Normal,0,
2024_20130007,2024_20130007_02,Hombre,59.0,SAN DIONISIO DEL MAR,58.7,158.2,,1.0,4.7,23.454444037776444,58.7,158.2,4.7,23.454444037776444,23.454444037776444,Normal,0,
2024_20130013,2024_20130013_01,Hombre,71.0,SAN DIONISIO DEL MAR,,,,1.0,5.4,,,,5.4,,,,0,
2024_20130016,2024_20130016_01,Mujer,43.0,SAN DIONISIO DEL MAR,74.3,156.6,,1.0,3.0,30.297395647287754,74.3,156.6,3.0,30.297395647287754,30.297395647287754,Obesidad I,0,
2024_20130018,2024_20130018_01,Mujer,58.0,SAN DIONISIO DEL MAR,88.5,161.3,,1.0,2.7,34.01531803938012,88.5,161.3,2.7,34.01531803938012,34.01531803938012,Obesidad I,0,
2024_20130018,2024_20130018_02,Mujer,28.0,SAN DIONISIO DEL MAR,65.4,147.7,,1.0,3.0,29.97897346310776,65.4,147.7,3.0,29.97897346310776,29.97897346310776,Sobrepeso,0,
2024_20130030,2024_20130030_01,Mujer,52.0,SAN DIONISIO DEL MAR,62.0,160.3,,1.0,2.7,24.12818448254189,62.0,160.3,2.7,24.12818448254189,24.12818448254189,Normal,0,
2024_20130034,2024_20130034_02,Mujer,70.0,SAN DIONISIO DEL MAR,,,,1.0,4.4,,,,4.4,,,,0,
2024_20184010,2024_20184010_02,Mujer,61.0,SAN JUAN BAUTISTA TUXTEPEC,,,30.0,1.0,2.5,,,,2.5,,30.0,Obesidad I,0,30.0
2024_20184012,2024_20184012_01,Mujer,37.0,SAN JUAN BAUTISTA TUXTEPEC,81.5,156.2,,1.0,4.2,33.40377499545053,81.5,156.2,4.2,33.40377499545053,33.40377499545053,Obesidad I,0,
2024_20184015,2024_20184015_01,Mujer,87.0,SAN JUAN BAUTISTA TUXTEPEC,,,,1.0,5.7,,,,5.7,,,,0,
2024_20184028,2024_20184028_01,Mujer,67.0,SAN JUAN BAUTISTA TUXTEPEC,,,,1.0,4.9,,,,4.9,,,,0,
2024_20184038,2024_20184038_01,Mujer,51.0,SAN JUAN BAUTISTA TUXTEPEC,71.2,152.6,,1.0,3.5,30.57531404111177,71.2,152.6,3.5,30.57531404111177,30.57531404111177,Obesidad I,0,
2024_20235001,2024_20235001_01,Mujer,76.0,SAN LUIS AMATLN,,,,1.0,4.1,,,,4.1,,,,0,
2024_20235008,2024_20235008_01,Mujer,75.0,SAN LUIS AMATLN,,,,1.0,4.3,,,,4.3,,,,0,
2024_20235009,2024_20235009_01,Mujer,45.0,SAN LUIS AMATLN,58.25,152.4,,1.0,3.1,25.07991127093365,58.25,152.4,3.1,25.07991127093365,25.07991127093365,Sobrepeso,0,
2024_20235012,2024_20235012_02,Mujer,64.0,SAN LUIS AMATLN,,,,1.0,3.2,,,,3.2,,,,0,
2024_20235025,2024_20235025_02,Mujer,68.0,SAN LUIS AMATLN,,,,1.0,4.6,,,,4.6,,,,0,
2024_20235026,2024_20235026_02,Mujer,37.0,SAN LUIS AMATLN,82.9,145.4,,1.0,3.9,39.21260706602666,82.9,145.4,3.9,39.21260706602666,39.21260706602666,Obesidad II,0,
2024_20235028,2024_20235028_01,Hombre,42.0,SAN LUIS AMATLN,62.6,168.1,,1.0,4.5,22.153324361119004,62.6,168.1,4.5,22.153324361119004,22.153324361119004,Normal,0,
2024_20235033,2024_20235033_01,Hombre,59.0,SAN LUIS AMATLN,46.85,155.3,,1.0,3.1,19.425252994743776,46.85,155.3,3.1,19.425252994743776,19.425252994743776,Normal,0,
2024_20310002,2024_20310002_02,Mujer,87.0,SAN PEDRO IXTLAHUACA,,,,1.0,5.5,,,,5.5,,,,0,
2024_20310003,2024_20310003_01,Mujer,60.0,SAN PEDRO IXTLAHUACA,,,,1.0,4.1,,,,4.1,,,,0,
2024_20310003,2024_20310003_03,Mujer,21.0,SAN PEDRO IXTLAHUACA,45.55,150.8,,1.0,4.8,20.030219026377445,45.55,150.8,4.8,20.030219026377445,20.030219026377445,Normal,0,
2024_20310012,2024_20310012_02,Hombre,55.0,SAN PEDRO IXTLAHUACA,65.7,166.5,,1.0,3.1,23.699375050726402,65.7,166.5,3.1,23.699375050726402,23.699375050726402,Normal,0,
2024_20310012,2024_20310012_03,Hombre,21.0,SAN PEDRO IXTLAHUACA,58.2,164.0,,1.0,4.2,21.638905413444384,58.2,164.0,4.2,21.638905413444384,21.638905413444384,Normal,0,
2024_20310015,2024_20310015_01,Mujer,73.0,SAN PEDRO IXTLAHUACA,,,,1.0,4.1,,,,4.1,,,,0,
2024_20310016,2024_20310016_02,Mujer,36.0,SAN PEDRO IXTLAHUACA,73.65,159.4,,1.0,4.2,28.986522546122615,73.65,159.4,4.2,28.986522546122615,28.986522546122615,Sobrepeso,0,
2024_20310017,2024_20310017_01,Hombre,38.0,SAN PEDRO IXTLAHUACA,62.65,158.4,,1.0,4.4,24.96955030098969,62.65,158.4,4.4,24.96955030098969,24.96955030098969,Normal,0,
2024_20310021,2024_20310021_01,Mujer,52.0,SAN PEDRO IXTLAHUACA,66.45,146.2,,1.0,4.7,31.088533781469835,66.45,146.2,4.7,31.088533781469835,31.088533781469835,Obesidad I,0,
2024_20310022,2024_20310022_01,Mujer,34.0,SAN PEDRO IXTLAHUACA,66.05,148.7,,1.0,4.4,29.871077244661087,66.05,148.7,4.4,29.871077244661087,29.871077244661087,Sobrepeso,0,
2024_20310023,2024_20310023_01,Hombre,59.0,SAN PEDRO IXTLAHUACA,78.75,161.3,,1.0,5.9,30.267867746906038,78.75,161.3,5.9,30.267867746906038,30.267867746906038,Obesidad I,0,
2024_20318020,2024_20318020_01,Hombre,48.0,SAN PEDRO MIXTEPEC,90.6,166.0,,1.0,6.5,32.87850195964581,90.6,166.0,6.5,32.87850195964581,32.87850195964581,Obesidad I,0,
2024_20318020,2024_20318020_03,Hombre,25.0,SAN PEDRO MIXTEPEC,108.0,173.4,,1.0,7.3,35.91911016391087,108.0,173.4,7.3,35.91911016391087,35.91911016391087,Obesidad II,1,
2024_20318023,2024_20318023_01,Hombre,40.0,SAN PEDRO MIXTEPEC,78.2,168.7,,1.0,6.2,27.477460225322208,78.2,168.7,6.2,27.477460225322208,27.477460225322208,Sobrepeso,0,
2024_20318028,2024_20318028_01,Hombre,75.0,SAN PEDRO MIXTEPEC,,,,1.0,4.0,,,,4.0,,,,0,
2024_20318030,2024_20318030_01,Mujer,52.0,SAN PEDRO MIXTEPEC,49.45,149.0,,1.0,4.3,22.27377145173641,49.45,149.0,4.3,22.27377145173641,22.27377145173641,Normal,0,
2024_20324002,2024_20324002_01,Mujer,53.0,SAN PEDRO POCHUTLA,78.45,152.0,,1.0,4.6,33.95515927977839,78.45,152.0,4.6,33.95515927977839,33.95515927977839,Obesidad I,0,
2024_20324004,2024_20324004_01,Mujer,42.0,SAN PEDRO POCHUTLA,79.75,156.1,,1.0,4.2,32.72840838159149,79.75,156.1,4.2,32.72840838159149,32.72840838159149,Obesidad I,0,
2024_20324011,2024_20324011_01,Mujer,51.0,SAN PEDRO POCHUTLA,62.05,151.3,,1.0,4.1,27.10590611702325,62.05,151.3,4.1,27.10590611702325,27.10590611702325,Sobrepeso,0,
2024_20324014,2024_20324014_01,Mujer,26.0,SAN PEDRO POCHUTLA,64.5,158.8,,1.0,3.2,25.57753681579097,64.5,158.8,3.2,25.57753681579097,25.57753681579097,Sobrepeso,0,
2024_20324016,2024_20324016_01,Mujer,47.0,SAN PEDRO POCHUTLA,75.2,156.3,,1.0,3.7,30.782216229514162,75.2,156.3,3.7,30.782216229514162,30.782216229514162,Obesidad I,0,
2024_20324025,2024_20324025_02,Mujer,56.0,SAN PEDRO POCHUTLA,66.75,146.0,,1.0,7.4,31.3145055357478,66.75,146.0,7.4,31.3145055357478,31.3145055357478,Obesidad I,1,
2024_20324026,2024_20324026_02,Mujer,38.0,SAN PEDRO POCHUTLA,59.95,151.0,,1.0,3.9,26.29270646024297,59.95,151.0,3.9,26.29270646024297,26.29270646024297,Sobrepeso,0,
2024_20324027,2024_20324027_01,Hombre,73.0,SAN PEDRO POCHUTLA,,,,1.0,4.7,,,,4.7,,,,0,
2024_20397007,2024_20397007_01,Hombre,54.0,HEROICA CIUDAD DE TLAXIACO,60.95,158.2,,1.0,6.6,24.35346446511881,60.95,158.2,6.6,24.35346446511881,24.35346446511881,Normal,0,
2024_20397014,2024_20397014_01,Hombre,54.0,HEROICA CIUDAD DE TLAXIACO,94.35,175.2,,1.0,5.8,30.737865140426603,94.35,175.2,5.8,30.737865140426603,30.737865140426603,Obesidad I,0,
2024_20397018,2024_20397018_01,Mujer,46.0,HEROICA CIUDAD DE TLAXIACO,71.5,151.9,,1.0,4.1,30.987782145923415,71.5,151.9,4.1,30.987782145923415,30.987782145923415,Obesidad I,0,
2024_20397026,2024_20397026_02,Mujer,48.0,HEROICA CIUDAD DE TLAXIACO,68.4,155.2,,1.0,5.2,28.397013497714966,68.4,155.2,5.2,28.397013497714966,28.397013497714966,Sobrepeso,0,
2024_20397039,2024_20397039_01,Mujer,68.0,HEROICA CIUDAD DE TLAXIACO,,,,1.0,3.5,,,,3.5,,,,0,
2024_20397047,2024_20397047_02,Mujer,79.0,HEROICA CIUDAD DE TLAXIACO,,,,1.0,3.7,,,,3.7,,,,0,
2024_20397047,2024_20397047_03,Hombre,42.0,HEROICA CIUDAD DE TLAXIACO,64.25,157.4,,1.0,4.5,25.93365182952327,64.25,157.4,4.5,25.93365182952327,25.93365182952327,Sobrepeso,0,
2024_20397049,2024_20397049_01,Hombre,60.0,HEROICA CIUDAD DE TLAXIACO,62.8,153.5,,1.0,7.6,26.652802682256578,62.8,153.5,7.6,26.652802682256578,26.652802682256578,Sobrepeso,1,
2024_20397049,2024_20397049_02,Mujer,32.0,HEROICA CIUDAD DE TLAXIACO,55.65,142.9,,1.0,4.0,27.252146259551104,55.65,142.9,4.0,27.252146259551104,27.252146259551104,Sobrepeso,0,
2024_20397053,2024_20397053_01,Mujer,,HEROICA CIUDAD DE TLAXIACO,56.1,144.4,,1.0,4.7,26.904719883978792,56.1,144.4,4.7,26.904719883978792,26.904719883978792,Sobrepeso,0,
2024_20397053,2024_20397053_03,Mujer,22.0,HEROICA CIUDAD DE TLAXIACO,55.1,140.6,,1.0,3.9,27.872823036407677,55.1,140.6,3.9,27.872823036407677,27.872823036407677,Sobrepeso,0,
2024_20397061,2024_20397061_01,Mujer,59.0,HEROICA CIUDAD DE TLAXIACO,72.2,145.4,,1.0,6.0,34.15138998995325,72.2,145.4,6.0,34.15138998995325,34.15138998995325,Obesidad I,0,
2024_20397061,2024_20397061_03,Hombre,26.0,HEROICA CIUDAD DE TLAXIACO,64.9,167.9,,1.0,5.5,23.022013514524975,64.9,167.9,5.5,23.022013514524975,23.022013514524975,Normal,0,
2024_20397062,2024_20397062_01,Mujer,26.0,HEROICA CIUDAD DE TLAXIACO,72.7,155.9,,1.0,3.8,29.91177466517944,72.7,155.9,3.8,29.91177466517944,29.91177466517944,Sobrepeso,0,
2024_20397064,2024_20397064_01,Hombre,42.0,HEROICA CIUDAD DE TLAXIACO,64.0,162.1,,1.0,3.7,24.356447475130736,64.0,162.1,3.7,24.356447475130736,24.356447475130736,Normal,0,
2024_20500006,2024_20500006_02,Mujer,31.0,SANTIAGO YOSONDA,56.8,147.8,26.0,1.0,4.4,26.00156375601743,56.8,147.8,4.4,26.00156375601743,26.0,Sobrepeso,0,26.0
2024_20500009,2024_20500009_01,Mujer,,SANTIAGO YOSONDA,,,,1.0,3.4,,,,3.4,,,,0,
2024_20500010,2024_20500010_01,Hombre,33.0,SANTIAGO YOSONDA,66.45,154.3,,1.0,5.1,27.910211861399016,66.45,154.3,5.1,27.910211861399016,27.910211861399016,Sobrepeso,0,
2024_20500012,2024_20500012_02,Mujer,57.0,SANTIAGO YOSONDA,46.85,142.9,,1.0,2.7,22.942732295776626,46.85,142.9,2.7,22.942732295776626,22.942732295776626,Normal,0,
2024_20500013,2024_20500013_01,Mujer,32.0,SANTIAGO YOSONDA,69.65,151.5,,1.0,4.6,30.34560881830758,69.65,151.5,4.6,30.34560881830758,30.34560881830758,Obesidad I,0,
2024_20500014,2024_20500014_01,Mujer,45.0,SANTIAGO YOSONDA,44.05,137.6,,1.0,4.8,23.26532078150352,44.05,137.6,4.8,23.26532078150352,23.26532078150352,Normal,0,
2024_20500021,2024_20500021_02,Mujer,30.0,SANTIAGO YOSONDA,50.6,144.8,,1.0,5.9,24.13311559476206,50.6,144.8,5.9,24.13311559476206,24.13311559476206,Normal,0,
2024_20500025,2024_20500025_02,Mujer,55.0,SANTIAGO YOSONDA,64.2,145.2,,1.0,3.9,30.45101655169274,64.2,145.2,3.9,30.45101655169274,30.45101655169274,Obesidad I,0,
2024_20515003,2024_20515003_02,Hombre,77.0,SANTO DOMINGO TEHUANTEPEC,,,,1.0,4.4,,,,4.4,,,,0,
2024_20515003,2024_20515003_03,Mujer,30.0,SANTO DOMINGO TEHUANTEPEC,70.5,167.4,,1.0,3.9,25.1581214698338,70.5,167.4,3.9,25.1581214698338,25.1581214698338,Sobrepeso,0,
2024_20515009,2024_20515009_01,Mujer,72.0,SANTO DOMINGO TEHUANTEPEC,,,,1.0,3.9,,,,3.9,,,,0,
2024_20515018,2024_20515018_01,Hombre,60.0,SANTO DOMINGO TEHUANTEPEC,,,,1.0,5.7,,,,5.7,,,,0,
2024_20515021,2024_20515021_01,Mujer,84.0,SANTO DOMINGO TEHUANTEPEC,,,,1.0,5.2,,,,5.2,,,,0,
2024_21010013,2024_21010013_01,Mujer,69.0,AJALPAN,,,,1.0,5.3,,,,5.3,,,,0,
2024_21010015,2024_21010015_01,Hombre,72.0,AJALPAN,,,,1.0,3.9,,,,3.9,,,,0,
2024_21010026,2024_21010026_02,Hombre,69.0,AJALPAN,,,,1.0,4.8,,,,4.8,,,,0,
2024_21010029,2024_21010029_01,Mujer,42.0,AJALPAN,62.2,149.8,,1.0,4.2,27.71831066254783,62.2,149.8,4.2,27.71831066254783,27.71831066254783,Sobrepeso,0,
2024_21010031,2024_21010031_01,Hombre,85.0,AJALPAN,,,,1.0,5.8,,,,5.8,,,,0,
2024_21010031,2024_21010031_03,Hombre,42.0,AJALPAN,82.05,171.6,,1.0,4.7,27.8640357311686,82.05,171.6,4.7,27.8640357311686,27.8640357311686,Sobrepeso,0,
2024_21010034,2024_21010034_02,Mujer,67.0,AJALPAN,,,,1.0,3.0,,,,3.0,,,,0,
2024_21010034,2024_21010034_05,Hombre,22.0,AJALPAN,56.55,166.5,,1.0,6.1,20.39877715553391,56.55,166.5,6.1,20.39877715553391,20.39877715553391,Normal,0,
2024_21041021,2024_21041021_01,Hombre,48.0,CUAUTLANCINGO,83.75,168.5,,1.0,6.0,29.497486109765866,83.75,168.5,6.0,29.497486109765866,29.497486109765866,Sobrepeso,0,
2024_21057001,2024_21057001_01,Mujer,48.0,HONEY,80.25,155.2,,1.0,3.3,33.31667153788926,80.25,155.2,3.3,33.31667153788926,33.31667153788926,Obesidad I,0,
2024_21057002,2024_21057002_01,Hombre,37.0,HONEY,75.1,166.5,,1.0,5.9,27.09015321627934,75.1,166.5,5.9,27.09015321627934,27.09015321627934,Sobrepeso,0,
2024_21057007,2024_21057007_01,Hombre,66.0,HONEY,,,,1.0,6.0,,,,6.0,,,,0,
2024_21057009,2024_21057009_01,Mujer,78.0,HONEY,,,,1.0,4.1,,,,4.1,,,,0,
2024_21057010,2024_21057010_02,Mujer,47.0,HONEY,71.3,156.8,29.0,1.0,3.6,28.999960953769257,71.3,156.8,3.6,28.999960953769257,29.0,Sobrepeso,0,29.0
2024_21065001,2024_21065001_01,Hombre,50.0,GENERAL FELIPE NGELES,86.65,165.4,,1.0,6.2,31.67360939512727,86.65,165.4,6.2,31.67360939512727,31.67360939512727,Obesidad I,0,
2024_21065001,2024_21065001_03,Hombre,28.0,GENERAL FELIPE NGELES,89.95,164.8,,1.0,6.1,33.119727354133275,89.95,164.8,6.1,33.119727354133275,33.119727354133275,Obesidad I,0,
2024_21065011,2024_21065011_03,Mujer,82.0,GENERAL FELIPE NGELES,,,,1.0,7.0,,,,7.0,,,,1,
2024_21065011,2024_21065011_05,Hombre,21.0,GENERAL FELIPE NGELES,65.45,169.3,,1.0,4.7,22.834722314774467,65.45,169.3,4.7,22.834722314774467,22.834722314774467,Normal,0,
2024_21065021,2024_21065021_01,Hombre,62.0,GENERAL FELIPE NGELES,,,,1.0,4.9,,,,4.9,,,,0,
2024_21065021,2024_21065021_03,Mujer,28.0,GENERAL FELIPE NGELES,52.4,147.7,,1.0,3.3,24.019850297658202,52.4,147.7,3.3,24.019850297658202,24.019850297658202,Normal,0,
2024_21065029,2024_21065029_02,Mujer,67.0,GENERAL FELIPE NGELES,,,,1.0,4.2,,,,4.2,,,,0,
2024_21065033,2024_21065033_01,Hombre,64.0,GENERAL FELIPE NGELES,,,,1.0,4.2,,,,4.2,,,,0,
2024_21065033,2024_21065033_04,Hombre,27.0,GENERAL FELIPE NGELES,68.5,168.2,,1.0,5.8,24.212441731080013,68.5,168.2,5.8,24.212441731080013,24.212441731080013,Normal,0,
2024_21065038,2024_21065038_02,Mujer,45.0,GENERAL FELIPE NGELES,84.35,153.6,,1.0,5.6,35.75219048394097,84.35,153.6,5.6,35.75219048394097,35.75219048394097,Obesidad II,0,
2024_21114025,2024_21114025_01,Mujer,63.0,PUEBLA,,,,1.0,4.7,,,,4.7,,,,0,
2024_21114033,2024_21114033_02,Mujer,66.0,PUEBLA,,,,1.0,3.9,,,,3.9,,,,0,
2024_21114050,2024_21114050_02,Mujer,25.0,PUEBLA,60.75,143.8,,1.0,6.3,29.378425064946864,60.75,143.8,6.3,29.378425064946864,29.378425064946864,Sobrepeso,1,
2024_21114054,2024_21114054_01,Mujer,34.0,PUEBLA,53.3,159.0,,1.0,4.3,21.08302677900399,53.3,159.0,4.3,21.08302677900399,21.08302677900399,Normal,0,
2024_21114059,2024_21114059_01,Mujer,58.0,PUEBLA,74.75,153.5,,1.0,4.7,31.724474530233746,74.75,153.5,4.7,31.724474530233746,31.724474530233746,Obesidad I,0,
2024_21127007,2024_21127007_01,Mujer,68.0,SAN JERNIMO XAYACATLN,,,,1.0,4.6,,,,4.6,,,,0,
2024_21127007,2024_21127007_02,Hombre,29.0,SAN JERNIMO XAYACATLN,91.4,161.9,,1.0,7.6,34.870044228492645,91.4,161.9,7.6,34.870044228492645,34.870044228492645,Obesidad I,1,
2024_21156008,2024_21156008_01,Mujer,81.0,TEHUACN,,,,1.0,6.4,,,,6.4,,,,1,
2024_21156024,2024_21156024_01,Mujer,52.0,TEHUACN,87.9,151.0,,1.0,3.3,38.5509407482128,87.9,151.0,3.3,38.5509407482128,38.5509407482128,Obesidad II,0,
2024_21164001,2024_21164001_02,Mujer,66.0,TEPEACA,,,,1.0,2.4,,,,2.4,,,,0,
2024_21164001,2024_21164001_03,Mujer,36.0,TEPEACA,74.1,158.2,,1.0,4.4,29.607739407141977,74.1,158.2,4.4,29.607739407141977,29.607739407141977,Sobrepeso,0,
2024_21164005,2024_21164005_01,Mujer,27.0,TEPEACA,80.05,151.5,,1.0,4.9,34.8767550022329,80.05,151.5,4.9,34.8767550022329,34.8767550022329,Obesidad I,0,
2024_21164015,2024_21164015_01,Mujer,35.0,TEPEACA,68.85,146.9,,1.0,3.2,31.905117840405822,68.85,146.9,3.2,31.905117840405822,31.905117840405822,Obesidad I,0,
2024_21164015,2024_21164015_02,Hombre,50.0,TEPEACA,222.22,222.2,,1.0,8.2,45.00855126016652,222.22,222.2,8.2,45.00855126016652,45.00855126016652,Obesidad III,1,
2024_21164016,2024_21164016_02,Mujer,51.0,TEPEACA,88.1,165.4,,1.0,5.7,32.2036351726568,88.1,165.4,5.7,32.2036351726568,32.2036351726568,Obesidad I,0,
2024_21164018,2024_21164018_01,Hombre,65.0,TEPEACA,,,,1.0,5.9,,,,5.9,,,,0,
2024_21164022,2024_21164022_01,Mujer,41.0,TEPEACA,58.85,145.9,,1.0,1.8,27.64622787538386,58.85,145.9,1.8,27.64622787538386,27.64622787538386,Sobrepeso,0,
2024_21164025,2024_21164025_02,Mujer,46.0,TEPEACA,86.75,156.2,,1.0,5.6,35.55555191233539,86.75,156.2,5.6,35.55555191233539,35.55555191233539,Obesidad II,0,
2024_21164025,2024_21164025_03,Hombre,24.0,TEPEACA,75.1,164.7,,1.0,5.6,27.68552342044136,75.1,164.7,5.6,27.68552342044136,27.68552342044136,Sobrepeso,0,
2024_21164033,2024_21164033_01,Hombre,75.0,TEPEACA,,,,1.0,7.0,,,,7.0,,,,0,
2024_21207002,2024_21207002_02,Hombre,21.0,ZACAPOAXTLA,56.8,171.4,,1.0,5.0,19.334221981376512,56.8,171.4,5.0,19.334221981376512,19.334221981376512,Normal,0,
2024_21207006,2024_21207006_02,Mujer,40.0,ZACAPOAXTLA,76.85,148.1,,1.0,3.4,35.037551957931235,76.85,148.1,3.4,35.037551957931235,35.037551957931235,Obesidad II,0,
2024_21207029,2024_21207029_01,Mujer,68.0,ZACAPOAXTLA,,,,1.0,5.7,,,,5.7,,,,0,
2024_21207030,2024_21207030_01,Hombre,47.0,ZACAPOAXTLA,79.95,164.0,,1.0,7.2,29.725609756097565,79.95,164.0,7.2,29.725609756097565,29.725609756097565,Sobrepeso,1,
2024_21207030,2024_21207030_04,Hombre,21.0,ZACAPOAXTLA,91.8,173.1,,1.0,7.8,30.63716287857171,91.8,173.1,7.8,30.63716287857171,30.63716287857171,Obesidad I,1,
2024_21207031,2024_21207031_01,Mujer,34.0,ZACAPOAXTLA,66.95,155.1,,1.0,3.5,27.830883010108494,66.95,155.1,3.5,27.830883010108494,27.830883010108494,Sobrepeso,0,
2024_21207036,2024_21207036_04,Hombre,45.0,ZACAPOAXTLA,51.6,164.7,,1.0,4.7,19.022277077160776,51.6,164.7,4.7,19.022277077160776,19.022277077160776,Normal,0,
2024_21207036,2024_21207036_06,Mujer,27.0,ZACAPOAXTLA,57.7,153.4,,1.0,3.5,24.520261300143297,57.7,153.4,3.5,24.520261300143297,24.520261300143297,Normal,0,
2024_21207037,2024_21207037_01,Mujer,38.0,ZACAPOAXTLA,46.85,144.5,,1.0,2.4,22.437470815722993,46.85,144.5,2.4,22.437470815722993,22.437470815722993,Normal,0,
2024_21207038,2024_21207038_01,Hombre,47.0,ZACAPOAXTLA,96.5,170.4,,1.0,6.4,33.234422182547554,96.5,170.4,6.4,33.234422182547554,33.234422182547554,Obesidad I,0,
2024_21207038,2024_21207038_03,Hombre,22.0,ZACAPOAXTLA,83.25,176.5,,1.0,4.7,26.72359139388006,83.25,176.5,4.7,26.72359139388006,26.72359139388006,Sobrepeso,0,
2024_22006002,2024_22006002_01,Mujer,52.0,CORREGIDORA,55.25,148.5,,1.0,4.6,25.054132798240538,55.25,148.5,4.6,25.054132798240538,25.054132798240538,Sobrepeso,0,
2024_22006002,2024_22006002_02,Hombre,34.0,CORREGIDORA,84.1,165.4,,1.0,6.1,30.741495096713248,84.1,165.4,6.1,30.741495096713248,30.741495096713248,Obesidad I,0,
2024_22006011,2024_22006011_01,Hombre,35.0,CORREGIDORA,88.85,175.3,,1.0,7.5,28.913029542054705,88.85,175.3,7.5,28.913029542054705,28.913029542054705,Sobrepeso,1,
2024_22006020,2024_22006020_01,Hombre,70.0,CORREGIDORA,,,,1.0,4.9,,,,4.9,,,,0,
2024_22006020,2024_22006020_02,Mujer,38.0,CORREGIDORA,66.0,149.0,,1.0,5.0,29.72839061303545,66.0,149.0,5.0,29.72839061303545,29.72839061303545,Sobrepeso,0,
2024_22006035,2024_22006035_01,Hombre,66.0,CORREGIDORA,,,,1.0,6.8,,,,6.8,,,,0,
2024_22006046,2024_22006046_01,Mujer,64.0,CORREGIDORA,,,,1.0,4.5,,,,4.5,,,,0,
2024_22006057,2024_22006057_01,Hombre,50.0,CORREGIDORA,76.85,183.4,,1.0,8.4,22.847843175496404,76.85,183.4,8.4,22.847843175496404,22.847843175496404,Normal,1,
2024_22008005,2024_22008005_01,Mujer,57.0,HUIMILPAN,73.9,153.0,,1.0,6.3,31.56905463710539,73.9,153.0,6.3,31.56905463710539,31.56905463710539,Obesidad I,1,
2024_22008006,2024_22008006_01,Mujer,33.0,HUIMILPAN,64.25,155.4,,1.0,2.8,26.605480273433937,64.25,155.4,2.8,26.605480273433937,26.605480273433937,Sobrepeso,0,
2024_22008028,2024_22008028_01,Mujer,47.0,HUIMILPAN,99.35,153.3,,1.0,5.8,42.27499469169039,99.35,153.3,5.8,42.27499469169039,42.27499469169039,Obesidad III,0,
2024_22008033,2024_22008033_02,Mujer,52.0,HUIMILPAN,68.85,151.1,,1.0,4.9,30.156088967689406,68.85,151.1,4.9,30.156088967689406,30.156088967689406,Obesidad I,0,
2024_22011009,2024_22011009_01,Mujer,65.0,EL MARQUS,,,,1.0,5.4,,,,5.4,,,,0,
2024_22011016,2024_22011016_01,Hombre,47.0,EL MARQUS,109.9,169.0,,1.0,5.5,38.47904485137076,109.9,169.0,5.5,38.47904485137076,38.47904485137076,Obesidad II,0,
2024_22011016,2024_22011016_04,Mujer,20.0,EL MARQUS,86.75,155.9,,1.0,5.0,35.692523414089635,86.75,155.9,5.0,35.692523414089635,35.692523414089635,Obesidad II,0,
2024_22011017,2024_22011017_03,Mujer,36.0,EL MARQUS,66.85,160.1,,1.0,3.3,26.08067022445762,66.85,160.1,3.3,26.08067022445762,26.08067022445762,Sobrepeso,0,
2024_22011019,2024_22011019_01,Hombre,60.0,EL MARQUS,,,,1.0,5.5,,,,5.5,,,,0,
2024_22011025,2024_22011025_01,Hombre,60.0,EL MARQUS,,,,1.0,5.1,,,,5.1,,,,0,
2024_22014003,2024_22014003_01,Hombre,71.0,QUERTARO,,,,1.0,6.0,,,,6.0,,,,0,
2024_22014018,2024_22014018_01,Hombre,56.0,QUERTARO,66.4,164.4,,1.0,8.1,24.567697325968943,66.4,164.4,8.1,24.567697325968943,24.567697325968943,Normal,1,
2024_22014028,2024_22014028_02,Mujer,37.0,QUERTARO,69.3,161.8,,1.0,6.0,26.471356693318825,69.3,161.8,6.0,26.471356693318825,26.471356693318825,Sobrepeso,0,
2024_22014030,2024_22014030_02,Mujer,70.0,QUERTARO,,,,1.0,7.7,,,,7.7,,,,1,
2024_22014030,2024_22014030_03,Mujer,34.0,QUERTARO,97.3,164.8,,1.0,6.0,35.826008577622765,97.3,164.8,6.0,35.826008577622765,35.826008577622765,Obesidad II,0,
2024_22014032,2024_22014032_02,Mujer,36.0,QUERTARO,53.95,155.6,,1.0,3.3,22.28292834438049,53.95,155.6,3.3,22.28292834438049,22.28292834438049,Normal,0,
2024_22014032,2024_22014032_03,Hombre,80.0,QUERTARO,,,,1.0,5.9,,,,5.9,,,,0,
2024_22014049,2024_22014049_02,Mujer,64.0,QUERTARO,,,,1.0,4.9,,,,4.9,,,,0,
2024_22014050,2024_22014050_01,Mujer,56.0,QUERTARO,73.3,151.4,,1.0,3.3,31.978068193121352,73.3,151.4,3.3,31.978068193121352,31.978068193121352,Obesidad I,0,
2024_22014053,2024_22014053_01,Mujer,31.0,QUERTARO,66.7,154.9,,1.0,3.7,27.79860473509846,66.7,154.9,3.7,27.79860473509846,27.79860473509846,Sobrepeso,0,
2024_22014058,2024_22014058_01,Hombre,56.0,QUERTARO,82.45,170.6,,1.0,6.3,28.329088837548742,82.45,170.6,6.3,28.329088837548742,28.329088837548742,Sobrepeso,0,
2024_22014059,2024_22014059_01,Hombre,54.0,QUERTARO,68.6,158.1,,1.0,2.4,27.444819310270884,68.6,158.1,2.4,27.444819310270884,27.444819310270884,Sobrepeso,0,
2024_22014071,2024_22014071_02,Hombre,85.0,QUERTARO,,,,1.0,5.6,,,,5.6,,,,0,
2024_22014077,2024_22014077_01,Mujer,67.0,QUERTARO,,,,1.0,3.1,,,,3.1,,,,0,
2024_22014078,2024_22014078_02,Mujer,78.0,QUERTARO,,,,1.0,6.2,,,,6.2,,,,1,
2024_22014083,2024_22014083_01,Mujer,42.0,QUERTARO,67.95,165.8,,1.0,3.9,24.718403005641395,67.95,165.8,3.9,24.718403005641395,24.718403005641395,Normal,0,
2024_22014084,2024_22014084_01,Hombre,37.0,QUERTARO,77.2,163.5,,1.0,5.0,28.878975768968196,77.2,163.5,5.0,28.878975768968196,28.878975768968196,Sobrepeso,0,
2024_22014093,2024_22014093_01,Mujer,47.0,QUERTARO,96.55,155.4,,1.0,4.0,39.98068669883341,96.55,155.4,4.0,39.98068669883341,39.98068669883341,Obesidad II,0,
2024_22014093,2024_22014093_03,Hombre,22.0,QUERTARO,78.1,168.1,,1.0,4.7,27.638572405805018,78.1,168.1,4.7,27.638572405805018,27.638572405805018,Sobrepeso,0,
2024_22014109,2024_22014109_01,Mujer,50.0,QUERTARO,53.05,159.2,,1.0,3.0,20.93144743819601,53.05,159.2,3.0,20.93144743819601,20.93144743819601,Normal,0,
2024_22014109,2024_22014109_02,Hombre,39.0,QUERTARO,80.2,173.6,,1.0,3.9,26.611841406697955,80.2,173.6,3.9,26.611841406697955,26.611841406697955,Sobrepeso,0,
2024_22014124,2024_22014124_01,Hombre,30.0,QUERTARO,72.55,177.0,,1.0,4.9,23.15745794631172,72.55,177.0,4.9,23.15745794631172,23.15745794631172,Normal,0,
2024_22014135,2024_22014135_01,Mujer,66.0,QUERTARO,,,,1.0,3.4,,,,3.4,,,,0,
2024_22014135,2024_22014135_02,Hombre,32.0,QUERTARO,108.15,177.7,,1.0,6.6,34.24929751729804,108.15,177.7,6.6,34.24929751729804,34.24929751729804,Obesidad I,0,
2024_22014137,2024_22014137_01,Mujer,72.0,QUERTARO,,,,1.0,3.6,,,,3.6,,,,0,
2024_22014144,2024_22014144_02,Mujer,43.0,QUERTARO,93.2,153.8,,1.0,5.3,39.40063683604431,93.2,153.8,5.3,39.40063683604431,39.40063683604431,Obesidad II,0,
2024_22014146,2024_22014146_02,Mujer,59.0,QUERTARO,70.45,157.5,,1.0,5.8,28.400100781053165,70.45,157.5,5.8,28.400100781053165,28.400100781053165,Sobrepeso,0,
2024_22014146,2024_22014146_04,Mujer,35.0,QUERTARO,75.9,156.5,,1.0,5.4,30.989394604415686,75.9,156.5,5.4,30.989394604415686,30.989394604415686,Obesidad I,0,
2024_22014153,2024_22014153_02,Mujer,40.0,QUERTARO,78.5,150.3,,1.0,4.3,34.74975088633998,78.5,150.3,4.3,34.74975088633998,34.74975088633998,Obesidad I,0,
2024_22014158,2024_22014158_01,Hombre,29.0,QUERTARO,85.8,178.0,,1.0,4.3,27.0799141522535,85.8,178.0,4.3,27.0799141522535,27.0799141522535,Sobrepeso,0,
2024_22016005,2024_22016005_01,Mujer,57.0,SAN JUAN DEL RO,59.65,151.9,,1.0,4.0,25.852044825235406,59.65,151.9,4.0,25.852044825235406,25.852044825235406,Sobrepeso,0,
2024_22016011,2024_22016011_01,Hombre,52.0,SAN JUAN DEL RO,78.0,164.6,,1.0,6.6,28.78955426388063,78.0,164.6,6.6,28.78955426388063,28.78955426388063,Sobrepeso,0,
2024_22016015,2024_22016015_02,Mujer,61.0,SAN JUAN DEL RO,,,,1.0,6.0,,,,6.0,,,,0,
2024_22016018,2024_22016018_01,Hombre,41.0,SAN JUAN DEL RO,86.55,168.7,,1.0,6.0,30.411434558844462,86.55,168.7,6.0,30.411434558844462,30.411434558844462,Obesidad I,0,
2024_22016018,2024_22016018_02,Mujer,45.0,SAN JUAN DEL RO,74.85,146.3,,1.0,4.3,34.97060553577443,74.85,146.3,4.3,34.97060553577443,34.97060553577443,Obesidad I,0,
2024_22016025,2024_22016025_02,Mujer,63.0,SAN JUAN DEL RO,,,,1.0,3.7,,,,3.7,,,,0,
2024_22016026,2024_22016026_01,Mujer,54.0,SAN JUAN DEL RO,74.1,144.0,,1.0,2.9,35.7349537037037,74.1,144.0,2.9,35.7349537037037,35.7349537037037,Obesidad II,0,
2024_22016026,2024_22016026_02,Mujer,31.0,SAN JUAN DEL RO,57.95,142.0,,1.0,3.3,28.739337433049,57.95,142.0,3.3,28.739337433049,28.739337433049,Sobrepeso,0,
2024_22018005,2024_22018005_01,Mujer,54.0,TOLIMN,51.55,152.3,,1.0,5.4,22.22433951030575,51.55,152.3,5.4,22.22433951030575,22.22433951030575,Normal,0,
2024_22018006,2024_22018006_02,Mujer,45.0,TOLIMN,63.2,153.1,,1.0,3.6,26.962905952786762,63.2,153.1,3.6,26.962905952786762,26.962905952786762,Sobrepeso,0,
2024_22018007,2024_22018007_04,Mujer,25.0,TOLIMN,74.7,153.7,,1.0,3.9,31.620800984096903,74.7,153.7,3.9,31.620800984096903,31.620800984096903,Obesidad I,0,
2024_22018021,2024_22018021_02,Mujer,59.0,TOLIMN,44.0,139.9,,1.0,3.9,22.48108395611897,44.0,139.9,3.9,22.48108395611897,22.48108395611897,Normal,0,
2024_22018031,2024_22018031_02,Mujer,41.0,TOLIMN,72.15,157.0,,1.0,3.3,29.270964339324113,72.15,157.0,3.3,29.270964339324113,29.270964339324113,Sobrepeso,0,
2024_23002026,2024_23002026_02,Mujer,33.0,FELIPE CARRILLO PUERTO,42.9,146.0,,1.0,2.1,20.125727153312067,42.9,146.0,2.1,20.125727153312067,20.125727153312067,Normal,0,
2024_23004002,2024_23004002_01,Mujer,64.0,OTHN P. BLANCO,,,,1.0,4.4,,,,4.4,,,,0,
2024_23004038,2024_23004038_01,Hombre,85.0,OTHN P. BLANCO,,,,1.0,7.7,,,,7.7,,,,1,
2024_23004039,2024_23004039_01,Mujer,52.0,OTHN P. BLANCO,88.8,146.6,,1.0,5.3,41.31854551275012,88.8,146.6,5.3,41.31854551275012,41.31854551275012,Obesidad III,0,
2024_23004041,2024_23004041_01,Hombre,55.0,OTHN P. BLANCO,46.6,142.0,,1.0,6.7,23.110493949613172,46.6,142.0,6.7,23.110493949613172,23.110493949613172,Normal,0,
2024_23004049,2024_23004049_01,Hombre,,OTHN P. BLANCO,93.3,169.7,,1.0,6.1,32.39798194949735,93.3,169.7,6.1,32.39798194949735,32.39798194949735,Obesidad I,0,
2024_23004051,2024_23004051_01,Mujer,71.0,OTHN P. BLANCO,,,,1.0,5.5,,,,5.5,,,,0,
2024_23004060,2024_23004060_01,Mujer,27.0,OTHN P. BLANCO,62.3,160.6,,1.0,4.9,24.15443953170629,62.3,160.6,4.9,24.15443953170629,24.15443953170629,Normal,0,
2024_23004061,2024_23004061_01,Mujer,80.0,OTHN P. BLANCO,,,,1.0,5.9,,,,5.9,,,,0,
2024_23004061,2024_23004061_02,Hombre,29.0,OTHN P. BLANCO,85.1,163.7,,1.0,5.6,31.756468561282713,85.1,163.7,5.6,31.756468561282713,31.756468561282713,Obesidad I,0,
2024_23004066,2024_23004066_01,Hombre,,OTHN P. BLANCO,,,,1.0,4.0,,,,4.0,,,,0,
2024_23005004,2024_23005004_01,Hombre,65.0,BENITO JUAREZ,,,,1.0,5.5,,,,5.5,,,,0,
2024_23005004,2024_23005004_03,Hombre,24.0,BENITO JUAREZ,66.95,165.4,,1.0,4.4,24.472569521105257,66.95,165.4,4.4,24.472569521105257,24.472569521105257,Normal,0,
2024_23005011,2024_23005011_02,Mujer,60.0,BENITO JUAREZ,86.9,152.4,,1.0,3.4,37.41535260848299,86.9,152.4,3.4,37.41535260848299,37.41535260848299,Obesidad II,0,
2024_23005022,2024_23005022_01,Mujer,64.0,BENITO JUAREZ,,,,1.0,3.4,,,,3.4,,,,0,
2024_23005031,2024_23005031_01,Hombre,27.0,BENITO JUAREZ,75.2,163.3,,1.0,6.0,28.19976382697795,75.2,163.3,6.0,28.19976382697795,28.19976382697795,Sobrepeso,0,
2024_23005033,2024_23005033_02,Mujer,54.0,BENITO JUAREZ,68.85,154.1,,1.0,3.8,28.993367951316408,68.85,154.1,3.8,28.993367951316408,28.993367951316408,Sobrepeso,0,
2024_23005033,2024_23005033_03,Mujer,24.0,BENITO JUAREZ,59.95,157.1,,1.0,3.5,24.290520295246314,59.95,157.1,3.5,24.290520295246314,24.290520295246314,Normal,0,
2024_23005049,2024_23005049_01,Hombre,66.0,BENITO JUAREZ,,,,1.0,4.0,,,,4.0,,,,0,
2024_23005055,2024_23005055_02,Mujer,51.0,BENITO JUAREZ,65.55,146.8,,1.0,4.0,30.417294656579223,65.55,146.8,4.0,30.417294656579223,30.417294656579223,Obesidad I,0,
2024_23005055,2024_23005055_03,Mujer,22.0,BENITO JUAREZ,62.55,155.5,,1.0,3.2,25.86821889765408,62.55,155.5,3.2,25.86821889765408,25.86821889765408,Sobrepeso,0,
2024_23005076,2024_23005076_01,Hombre,38.0,BENITO JUAREZ,74.2,167.5,,1.0,4.4,26.446870126977057,74.2,167.5,4.4,26.446870126977057,26.446870126977057,Sobrepeso,0,
2024_23005089,2024_23005089_02,Hombre,50.0,BENITO JUAREZ,71.6,157.3,,1.0,6.9,28.937138108958017,71.6,157.3,6.9,28.937138108958017,28.937138108958017,Sobrepeso,0,
2024_23005115,2024_23005115_02,Mujer,56.0,BENITO JUAREZ,101.8,154.4,,1.0,7.2,42.70248865741362,101.8,154.4,7.2,42.70248865741362,42.70248865741362,Obesidad III,1,
2024_23005120,2024_23005120_01,Hombre,50.0,BENITO JUAREZ,73.85,168.2,,1.0,7.1,26.103486450222753,73.85,168.2,7.1,26.103486450222753,26.103486450222753,Sobrepeso,1,
2024_23005120,2024_23005120_02,Mujer,39.0,BENITO JUAREZ,78.7,151.9,,1.0,7.4,34.10823013824018,78.7,151.9,7.4,34.10823013824018,34.10823013824018,Obesidad I,1,
2024_23005126,2024_23005126_01,Hombre,45.0,BENITO JUAREZ,103.2,166.8,,1.0,8.3,37.09262805582871,103.2,166.8,8.3,37.09262805582871,37.09262805582871,Obesidad II,1,
2024_23005158,2024_23005158_01,Mujer,37.0,BENITO JUAREZ,69.45,145.7,,1.0,3.9,32.71546869325139,69.45,145.7,3.9,32.71546869325139,32.71546869325139,Obesidad I,0,
2024_23005165,2024_23005165_02,Mujer,30.0,BENITO JUAREZ,72.0,150.3,,1.0,3.2,31.872382978553865,72.0,150.3,3.2,31.872382978553865,31.872382978553865,Obesidad I,0,
2024_23005171,2024_23005171_01,Hombre,30.0,BENITO JUAREZ,83.85,163.1,,1.0,5.6,31.520648562248674,83.85,163.1,5.6,31.520648562248674,31.520648562248674,Obesidad I,0,
2024_23005172,2024_23005172_01,Mujer,41.0,BENITO JUAREZ,59.5,150.2,,1.0,2.9,26.37406671264768,59.5,150.2,2.9,26.37406671264768,26.37406671264768,Sobrepeso,0,
2024_23005187,2024_23005187_03,Hombre,21.0,BENITO JUAREZ,56.2,167.1,,1.0,5.7,20.12720248717786,56.2,167.1,5.7,20.12720248717786,20.12720248717786,Normal,0,
2024_23005195,2024_23005195_01,Mujer,28.0,BENITO JUAREZ,89.0,158.5,,1.0,5.4,35.4267631283026,89.0,158.5,5.4,35.4267631283026,35.4267631283026,Obesidad II,0,
2024_23008010,2024_23008010_02,Mujer,34.0,SOLIDARIDAD,56.6,145.5,,1.0,5.1,26.735631369492562,56.6,145.5,5.1,26.735631369492562,26.735631369492562,Sobrepeso,0,
2024_23008010,2024_23008010_03,Mujer,77.0,SOLIDARIDAD,,,,1.0,5.5,,,,5.5,,,,0,
2024_23008011,2024_23008011_02,Mujer,76.0,SOLIDARIDAD,,,,1.0,4.7,,,,4.7,,,,0,
2024_23008013,2024_23008013_01,Mujer,31.0,SOLIDARIDAD,76.8,155.0,,1.0,5.4,31.96670135275754,76.8,155.0,5.4,31.96670135275754,31.96670135275754,Obesidad I,0,
2024_23008019,2024_23008019_01,Hombre,78.0,SOLIDARIDAD,,,,1.0,4.3,,,,4.3,,,,0,
2024_23008030,2024_23008030_02,Hombre,49.0,SOLIDARIDAD,82.5,172.2,,1.0,4.4,27.8219556710251,82.5,172.2,4.4,27.8219556710251,27.8219556710251,Sobrepeso,0,
2024_23008030,2024_23008030_03,Mujer,42.0,SOLIDARIDAD,67.35,162.5,,1.0,3.4,25.50532544378698,67.35,162.5,3.4,25.50532544378698,25.50532544378698,Sobrepeso,0,
2024_23009008,2024_23009008_01,Hombre,43.0,TULUM,98.05,164.0,,1.0,3.1,36.45523497917907,98.05,164.0,3.1,36.45523497917907,36.45523497917907,Obesidad II,0,
2024_23009008,2024_23009008_02,Mujer,45.0,TULUM,78.2,149.2,,1.0,2.6,35.12926852058162,78.2,149.2,2.6,35.12926852058162,35.12926852058162,Obesidad II,0,
2024_23009012,2024_23009012_01,Mujer,51.0,TULUM,88.05,139.6,,1.0,2.9,45.18127929984155,88.05,139.6,2.9,45.18127929984155,45.18127929984155,Obesidad III,0,
2024_23009012,2024_23009012_02,Hombre,,TULUM,70.75,159.4,,1.0,6.0,27.84516592176748,70.75,159.4,6.0,27.84516592176748,27.84516592176748,Sobrepeso,0,
2024_23009018,2024_23009018_02,Mujer,48.0,TULUM,57.45,145.2,,1.0,2.2,27.249390979668966,57.45,145.2,2.2,27.249390979668966,27.249390979668966,Sobrepeso,0,
2024_24003004,2024_24003004_01,Hombre,64.0,AQUISMN,,,,1.0,7.7,,,,7.7,,,,1,
2024_24008005,2024_24008005_02,Mujer,53.0,CERRITOS,77.45,161.8,,1.0,5.0,29.584510474712022,77.45,161.8,5.0,29.584510474712022,29.584510474712022,Sobrepeso,0,
2024_24008009,2024_24008009_01,Mujer,43.0,CERRITOS,102.6,165.3,,1.0,4.6,37.549283434507785,102.6,165.3,4.6,37.549283434507785,37.549283434507785,Obesidad II,0,
2024_24008009,2024_24008009_02,Mujer,69.0,CERRITOS,,,,1.0,4.9,,,,4.9,,,,0,
2024_24008010,2024_24008010_02,Mujer,41.0,CERRITOS,58.35,154.5,,1.0,3.5,24.44465391020203,58.35,154.5,3.5,24.44465391020203,24.44465391020203,Normal,0,
2024_24008014,2024_24008014_01,Hombre,61.0,CERRITOS,,,,1.0,7.8,,,,7.8,,,,1,
2024_24013001,2024_24013001_01,Hombre,73.0,CIUDAD VALLES,,,,1.0,4.8,,,,4.8,,,,0,
2024_24013003,2024_24013003_01,Hombre,39.0,CIUDAD VALLES,69.2,168.0,,1.0,5.2,24.518140589569164,69.2,168.0,5.2,24.518140589569164,24.518140589569164,Normal,0,
2024_24013008,2024_24013008_01,Hombre,37.0,CIUDAD VALLES,66.4,155.5,,1.0,6.4,27.46042741493575,66.4,155.5,6.4,27.46042741493575,27.46042741493575,Sobrepeso,0,
2024_24013009,2024_24013009_01,Mujer,78.0,CIUDAD VALLES,,,,1.0,4.0,,,,4.0,,,,0,
2024_24013011,2024_24013011_01,Hombre,33.0,CIUDAD VALLES,88.65,160.0,,1.0,8.4,34.62890624999999,88.65,160.0,8.4,34.62890624999999,34.62890624999999,Obesidad I,1,
2024_24013015,2024_24013015_01,Mujer,71.0,CIUDAD VALLES,,,,1.0,3.4,,,,3.4,,,,0,
2024_24013022,2024_24013022_01,Hombre,42.0,CIUDAD VALLES,111.8,168.6,,1.0,5.7,39.330246014558526,111.8,168.6,5.7,39.330246014558526,39.330246014558526,Obesidad II,0,
2024_24013025,2024_24013025_02,Mujer,37.0,CIUDAD VALLES,53.95,146.9,25.0,1.0,3.9,25.000451815394253,53.95,146.9,3.9,25.000451815394253,25.0,Sobrepeso,0,25.0
2024_24020003,2024_24020003_01,Mujer,70.0,MATEHUALA,,,,1.0,4.9,,,,4.9,,,,0,
2024_24020007,2024_24020007_02,Mujer,58.0,MATEHUALA,57.7,150.5,,1.0,3.9,25.47433251288618,57.7,150.5,3.9,25.47433251288618,25.47433251288618,Sobrepeso,0,
2024_24020016,2024_24020016_02,Mujer,20.0,MATEHUALA,84.95,163.5,,1.0,4.8,31.778095745775236,84.95,163.5,4.8,31.778095745775236,31.778095745775236,Obesidad I,0,
2024_24020017,2024_24020017_01,Hombre,44.0,MATEHUALA,66.8,159.5,,1.0,5.1,26.257603600593548,66.8,159.5,5.1,26.257603600593548,26.257603600593548,Sobrepeso,0,
2024_24020035,2024_24020035_01,Hombre,41.0,MATEHUALA,107.3,157.9,,1.0,6.0,43.03635308419844,107.3,157.9,6.0,43.03635308419844,43.03635308419844,Obesidad III,0,
2024_24020035,2024_24020035_02,Mujer,45.0,MATEHUALA,82.45,158.9,,1.0,5.8,32.65448701167284,82.45,158.9,5.8,32.65448701167284,32.65448701167284,Obesidad I,0,
2024_24025010,2024_24025010_01,Hombre,78.0,SALINAS,,,,1.0,6.2,,,,6.2,,,,0,
2024_24025011,2024_24025011_01,Hombre,78.0,SALINAS,,,,1.0,5.3,,,,5.3,,,,0,
2024_24025011,2024_24025011_04,Mujer,22.0,SALINAS,45.45,156.5,,1.0,3.7,18.556890444936666,45.45,156.5,3.7,18.556890444936666,18.556890444936666,Normal,0,
2024_24025012,2024_24025012_01,Mujer,40.0,SALINAS,68.9,150.8,,1.0,2.8,30.298179822555568,68.9,150.8,2.8,30.298179822555568,30.298179822555568,Obesidad I,0,
2024_24025023,2024_24025023_01,Hombre,70.0,SALINAS,,,,1.0,7.8,,,,7.8,,,,1,
2024_24025023,2024_24025023_03,Hombre,25.0,SALINAS,73.85,167.3,,1.0,7.5,26.385092297803904,73.85,167.3,7.5,26.385092297803904,26.385092297803904,Sobrepeso,1,
2024_24025027,2024_24025027_01,Mujer,66.0,SALINAS,,,,1.0,2.7,,,,2.7,,,,0,
2024_24025027,2024_24025027_04,Mujer,24.0,SALINAS,70.2,157.5,,1.0,5.4,28.29931972789116,70.2,157.5,5.4,28.29931972789116,28.29931972789116,Sobrepeso,0,
2024_24025043,2024_24025043_02,Mujer,55.0,SALINAS,68.8,144.2,,1.0,5.0,33.08704007571546,68.8,144.2,5.0,33.08704007571546,33.08704007571546,Obesidad I,0,
2024_24028055,2024_24028055_01,Mujer,66.0,SAN LUIS POTOS,,,,1.0,6.3,,,,6.3,,,,1,
2024_24028067,2024_24028067_01,Mujer,73.0,SAN LUIS POTOS,,,,1.0,7.0,,,,7.0,,,,1,
2024_24028067,2024_24028067_02,Hombre,36.0,SAN LUIS POTOS,112.6,175.6,,1.0,7.7,36.516518698014224,112.6,175.6,7.7,36.516518698014224,36.516518698014224,Obesidad II,1,
2024_24028073,2024_24028073_01,Hombre,26.0,SAN LUIS POTOS,84.9,175.7,,1.0,8.9,27.50199300367439,84.9,175.7,8.9,27.50199300367439,27.50199300367439,Sobrepeso,1,
2024_24028080,2024_24028080_01,Hombre,82.0,SAN LUIS POTOS,,,,1.0,6.5,,,,6.5,,,,0,
2024_24028083,2024_24028083_02,Hombre,48.0,SAN LUIS POTOS,116.7,167.4,,1.0,6.7,41.64472022027808,116.7,167.4,6.7,41.64472022027808,41.64472022027808,Obesidad III,0,
2024_24028087,2024_24028087_02,Mujer,55.0,SAN LUIS POTOS,60.35,155.7,,1.0,4.7,24.89430747419098,60.35,155.7,4.7,24.89430747419098,24.89430747419098,Normal,0,
2024_24028088,2024_24028088_03,Mujer,31.0,SAN LUIS POTOS,45.25,142.6,,1.0,3.8,22.252537035106393,45.25,142.6,3.8,22.252537035106393,22.252537035106393,Normal,0,
2024_24028089,2024_24028089_01,Mujer,77.0,SAN LUIS POTOS,,,,1.0,4.8,,,,4.8,,,,0,
2024_24028097,2024_24028097_04,Mujer,35.0,SAN LUIS POTOS,76.6,162.5,,1.0,4.6,29.008284023668637,76.6,162.5,4.6,29.008284023668637,29.008284023668637,Sobrepeso,0,
2024_24028119,2024_24028119_02,Hombre,31.0,SAN LUIS POTOS,93.75,180.0,,1.0,6.3,28.935185185185183,93.75,180.0,6.3,28.935185185185183,28.935185185185183,Sobrepeso,0,
2024_24028136,2024_24028136_02,Mujer,51.0,SAN LUIS POTOS,63.8,147.5,,1.0,3.2,29.324906636024128,63.8,147.5,3.2,29.324906636024128,29.324906636024128,Sobrepeso,0,
2024_24028138,2024_24028138_01,Hombre,28.0,SAN LUIS POTOS,74.35,174.3,,1.0,4.1,24.47294299729859,74.35,174.3,4.1,24.47294299729859,24.47294299729859,Normal,0,
2024_24035002,2024_24035002_01,Mujer,85.0,SOLEDAD DE GRACIANO SNCHEZ,,,,1.0,4.2,,,,4.2,,,,0,
2024_24035022,2024_24035022_01,Hombre,71.0,SOLEDAD DE GRACIANO SNCHEZ,,,,1.0,4.2,,,,4.2,,,,0,
2024_24035025,2024_24035025_01,Hombre,61.0,SOLEDAD DE GRACIANO SNCHEZ,,,,1.0,4.1,,,,4.1,,,,0,
2024_24035044,2024_24035044_02,Mujer,49.0,SOLEDAD DE GRACIANO SNCHEZ,74.85,158.2,,1.0,2.9,29.907412882922767,74.85,158.2,2.9,29.907412882922767,29.907412882922767,Sobrepeso,0,
2024_24037012,2024_24037012_01,Hombre,37.0,TAMAZUNCHALE,67.15,171.8,,1.0,5.8,22.750958487886255,67.15,171.8,5.8,22.750958487886255,22.750958487886255,Normal,0,
2024_24037022,2024_24037022_01,Hombre,70.0,TAMAZUNCHALE,,,,1.0,9.2,,,,9.2,,,,1,
2024_24037024,2024_24037024_02,Mujer,56.0,TAMAZUNCHALE,70.2,148.3,,1.0,5.4,31.91940668097735,70.2,148.3,5.4,31.91940668097735,31.91940668097735,Obesidad I,0,
2024_24037025,2024_24037025_01,Mujer,22.0,TAMAZUNCHALE,40.6,150.3,,1.0,3.5,17.972482624017875,40.6,150.3,3.5,17.972482624017875,17.972482624017875,Bajo peso,0,
2024_24037026,2024_24037026_01,Hombre,71.0,TAMAZUNCHALE,,,,1.0,5.5,,,,5.5,,,,0,
2024_24037026,2024_24037026_03,Hombre,36.0,TAMAZUNCHALE,69.8,161.5,,1.0,5.1,26.761494886369082,69.8,161.5,5.1,26.761494886369082,26.761494886369082,Sobrepeso,0,
2024_24037032,2024_24037032_01,Hombre,51.0,TAMAZUNCHALE,60.1,152.9,,1.0,5.3,25.707479678900313,60.1,152.9,5.3,25.707479678900313,25.707479678900313,Sobrepeso,0,
2024_24037032,2024_24037032_02,Mujer,42.0,TAMAZUNCHALE,51.55,141.5,,1.0,4.1,25.746357177639872,51.55,141.5,4.1,25.746357177639872,25.746357177639872,Sobrepeso,0,
2024_24037033,2024_24037033_01,Hombre,69.0,TAMAZUNCHALE,,,,1.0,4.9,,,,4.9,,,,0,
2024_24037033,2024_24037033_03,Mujer,26.0,TAMAZUNCHALE,69.0,151.5,,1.0,4.7,30.062412181812242,69.0,151.5,4.7,30.062412181812242,30.062412181812242,Obesidad I,0,
2024_24037034,2024_24037034_01,Mujer,34.0,TAMAZUNCHALE,55.3,146.1,,1.0,3.7,25.907451835798295,55.3,146.1,3.7,25.907451835798295,25.907451835798295,Sobrepeso,0,
2024_24037038,2024_24037038_01,Hombre,68.0,TAMAZUNCHALE,,,,1.0,5.3,,,,5.3,,,,0,
2024_24037038,2024_24037038_03,Hombre,44.0,TAMAZUNCHALE,54.7,154.6,,1.0,4.2,22.885918507720966,54.7,154.6,4.2,22.885918507720966,22.885918507720966,Normal,0,
2024_24037044,2024_24037044_01,Mujer,33.0,TAMAZUNCHALE,42.5,155.0,,1.0,3.9,17.68990634755463,42.5,155.0,3.9,17.68990634755463,17.68990634755463,Bajo peso,0,
2024_24037045,2024_24037045_02,Mujer,56.0,TAMAZUNCHALE,64.3,159.0,,1.0,5.1,25.434120485740277,64.3,159.0,5.1,25.434120485740277,25.434120485740277,Sobrepeso,0,
2024_24037046,2024_24037046_01,Mujer,56.0,TAMAZUNCHALE,48.25,139.6,,1.0,4.9,24.75862267140664,48.25,139.6,4.9,24.75862267140664,24.75862267140664,Normal,0,
2024_24037049,2024_24037049_01,Hombre,58.0,TAMAZUNCHALE,72.05,156.1,,1.0,6.4,29.56842412405852,72.05,156.1,6.4,29.56842412405852,29.56842412405852,Sobrepeso,0,
2024_24037053,2024_24037053_01,Hombre,47.0,TAMAZUNCHALE,68.6,158.0,,1.0,5.0,27.479570581637553,68.6,158.0,5.0,27.479570581637553,27.479570581637553,Sobrepeso,0,
2024_24037054,2024_24037054_01,Hombre,67.0,TAMAZUNCHALE,,,,1.0,6.3,,,,6.3,,,,0,
2024_24037055,2024_24037055_01,Hombre,70.0,TAMAZUNCHALE,,,,1.0,3.1,,,,3.1,,,,0,
2024_24037055,2024_24037055_03,Mujer,36.0,TAMAZUNCHALE,80.5,150.5,,1.0,3.9,35.540446573437386,80.5,150.5,3.9,35.540446573437386,35.540446573437386,Obesidad II,0,
2024_24037056,2024_24037056_01,Hombre,46.0,TAMAZUNCHALE,75.9,166.8,,1.0,5.6,27.28033400617635,75.9,166.8,5.6,27.28033400617635,27.28033400617635,Sobrepeso,0,
2024_24037056,2024_24037056_04,Mujer,20.0,TAMAZUNCHALE,50.8,147.9,,1.0,4.7,23.2234835133839,50.8,147.9,4.7,23.2234835133839,23.2234835133839,Normal,0,
2024_24037057,2024_24037057_02,Mujer,35.0,TAMAZUNCHALE,63.8,143.0,,1.0,4.3,31.199569661108125,63.8,143.0,4.3,31.199569661108125,31.199569661108125,Obesidad I,0,
2024_24037058,2024_24037058_02,Mujer,46.0,TAMAZUNCHALE,65.25,146.3,,1.0,4.6,30.485397611346453,65.25,146.3,4.6,30.485397611346453,30.485397611346453,Obesidad I,0,
2024_24037061,2024_24037061_02,Mujer,31.0,TAMAZUNCHALE,57.3,154.8,,1.0,2.7,23.91182420928229,57.3,154.8,2.7,23.91182420928229,23.91182420928229,Normal,0,
2024_24050002,2024_24050002_01,Hombre,89.0,VILLA DE REYES,,,,1.0,3.3,,,,3.3,,,,0,
2024_24050006,2024_24050006_02,Hombre,60.0,VILLA DE REYES,,,,1.0,5.5,,,,5.5,,,,0,
2024_24050006,2024_24050006_05,Hombre,28.0,VILLA DE REYES,91.8,177.0,,1.0,4.4,29.301924734271758,91.8,177.0,4.4,29.301924734271758,29.301924734271758,Sobrepeso,0,
2024_24050007,2024_24050007_02,Mujer,45.0,VILLA DE REYES,49.9,151.6,,1.0,7.8,21.712115621584367,49.9,151.6,7.8,21.712115621584367,21.712115621584367,Normal,1,
2024_24050007,2024_24050007_03,Mujer,21.0,VILLA DE REYES,105.65,161.6,,1.0,4.9,40.45635844525047,105.65,161.6,4.9,40.45635844525047,40.45635844525047,Obesidad III,0,
2024_24050008,2024_24050008_02,Mujer,74.0,VILLA DE REYES,,,,1.0,5.6,,,,5.6,,,,0,
2024_24050015,2024_24050015_02,Mujer,58.0,VILLA DE REYES,60.0,147.7,,1.0,5.0,27.503645378997945,60.0,147.7,5.0,27.503645378997945,27.503645378997945,Sobrepeso,0,
2024_24050018,2024_24050018_01,Mujer,69.0,VILLA DE REYES,,,,1.0,3.4,,,,3.4,,,,0,
2024_24050020,2024_24050020_02,Mujer,42.0,VILLA DE REYES,78.4,163.0,,1.0,2.9,29.508073318529117,78.4,163.0,2.9,29.508073318529117,29.508073318529117,Sobrepeso,0,
2024_26002005,2024_26002005_01,Mujer,43.0,AGUA PRIETA,62.65,151.3,,1.0,4.4,27.36800996344088,62.65,151.3,4.4,27.36800996344088,27.36800996344088,Sobrepeso,0,
2024_26002010,2024_26002010_01,Mujer,28.0,AGUA PRIETA,61.55,159.8,,1.0,4.0,24.10318906142064,61.55,159.8,4.0,24.10318906142064,24.10318906142064,Normal,0,
2024_26002010,2024_26002010_02,Mujer,53.0,AGUA PRIETA,66.65,146.1,,1.0,5.8,31.22480406611133,66.65,146.1,5.8,31.22480406611133,31.22480406611133,Obesidad I,0,
2024_26002011,2024_26002011_02,Mujer,48.0,AGUA PRIETA,80.1,160.7,,1.0,4.1,31.017069456163508,80.1,160.7,4.1,31.017069456163508,31.017069456163508,Obesidad I,0,
2024_26002030,2024_26002030_01,Hombre,40.0,AGUA PRIETA,70.1,163.3,,1.0,6.2,26.287279844031307,70.1,163.3,6.2,26.287279844031307,26.287279844031307,Sobrepeso,0,
2024_26018019,2024_26018019_01,Mujer,64.0,CAJEME,,,,1.0,4.2,,,,4.2,,,,0,
2024_26018021,2024_26018021_01,Mujer,62.0,CAJEME,,,,1.0,4.2,,,,4.2,,,,0,
2024_26018023,2024_26018023_02,Mujer,55.0,CAJEME,71.75,151.2,,1.0,4.5,31.38472467176172,71.75,151.2,4.5,31.38472467176172,31.38472467176172,Obesidad I,0,
2024_26018028,2024_26018028_01,Mujer,48.0,CAJEME,75.25,145.0,,1.0,3.0,35.79072532699168,75.25,145.0,3.0,35.79072532699168,35.79072532699168,Obesidad II,0,
2024_26018028,2024_26018028_04,Mujer,20.0,CAJEME,111.15,170.6,,1.0,3.8,38.190154327392875,111.15,170.6,3.8,38.190154327392875,38.190154327392875,Obesidad II,0,
2024_26025005,2024_26025005_02,Mujer,22.0,EMPALME,98.2,160.2,,1.0,4.6,38.263656072855255,98.2,160.2,4.6,38.263656072855255,38.263656072855255,Obesidad II,0,
2024_26029017,2024_26029017_01,Mujer,46.0,GUAYMAS,143.35,170.1,,1.0,5.5,49.543772190581265,143.35,170.1,5.5,49.543772190581265,49.543772190581265,Obesidad III,0,
2024_26029018,2024_26029018_01,Mujer,65.0,GUAYMAS,,,,1.0,5.4,,,,5.4,,,,0,
2024_26029018,2024_26029018_02,Hombre,40.0,GUAYMAS,101.25,176.2,,1.0,5.8,32.61243479123533,101.25,176.2,5.8,32.61243479123533,32.61243479123533,Obesidad I,0,
2024_26029019,2024_26029019_01,Mujer,70.0,GUAYMAS,,,,1.0,2.3,,,,2.3,,,,0,
2024_26029025,2024_26029025_01,Mujer,80.0,GUAYMAS,,,,1.0,4.6,,,,4.6,,,,0,
2024_26029026,2024_26029026_01,Mujer,35.0,GUAYMAS,100.7,160.0,,1.0,2.7,39.33593749999999,100.7,160.0,2.7,39.33593749999999,39.33593749999999,Obesidad II,0,
2024_26029034,2024_26029034_01,Mujer,45.0,GUAYMAS,86.9,166.5,,1.0,5.9,31.34666197729261,86.9,166.5,5.9,31.34666197729261,31.34666197729261,Obesidad I,0,
2024_26029034,2024_26029034_02,Hombre,92.0,GUAYMAS,,,,1.0,4.5,,,,4.5,,,,0,
2024_26029037,2024_26029037_01,Mujer,33.0,GUAYMAS,101.15,158.0,,1.0,2.9,40.51834641884313,101.15,158.0,2.9,40.51834641884313,40.51834641884313,Obesidad III,0,
2024_26029045,2024_26029045_03,Mujer,34.0,GUAYMAS,75.35,150.8,,1.0,4.2,33.13451160565401,75.35,150.8,4.2,33.13451160565401,33.13451160565401,Obesidad I,0,
2024_26029046,2024_26029046_01,Hombre,42.0,GUAYMAS,103.4,169.2,,1.0,6.3,36.1176779616496,103.4,169.2,6.3,36.1176779616496,36.1176779616496,Obesidad II,0,
2024_26029047,2024_26029047_01,Hombre,54.0,GUAYMAS,90.4,184.1,,1.0,6.1,26.672323717036154,90.4,184.1,6.1,26.672323717036154,26.672323717036154,Sobrepeso,0,
2024_26029052,2024_26029052_01,Hombre,67.0,GUAYMAS,,,,1.0,5.0,,,,5.0,,,,0,
2024_26029052,2024_26029052_03,Hombre,24.0,GUAYMAS,91.95,174.0,,1.0,5.3,30.370590566785573,91.95,174.0,5.3,30.370590566785573,30.370590566785573,Obesidad I,0,
2024_26029053,2024_26029053_02,Mujer,34.0,GUAYMAS,87.35,155.1,,1.0,5.6,36.31109232162773,87.35,155.1,5.6,36.31109232162773,36.31109232162773,Obesidad II,0,
2024_26030004,2024_26030004_01,Hombre,71.0,HERMOSILLO,,,,1.0,4.5,,,,4.5,,,,0,
2024_26030015,2024_26030015_01,Mujer,44.0,HERMOSILLO,91.35,161.5,,1.0,3.5,35.023818880656385,91.35,161.5,3.5,35.023818880656385,35.023818880656385,Obesidad II,0,
2024_26030018,2024_26030018_01,Mujer,38.0,HERMOSILLO,71.3,154.9,,1.0,3.9,29.71574988924318,71.3,154.9,3.9,29.71574988924318,29.71574988924318,Sobrepeso,0,
2024_26030026,2024_26030026_01,Hombre,48.0,HERMOSILLO,97.95,222.2,,1.0,6.6,19.8388425701256,97.95,222.2,6.6,19.8388425701256,19.8388425701256,Normal,0,
2024_26030026,2024_26030026_02,Mujer,44.0,HERMOSILLO,116.55,151.9,,1.0,5.1,50.512251875627605,116.55,151.9,5.1,50.512251875627605,50.512251875627605,Obesidad III,0,
2024_26030027,2024_26030027_02,Mujer,60.0,HERMOSILLO,,,,1.0,4.3,,,,4.3,,,,0,
2024_26030028,2024_26030028_02,Mujer,69.0,HERMOSILLO,,,,1.0,7.1,,,,7.1,,,,1,
2024_26041001,2024_26041001_02,Mujer,62.0,NACOZARI DE GARCA,,,,1.0,5.9,,,,5.9,,,,0,
2024_26041005,2024_26041005_05,Mujer,58.0,NACOZARI DE GARCA,65.3,153.1,,1.0,5.1,27.858825296154674,65.3,153.1,5.1,27.858825296154674,27.858825296154674,Sobrepeso,0,
2024_26041015,2024_26041015_01,Mujer,63.0,NACOZARI DE GARCA,,,,1.0,4.5,,,,4.5,,,,0,
2024_26041015,2024_26041015_03,Hombre,41.0,NACOZARI DE GARCA,103.6,168.7,,1.0,4.2,36.40236418597674,103.6,168.7,4.2,36.40236418597674,36.40236418597674,Obesidad II,0,
2024_26041030,2024_26041030_01,Mujer,64.0,NACOZARI DE GARCA,,,,1.0,3.6,,,,3.6,,,,0,
2024_26041030,2024_26041030_02,Hombre,36.0,NACOZARI DE GARCA,68.95,168.5,,1.0,6.7,24.284796027084855,68.95,168.5,6.7,24.284796027084855,24.284796027084855,Normal,0,
2024_26042002,2024_26042002_02,Mujer,48.0,NAVOJOA,90.25,156.9,,1.0,5.5,36.66074813923854,90.25,156.9,5.5,36.66074813923854,36.66074813923854,Obesidad II,0,
2024_26042006,2024_26042006_01,Hombre,31.0,NAVOJOA,72.85,171.6,,1.0,3.0,24.739731907564074,72.85,171.6,3.0,24.739731907564074,24.739731907564074,Normal,0,
2024_26042008,2024_26042008_01,Hombre,32.0,NAVOJOA,109.15,165.6,,1.0,7.1,39.801833181637846,109.15,165.6,7.1,39.801833181637846,39.801833181637846,Obesidad II,1,
2024_26043001,2024_26043001_01,Mujer,34.0,NOGALES,120.95,168.0,,1.0,4.6,42.853599773242635,120.95,168.0,4.6,42.853599773242635,42.853599773242635,Obesidad III,0,
2024_26043011,2024_26043011_02,Hombre,53.0,NOGALES,58.5,161.6,,1.0,4.3,22.401296441525343,58.5,161.6,4.3,22.401296441525343,22.401296441525343,Normal,0,
2024_26043016,2024_26043016_02,Mujer,37.0,NOGALES,113.85,160.3,,1.0,6.6,44.30635166673216,113.85,160.3,6.6,44.30635166673216,44.30635166673216,Obesidad III,1,
2024_26043018,2024_26043018_01,Hombre,64.0,NOGALES,,,,1.0,3.7,,,,3.7,,,,0,
2024_26043030,2024_26043030_02,Mujer,29.0,NOGALES,56.4,163.6,,1.0,3.0,21.072327401199182,56.4,163.6,3.0,21.072327401199182,21.072327401199182,Normal,0,
2024_27004011,2024_27004011_01,Mujer,66.0,CENTRO,,,,1.0,4.4,,,,4.4,,,,0,
2024_27004011,2024_27004011_03,Mujer,36.0,CENTRO,73.0,164.1,,1.0,5.1,27.10851315004265,73.0,164.1,5.1,27.10851315004265,27.10851315004265,Sobrepeso,0,
2024_27004021,2024_27004021_01,Hombre,59.0,CENTRO,80.65,167.0,,1.0,4.8,28.91821148122916,80.65,167.0,4.8,28.91821148122916,28.91821148122916,Sobrepeso,0,
2024_27004021,2024_27004021_03,Mujer,43.0,CENTRO,56.05,150.9,,1.0,3.9,24.6148468148476,56.05,150.9,3.9,24.6148468148476,24.6148468148476,Normal,0,
2024_27004023,2024_27004023_01,Hombre,39.0,CENTRO,116.15,170.4,40.0,1.0,5.0,40.001845974123306,116.15,170.4,5.0,40.001845974123306,40.0,Obesidad III,0,40.0
2024_27004043,2024_27004043_02,Mujer,,CENTRO,69.2,160.8,,1.0,5.0,26.762951412093756,69.2,160.8,5.0,26.762951412093756,26.762951412093756,Sobrepeso,0,
2024_27004047,2024_27004047_02,Mujer,44.0,CENTRO,68.5,149.0,,1.0,4.1,30.854466015044366,68.5,149.0,4.1,30.854466015044366,30.854466015044366,Obesidad I,0,
2024_27004055,2024_27004055_01,Hombre,34.0,CENTRO,97.0,163.5,,1.0,5.2,36.28575970971392,97.0,163.5,5.2,36.28575970971392,36.28575970971392,Obesidad II,0,
2024_27004055,2024_27004055_02,Mujer,79.0,CENTRO,,,,1.0,7.3,,,,7.3,,,,1,
2024_27004059,2024_27004059_02,Mujer,32.0,CENTRO,90.7,154.0,,1.0,3.3,38.24422330915838,90.7,154.0,3.3,38.24422330915838,38.24422330915838,Obesidad II,0,
2024_27004060,2024_27004060_01,Mujer,59.0,CENTRO,72.25,151.9,,1.0,3.4,31.312828811789743,72.25,151.9,3.4,31.312828811789743,31.312828811789743,Obesidad I,0,
2024_27004087,2024_27004087_01,Hombre,43.0,CENTRO,95.35,172.1,,1.0,5.1,32.19281521189017,95.35,172.1,5.1,32.19281521189017,32.19281521189017,Obesidad I,0,
2024_27004088,2024_27004088_02,Mujer,42.0,CENTRO,62.05,150.6,,1.0,4.0,27.35847226410868,62.05,150.6,4.0,27.35847226410868,27.35847226410868,Sobrepeso,0,
2024_27004099,2024_27004099_02,Mujer,54.0,CENTRO,65.8,148.1,30.0,1.0,3.6,29.999621585320433,65.8,148.1,3.6,29.999621585320433,30.0,Obesidad I,0,30.0
2024_27004101,2024_27004101_02,Mujer,44.0,CENTRO,65.45,144.6,,1.0,4.3,31.302070480114935,65.45,144.6,4.3,31.302070480114935,31.302070480114935,Obesidad I,0,
2024_27004102,2024_27004102_01,Mujer,76.0,CENTRO,,,,1.0,3.1,,,,3.1,,,,0,
2024_27004106,2024_27004106_02,Mujer,74.0,CENTRO,,,,1.0,5.3,,,,5.3,,,,0,
2024_27004113,2024_27004113_02,Mujer,65.0,CENTRO,,,,1.0,4.1,,,,4.1,,,,0,
2024_27004115,2024_27004115_01,Hombre,46.0,CENTRO,69.65,161.6,,1.0,7.7,26.670945250465646,69.65,161.6,7.7,26.670945250465646,26.670945250465646,Sobrepeso,1,
2024_27004115,2024_27004115_03,Hombre,23.0,CENTRO,67.9,168.2,24.0,1.0,4.5,24.00036194949391,67.9,168.2,4.5,24.00036194949391,24.0,Normal,0,24.0
2024_27004116,2024_27004116_01,Hombre,29.0,CENTRO,72.4,159.3,,1.0,4.8,28.530344425095823,72.4,159.3,4.8,28.530344425095823,28.530344425095823,Sobrepeso,0,
2024_27004124,2024_27004124_01,Hombre,46.0,CENTRO,79.5,172.3,,1.0,3.9,26.779136795578175,79.5,172.3,3.9,26.779136795578175,26.779136795578175,Sobrepeso,0,
2024_27004124,2024_27004124_02,Mujer,37.0,CENTRO,100.5,164.3,,1.0,5.2,37.22981986323876,100.5,164.3,5.2,37.22981986323876,37.22981986323876,Obesidad II,0,
2024_27004126,2024_27004126_01,Hombre,67.0,CENTRO,,,,1.0,7.1,,,,7.1,,,,1,
2024_27004126,2024_27004126_03,Mujer,27.0,CENTRO,62.4,149.8,,1.0,4.8,27.807437063392033,62.4,149.8,4.8,27.807437063392033,27.807437063392033,Sobrepeso,0,
2024_27004129,2024_27004129_02,Mujer,34.0,CENTRO,56.15,139.2,,1.0,3.6,28.978192297529397,56.15,139.2,3.6,28.978192297529397,28.978192297529397,Sobrepeso,0,
2024_27004130,2024_27004130_01,Mujer,54.0,CENTRO,69.8,154.5,,1.0,4.2,29.24141975890491,69.8,154.5,4.2,29.24141975890491,29.24141975890491,Sobrepeso,0,
2024_27005002,2024_27005002_02,Mujer,33.0,COMALCALCO,77.2,143.1,,1.0,5.7,37.699712026940645,77.2,143.1,5.7,37.699712026940645,37.699712026940645,Obesidad II,0,
2024_27005011,2024_27005011_01,Mujer,62.0,COMALCALCO,,,,1.0,5.7,,,,5.7,,,,0,
2024_27005011,2024_27005011_02,Mujer,21.0,COMALCALCO,63.0,146.0,,1.0,5.4,29.555263651717024,63.0,146.0,5.4,29.555263651717024,29.555263651717024,Sobrepeso,0,
2024_27005017,2024_27005017_01,Mujer,41.0,COMALCALCO,59.05,153.4,,1.0,3.6,25.09395892155046,59.05,153.4,3.6,25.09395892155046,25.09395892155046,Sobrepeso,0,
2024_27005019,2024_27005019_01,Mujer,41.0,COMALCALCO,90.8,177.8,,1.0,3.9,28.722506424604685,90.8,177.8,3.9,28.722506424604685,28.722506424604685,Sobrepeso,0,
2024_27005023,2024_27005023_01,Mujer,76.0,COMALCALCO,,,,1.0,4.7,,,,4.7,,,,0,
2024_27005026,2024_27005026_01,Hombre,30.0,COMALCALCO,90.75,162.0,,1.0,5.0,34.57933241883858,90.75,162.0,5.0,34.57933241883858,34.57933241883858,Obesidad I,0,
2024_27005026,2024_27005026_02,Mujer,48.0,COMALCALCO,62.3,149.1,,1.0,4.7,28.024170059480518,62.3,149.1,4.7,28.024170059480518,28.024170059480518,Sobrepeso,0,
2024_27006003,2024_27006003_01,Mujer,55.0,CUNDUACN,74.1,144.3,,1.0,4.2,35.58652207300856,74.1,144.3,4.2,35.58652207300856,35.58652207300856,Obesidad II,0,
2024_27006003,2024_27006003_02,Hombre,26.0,CUNDUACN,83.1,163.9,,1.0,8.8,30.93450112626153,83.1,163.9,8.8,30.93450112626153,30.93450112626153,Obesidad I,1,
2024_27006009,2024_27006009_02,Mujer,56.0,CUNDUACN,63.0,150.3,,1.0,3.7,27.888335106234635,63.0,150.3,3.7,27.888335106234635,27.888335106234635,Sobrepeso,0,
2024_27006013,2024_27006013_01,Mujer,38.0,CUNDUACN,75.9,155.0,,1.0,5.1,31.592091571279916,75.9,155.0,5.1,31.592091571279916,31.592091571279916,Obesidad I,0,
2024_27006018,2024_27006018_02,Mujer,60.0,CUNDUACN,,,,1.0,2.4,,,,2.4,,,,0,
2024_27006020,2024_27006020_01,Mujer,64.0,CUNDUACN,,,,1.0,3.0,,,,3.0,,,,0,
2024_27006020,2024_27006020_02,Hombre,44.0,CUNDUACN,94.45,172.7,,1.0,5.0,31.667755787118924,94.45,172.7,5.0,31.667755787118924,31.667755787118924,Obesidad I,0,
2024_27006021,2024_27006021_02,Mujer,75.0,CUNDUACN,,,,1.0,5.2,,,,5.2,,,,0,
2024_27006021,2024_27006021_03,Mujer,31.0,CUNDUACN,84.05,155.9,,1.0,3.7,34.581632195437855,84.05,155.9,3.7,34.581632195437855,34.581632195437855,Obesidad I,0,
2024_27006025,2024_27006025_01,Mujer,68.0,CUNDUACN,,,,1.0,3.0,,,,3.0,,,,0,
2024_27006029,2024_27006029_01,Hombre,34.0,CUNDUACN,107.7,176.0,,1.0,7.6,34.76885330578513,107.7,176.0,7.6,34.76885330578513,34.76885330578513,Obesidad I,1,
2024_27011001,2024_27011001_01,Hombre,54.0,JONUTA,76.25,156.8,,1.0,4.9,31.013282226155763,76.25,156.8,4.9,31.013282226155763,31.013282226155763,Obesidad I,0,
2024_27011002,2024_27011002_01,Hombre,56.0,JONUTA,86.95,157.5,,1.0,6.0,35.05165028974553,86.95,157.5,6.0,35.05165028974553,35.05165028974553,Obesidad II,0,
2024_27011003,2024_27011003_02,Mujer,69.0,JONUTA,,,,1.0,2.1,,,,2.1,,,,0,
2024_27011004,2024_27011004_01,Hombre,58.0,JONUTA,81.75,162.1,,1.0,4.6,31.111555954561524,81.75,162.1,4.6,31.111555954561524,31.111555954561524,Obesidad I,0,
2024_27011011,2024_27011011_02,Mujer,33.0,JONUTA,87.0,165.5,,1.0,3.8,31.76312739022097,87.0,165.5,3.8,31.76312739022097,31.76312739022097,Obesidad I,0,
2024_27011013,2024_27011013_01,Hombre,75.0,JONUTA,,,,1.0,3.4,,,,3.4,,,,0,
2024_27011017,2024_27011017_01,Hombre,26.0,JONUTA,64.9,165.5,,1.0,6.1,23.69456284626829,64.9,165.5,6.1,23.69456284626829,23.69456284626829,Normal,0,
2024_27011018,2024_27011018_01,Hombre,33.0,JONUTA,72.45,167.8,,1.0,6.8,25.730870367555447,72.45,167.8,6.8,25.730870367555447,25.730870367555447,Sobrepeso,0,
2024_27011019,2024_27011019_02,Mujer,84.0,JONUTA,,,,1.0,4.9,,,,4.9,,,,0,
2024_27011020,2024_27011020_01,Mujer,27.0,JONUTA,79.9,158.0,,1.0,2.5,32.006088767825666,79.9,158.0,2.5,32.006088767825666,32.006088767825666,Obesidad I,0,
2024_27011021,2024_27011021_02,Mujer,53.0,JONUTA,76.35,162.6,,1.0,2.7,28.87805630823836,76.35,162.6,2.7,28.87805630823836,28.87805630823836,Sobrepeso,0,
2024_27011024,2024_27011024_01,Hombre,47.0,JONUTA,68.4,158.2,,1.0,5.9,27.330220991207984,68.4,158.2,5.9,27.330220991207984,27.330220991207984,Sobrepeso,0,
2024_27011024,2024_27011024_02,Mujer,40.0,JONUTA,71.65,156.2,,1.0,2.9,29.366631637104675,71.65,156.2,2.9,29.366631637104675,29.366631637104675,Sobrepeso,0,
2024_27011030,2024_27011030_01,Hombre,57.0,JONUTA,65.2,160.9,,1.0,4.7,25.184626099075242,65.2,160.9,4.7,25.184626099075242,25.184626099075242,Sobrepeso,0,
2024_27011033,2024_27011033_01,Hombre,45.0,JONUTA,70.1,165.5,,1.0,6.0,25.593048621315976,70.1,165.5,6.0,25.593048621315976,25.593048621315976,Sobrepeso,0,
2024_27011033,2024_27011033_02,Mujer,43.0,JONUTA,68.4,147.3,,1.0,2.8,31.524674279598973,68.4,147.3,2.8,31.524674279598973,31.524674279598973,Obesidad I,0,
2024_27013010,2024_27013010_02,Mujer,32.0,NACAJUCA,63.1,148.8,,1.0,4.7,28.498598103827025,63.1,148.8,4.7,28.498598103827025,28.498598103827025,Sobrepeso,0,
2024_27013011,2024_27013011_02,Mujer,45.0,NACAJUCA,93.95,152.8,,1.0,3.5,40.23926838628327,93.95,152.8,3.5,40.23926838628327,40.23926838628327,Obesidad III,0,
2024_27013011,2024_27013011_04,Hombre,21.0,NACAJUCA,75.8,162.5,,1.0,8.1,28.705325443786982,75.8,162.5,8.1,28.705325443786982,28.705325443786982,Sobrepeso,1,
2024_27013014,2024_27013014_02,Mujer,52.0,NACAJUCA,45.75,148.3,,1.0,3.1,20.802177430978826,45.75,148.3,3.1,20.802177430978826,20.802177430978826,Normal,0,
2024_27013014,2024_27013014_03,Hombre,24.0,NACAJUCA,84.25,160.6,,1.0,8.4,32.66471156575049,84.25,160.6,8.4,32.66471156575049,32.66471156575049,Obesidad I,1,
2024_27013015,2024_27013015_01,Hombre,59.0,NACAJUCA,75.75,156.4,,1.0,7.4,30.967713450330645,75.75,156.4,7.4,30.967713450330645,30.967713450330645,Obesidad I,1,
2024_27013022,2024_27013022_01,Mujer,72.0,NACAJUCA,,,,1.0,4.9,,,,4.9,,,,0,
2024_27013024,2024_27013024_02,Mujer,61.0,NACAJUCA,,,,1.0,3.3,,,,3.3,,,,0,
2024_27013025,2024_27013025_02,Mujer,32.0,NACAJUCA,81.9,153.4,,1.0,5.9,34.80432236536804,81.9,153.4,5.9,34.80432236536804,34.80432236536804,Obesidad I,0,
2024_27016002,2024_27016002_01,Mujer,64.0,TEAPA,,,,1.0,5.7,,,,5.7,,,,0,
2024_27016005,2024_27016005_01,Mujer,67.0,TEAPA,,,,1.0,5.6,,,,5.6,,,,0,
2024_27016011,2024_27016011_02,Mujer,48.0,TEAPA,41.55,140.6,,1.0,3.0,21.0184355201949,41.55,140.6,3.0,21.0184355201949,21.0184355201949,Normal,0,
2024_27016015,2024_27016015_01,Mujer,56.0,TEAPA,65.4,158.2,,1.0,4.2,26.131527088084827,65.4,158.2,4.2,26.131527088084827,26.131527088084827,Sobrepeso,0,
2024_27016018,2024_27016018_02,Mujer,65.0,TEAPA,,,,1.0,3.4,,,,3.4,,,,0,
2024_27016022,2024_27016022_01,Hombre,54.0,TEAPA,117.35,160.2,,1.0,4.3,45.725458657327536,117.35,160.2,4.3,45.725458657327536,45.725458657327536,Obesidad III,0,
2024_27016022,2024_27016022_03,Hombre,21.0,TEAPA,70.3,161.5,,1.0,4.5,26.953196139136768,70.3,161.5,4.5,26.953196139136768,26.953196139136768,Sobrepeso,0,
2024_27016031,2024_27016031_02,Mujer,50.0,TEAPA,78.55,155.4,,1.0,5.6,32.52701129149005,78.55,155.4,5.6,32.52701129149005,32.52701129149005,Obesidad I,0,
2024_27016032,2024_27016032_02,Mujer,35.0,TEAPA,55.5,148.7,,1.0,4.0,25.0998453759075,55.5,148.7,4.0,25.0998453759075,25.0998453759075,Sobrepeso,0,
2024_27016033,2024_27016033_01,Mujer,59.0,TEAPA,61.3,146.7,,1.0,3.9,28.483952104211305,61.3,146.7,3.9,28.483952104211305,28.483952104211305,Sobrepeso,0,
2024_27016033,2024_27016033_03,Mujer,24.0,TEAPA,52.95,150.3,,1.0,3.2,23.43948164881149,52.95,150.3,3.2,23.43948164881149,23.43948164881149,Normal,0,
2024_27016038,2024_27016038_01,Mujer,49.0,TEAPA,72.75,152.0,,1.0,5.0,31.4880540166205,72.75,152.0,5.0,31.4880540166205,31.4880540166205,Obesidad I,0,
2024_27016041,2024_27016041_01,Hombre,53.0,TEAPA,88.8,152.6,,1.0,3.5,38.13325683779108,88.8,152.6,3.5,38.13325683779108,38.13325683779108,Obesidad II,0,
2024_27016043,2024_27016043_01,Hombre,53.0,TEAPA,103.05,167.9,,1.0,6.3,36.554984478764226,103.05,167.9,6.3,36.554984478764226,36.554984478764226,Obesidad II,0,
2024_27016049,2024_27016049_02,Mujer,57.0,TEAPA,56.6,140.5,,1.0,4.8,28.67238256860982,56.6,140.5,4.8,28.67238256860982,28.67238256860982,Sobrepeso,0,
2024_27016049,2024_27016049_03,Hombre,31.0,TEAPA,53.1,159.8,,1.0,4.3,20.794140360055824,53.1,159.8,4.3,20.794140360055824,20.794140360055824,Normal,0,
2024_27016063,2024_27016063_05,Hombre,26.0,TEAPA,63.15,170.9,,1.0,6.7,21.621669740721426,63.15,170.9,6.7,21.621669740721426,21.621669740721426,Normal,0,
2024_27016065,2024_27016065_02,Mujer,43.0,TEAPA,48.85,144.0,,1.0,3.8,23.55806327160494,48.85,144.0,3.8,23.55806327160494,23.55806327160494,Normal,0,
2024_27016066,2024_27016066_01,Hombre,47.0,TEAPA,74.2,164.5,,1.0,5.1,27.420293604087178,74.2,164.5,5.1,27.420293604087178,27.420293604087178,Sobrepeso,0,
2024_27016066,2024_27016066_02,Mujer,33.0,TEAPA,61.05,150.5,,1.0,3.7,26.95334488581804,61.05,150.5,3.7,26.95334488581804,26.95334488581804,Sobrepeso,0,
2024_28003002,2024_28003002_01,Mujer,59.0,ALTAMIRA,55.1,144.9,,1.0,2.4,26.243081423565712,55.1,144.9,2.4,26.243081423565712,26.243081423565712,Sobrepeso,0,
2024_28003002,2024_28003002_02,Mujer,33.0,ALTAMIRA,89.45,156.6,,1.0,2.9,36.47512840713176,89.45,156.6,2.9,36.47512840713176,36.47512840713176,Obesidad II,0,
2024_28003003,2024_28003003_01,Hombre,40.0,ALTAMIRA,87.25,164.4,,1.0,5.3,32.28210228449985,87.25,164.4,5.3,32.28210228449985,32.28210228449985,Obesidad I,0,
2024_28003005,2024_28003005_01,Hombre,37.0,ALTAMIRA,67.9,172.2,,1.0,5.8,22.89831260681945,67.9,172.2,5.8,22.89831260681945,22.89831260681945,Normal,0,
2024_28003007,2024_28003007_01,Hombre,70.0,ALTAMIRA,,,,1.0,5.7,,,,5.7,,,,0,
2024_28003013,2024_28003013_02,Mujer,27.0,ALTAMIRA,58.4,143.3,,1.0,4.0,28.43940240244773,58.4,143.3,4.0,28.43940240244773,28.43940240244773,Sobrepeso,0,
2024_28003019,2024_28003019_01,Hombre,52.0,ALTAMIRA,54.8,143.8,,1.0,6.4,26.501031992742192,54.8,143.8,6.4,26.501031992742192,26.501031992742192,Sobrepeso,0,
2024_28003019,2024_28003019_02,Mujer,44.0,ALTAMIRA,63.15,148.1,,1.0,3.4,28.79143013849522,63.15,148.1,3.4,28.79143013849522,28.79143013849522,Sobrepeso,0,
2024_28003023,2024_28003023_01,Hombre,65.0,ALTAMIRA,,,,1.0,5.8,,,,5.8,,,,0,
2024_28003029,2024_28003029_01,Hombre,32.0,ALTAMIRA,99.5,172.6,,1.0,8.1,33.399617868090644,99.5,172.6,8.1,33.399617868090644,33.399617868090644,Obesidad I,1,
2024_28003045,2024_28003045_02,Mujer,51.0,ALTAMIRA,70.65,155.1,,1.0,4.3,29.368960189158557,70.65,155.1,4.3,29.368960189158557,29.368960189158557,Sobrepeso,0,
2024_28003049,2024_28003049_02,Mujer,53.0,ALTAMIRA,47.3,151.2,,1.0,2.4,20.68986030626243,47.3,151.2,2.4,20.68986030626243,20.68986030626243,Normal,0,
2024_28003051,2024_28003051_02,Mujer,48.0,ALTAMIRA,70.0,155.5,,1.0,4.9,28.949245768757564,70.0,155.5,4.9,28.949245768757564,28.949245768757564,Sobrepeso,0,
2024_28003057,2024_28003057_02,Mujer,30.0,ALTAMIRA,80.6,156.0,,1.0,5.5,33.11965811965811,80.6,156.0,5.5,33.11965811965811,33.11965811965811,Obesidad I,0,
2024_28003058,2024_28003058_01,Mujer,54.0,ALTAMIRA,72.05,145.5,,1.0,3.5,34.03360848360316,72.05,145.5,3.5,34.03360848360316,34.03360848360316,Obesidad I,0,
2024_28003069,2024_28003069_01,Mujer,47.0,ALTAMIRA,74.7,148.3,,1.0,3.2,33.96552249386051,74.7,148.3,3.2,33.96552249386051,33.96552249386051,Obesidad I,0,
2024_28003071,2024_28003071_02,Mujer,55.0,ALTAMIRA,59.6,149.5,,1.0,4.5,26.666368385141105,59.6,149.5,4.5,26.666368385141105,26.666368385141105,Sobrepeso,0,
2024_28003072,2024_28003072_02,Mujer,36.0,ALTAMIRA,87.7,161.5,,1.0,6.4,33.62439973545227,87.7,161.5,6.4,33.62439973545227,33.62439973545227,Obesidad I,1,
2024_28003074,2024_28003074_02,Hombre,27.0,ALTAMIRA,73.75,165.6,,1.0,5.3,26.89313052813368,73.75,165.6,5.3,26.89313052813368,26.89313052813368,Sobrepeso,0,
2024_28003080,2024_28003080_01,Mujer,47.0,ALTAMIRA,67.65,161.2,,1.0,4.1,26.033809702664268,67.65,161.2,4.1,26.033809702664268,26.033809702664268,Sobrepeso,0,
2024_28003080,2024_28003080_02,Hombre,26.0,ALTAMIRA,73.75,178.0,,1.0,6.1,23.276732735765684,73.75,178.0,6.1,23.276732735765684,23.276732735765684,Normal,0,
2024_28003083,2024_28003083_02,Mujer,,ALTAMIRA,61.1,143.4,,1.0,5.3,29.7127540173005,61.1,143.4,5.3,29.7127540173005,29.7127540173005,Sobrepeso,0,
2024_28003093,2024_28003093_01,Mujer,69.0,ALTAMIRA,,,,1.0,3.4,,,,3.4,,,,0,
2024_28003097,2024_28003097_02,Mujer,35.0,ALTAMIRA,72.9,157.5,,1.0,2.6,29.38775510204082,72.9,157.5,2.6,29.38775510204082,29.38775510204082,Sobrepeso,0,
2024_28007003,2024_28007003_01,Mujer,85.0,CAMARGO,,,,1.0,6.1,,,,6.1,,,,1,
2024_28007004,2024_28007004_01,Hombre,44.0,CAMARGO,138.1,171.2,,1.0,8.2,47.11792514630099,138.1,171.2,8.2,47.11792514630099,47.11792514630099,Obesidad III,1,
2024_28007005,2024_28007005_01,Mujer,23.0,CAMARGO,56.7,145.1,,1.0,4.4,26.930736710013917,56.7,145.1,4.4,26.930736710013917,26.930736710013917,Sobrepeso,0,
2024_28007006,2024_28007006_01,Mujer,78.0,CAMARGO,,,,1.0,5.8,,,,5.8,,,,0,
2024_28007006,2024_28007006_02,Hombre,21.0,CAMARGO,64.75,172.7,,1.0,4.0,21.709763760888833,64.75,172.7,4.0,21.709763760888833,21.709763760888833,Normal,0,
2024_28007017,2024_28007017_02,Mujer,63.0,CAMARGO,,,,1.0,3.9,,,,3.9,,,,0,
2024_28007030,2024_28007030_01,Mujer,64.0,CAMARGO,,,,1.0,4.5,,,,4.5,,,,0,
2024_28009001,2024_28009001_02,Mujer,69.0,CIUDAD MADERO,,,,1.0,3.4,,,,3.4,,,,0,
2024_28009010,2024_28009010_01,Hombre,62.0,CIUDAD MADERO,,,,1.0,3.8,,,,3.8,,,,0,
2024_28009035,2024_28009035_02,Mujer,77.0,CIUDAD MADERO,,,,1.0,9.3,,,,9.3,,,,1,
2024_28009035,2024_28009035_03,Mujer,37.0,CIUDAD MADERO,49.65,147.0,,1.0,3.9,22.97653755379703,49.65,147.0,3.9,22.97653755379703,22.97653755379703,Normal,0,
2024_28009051,2024_28009051_01,Hombre,63.0,CIUDAD MADERO,,,,1.0,5.6,,,,5.6,,,,0,
2024_28009052,2024_28009052_01,Hombre,84.0,CIUDAD MADERO,,,,1.0,3.6,,,,3.6,,,,0,
2024_28009058,2024_28009058_01,Mujer,38.0,CIUDAD MADERO,90.65,152.1,,1.0,4.0,39.18405526659207,90.65,152.1,4.0,39.18405526659207,39.18405526659207,Obesidad II,0,
2024_28016001,2024_28016001_02,Mujer,27.0,HIDALGO,119.0,167.8,,1.0,5.6,42.263265338013774,119.0,167.8,5.6,42.263265338013774,42.263265338013774,Obesidad III,0,
2024_28016012,2024_28016012_01,Mujer,62.0,HIDALGO,,,,1.0,3.5,,,,3.5,,,,0,
2024_28016016,2024_28016016_02,Mujer,58.0,HIDALGO,110.5,158.9,,1.0,4.6,43.76374547956154,110.5,158.9,4.6,43.76374547956154,43.76374547956154,Obesidad III,0,
2024_28016016,2024_28016016_03,Mujer,28.0,HIDALGO,81.5,162.5,,1.0,4.5,30.86390532544379,81.5,162.5,4.5,30.86390532544379,30.86390532544379,Obesidad I,0,
2024_28016019,2024_28016019_02,Mujer,83.0,HIDALGO,,,,1.0,4.3,,,,4.3,,,,0,
2024_28016024,2024_28016024_02,Mujer,70.0,HIDALGO,,,,1.0,4.8,,,,4.8,,,,0,
2024_28021003,2024_28021003_01,Mujer,53.0,EL MANTE,63.25,151.5,,1.0,3.0,27.557211166661222,63.25,151.5,3.0,27.557211166661222,27.557211166661222,Sobrepeso,0,
2024_28021004,2024_28021004_02,Mujer,48.0,EL MANTE,66.5,156.0,,1.0,2.8,27.325772518080207,66.5,156.0,2.8,27.325772518080207,27.325772518080207,Sobrepeso,0,
2024_28021004,2024_28021004_04,Mujer,24.0,EL MANTE,70.1,159.6,,1.0,3.3,27.520241707024454,70.1,159.6,3.3,27.520241707024454,27.520241707024454,Sobrepeso,0,
2024_28021013,2024_28021013_01,Mujer,67.0,EL MANTE,,,,1.0,3.2,,,,3.2,,,,0,
2024_28021015,2024_28021015_01,Hombre,80.0,EL MANTE,,,,1.0,5.5,,,,5.5,,,,0,
2024_28021015,2024_28021015_03,Hombre,35.0,EL MANTE,92.7,177.6,,1.0,4.7,29.389609203798393,92.7,177.6,4.7,29.389609203798393,29.389609203798393,Sobrepeso,0,
2024_28021024,2024_28021024_02,Mujer,38.0,EL MANTE,60.4,155.7,,1.0,3.7,24.91493241824582,60.4,155.7,3.7,24.91493241824582,24.91493241824582,Normal,0,
2024_28021031,2024_28021031_04,Mujer,21.0,EL MANTE,92.55,159.6,,1.0,4.7,36.33378559179905,92.55,159.6,4.7,36.33378559179905,36.33378559179905,Obesidad II,0,
2024_28022025,2024_28022025_02,Mujer,62.0,MATAMOROS,,,,1.0,5.5,,,,5.5,,,,0,
2024_28022033,2024_28022033_01,Hombre,46.0,MATAMOROS,82.05,159.9,,1.0,6.7,32.09088231739584,82.05,159.9,6.7,32.09088231739584,32.09088231739584,Obesidad I,0,
2024_28022044,2024_28022044_01,Mujer,50.0,MATAMOROS,48.7,154.8,,1.0,2.1,20.32296403127483,48.7,154.8,2.1,20.32296403127483,20.32296403127483,Normal,0,
2024_28022047,2024_28022047_01,Mujer,52.0,MATAMOROS,59.15,142.7,,1.0,3.7,29.047369064625617,59.15,142.7,3.7,29.047369064625617,29.047369064625617,Sobrepeso,0,
2024_28022047,2024_28022047_02,Mujer,31.0,MATAMOROS,99.7,158.0,,1.0,3.2,39.93751001442076,99.7,158.0,3.2,39.93751001442076,39.93751001442076,Obesidad II,0,
2024_28022058,2024_28022058_01,Hombre,26.0,MATAMOROS,64.5,170.6,,1.0,3.1,22.161628017245526,64.5,170.6,3.1,22.161628017245526,22.161628017245526,Normal,0,
2024_28022067,2024_28022067_02,Mujer,33.0,MATAMOROS,69.5,159.5,,1.0,5.3,27.31891392576724,69.5,159.5,5.3,27.31891392576724,27.31891392576724,Sobrepeso,0,
2024_28022076,2024_28022076_01,Hombre,31.0,MATAMOROS,59.6,170.8,,1.0,3.6,20.430101629471995,59.6,170.8,3.6,20.430101629471995,20.430101629471995,Normal,0,
2024_28022079,2024_28022079_02,Mujer,42.0,MATAMOROS,62.4,150.0,,1.0,2.6,27.733333333333334,62.4,150.0,2.6,27.733333333333334,27.733333333333334,Sobrepeso,0,
2024_28022084,2024_28022084_02,Mujer,25.0,MATAMOROS,82.5,170.5,,1.0,5.2,28.379528899820258,82.5,170.5,5.2,28.379528899820258,28.379528899820258,Sobrepeso,0,
2024_28027008,2024_28027008_01,Mujer,48.0,NUEVO LAREDO,87.55,161.9,,1.0,5.7,33.4012294551918,87.55,161.9,5.7,33.4012294551918,33.4012294551918,Obesidad I,0,
2024_28027013,2024_28027013_01,Hombre,51.0,NUEVO LAREDO,90.55,162.5,,1.0,5.7,34.291124260355026,90.55,162.5,5.7,34.291124260355026,34.291124260355026,Obesidad I,0,
2024_28027013,2024_28027013_03,Mujer,25.0,NUEVO LAREDO,79.85,144.5,,1.0,5.7,38.24187928784377,79.85,144.5,5.7,38.24187928784377,38.24187928784377,Obesidad II,0,
2024_28032031,2024_28032031_01,Hombre,89.0,REYNOSA,,,,1.0,5.2,,,,5.2,,,,0,
2024_28033003,2024_28033003_01,Hombre,66.0,RO BRAVO,,,,1.0,6.7,,,,6.7,,,,0,
2024_28033008,2024_28033008_01,Hombre,45.0,RO BRAVO,54.25,155.9,,1.0,3.9,22.320684671058935,54.25,155.9,3.9,22.320684671058935,22.320684671058935,Normal,0,
2024_28033008,2024_28033008_02,Mujer,44.0,RO BRAVO,60.65,151.1,,1.0,3.3,26.56451410153032,60.65,151.1,3.3,26.56451410153032,26.56451410153032,Sobrepeso,0,
2024_28033011,2024_28033011_01,Hombre,48.0,RO BRAVO,62.75,164.3,,1.0,5.7,23.245484541474944,62.75,164.3,5.7,23.245484541474944,23.245484541474944,Normal,0,
2024_28033011,2024_28033011_02,Mujer,38.0,RO BRAVO,70.8,163.9,,1.0,4.2,26.35574825197733,70.8,163.9,4.2,26.35574825197733,26.35574825197733,Sobrepeso,0,
2024_28033014,2024_28033014_02,Mujer,32.0,RO BRAVO,67.7,156.2,,1.0,4.5,27.7476756710675,67.7,156.2,4.5,27.7476756710675,27.7476756710675,Sobrepeso,0,
2024_28033017,2024_28033017_02,Mujer,72.0,RO BRAVO,,,,1.0,5.4,,,,5.4,,,,0,
2024_28041006,2024_28041006_02,Mujer,63.0,VICTORIA,,,,1.0,5.6,,,,5.6,,,,0,
2024_28041013,2024_28041013_01,Hombre,66.0,VICTORIA,,,,1.0,8.0,,,,8.0,,,,1,
2024_28041039,2024_28041039_01,Hombre,69.0,VICTORIA,,,,1.0,5.6,,,,5.6,,,,0,
2024_28041040,2024_28041040_01,Mujer,64.0,VICTORIA,,,,1.0,3.1,,,,3.1,,,,0,
2024_28041056,2024_28041056_01,Hombre,79.0,VICTORIA,,,,1.0,4.5,,,,4.5,,,,0,
2024_28041057,2024_28041057_01,Mujer,29.0,VICTORIA,59.0,156.0,,1.0,3.9,24.243918474687703,59.0,156.0,3.9,24.243918474687703,24.243918474687703,Normal,0,
2024_28041063,2024_28041063_02,Mujer,65.0,VICTORIA,,,,1.0,5.7,,,,5.7,,,,0,
2024_28041075,2024_28041075_02,Mujer,58.0,VICTORIA,52.0,147.2,24.0,1.0,3.3,23.998700378071835,52.0,147.2,3.3,23.998700378071835,24.0,Normal,0,24.0
2024_28041076,2024_28041076_01,Hombre,70.0,VICTORIA,,,,1.0,5.8,,,,5.8,,,,0,
2024_28041077,2024_28041077_01,Mujer,54.0,VICTORIA,59.1,148.0,,1.0,6.6,26.98137326515705,59.1,148.0,6.6,26.98137326515705,26.98137326515705,Sobrepeso,1,
2024_28041077,2024_28041077_02,Mujer,33.0,VICTORIA,79.8,157.2,,1.0,5.6,32.29221296350252,79.8,157.2,5.6,32.29221296350252,32.29221296350252,Obesidad I,0,
2024_28041079,2024_28041079_01,Hombre,48.0,VICTORIA,73.65,160.5,,1.0,4.8,28.590561038809795,73.65,160.5,4.8,28.590561038809795,28.590561038809795,Sobrepeso,0,
2024_28041082,2024_28041082_01,Mujer,60.0,VICTORIA,55.55,138.7,,1.0,4.1,28.8756082461044,55.55,138.7,4.1,28.8756082461044,28.8756082461044,Sobrepeso,0,
2024_28041084,2024_28041084_01,Mujer,61.0,VICTORIA,,,,1.0,5.0,,,,5.0,,,,0,
2024_28041089,2024_28041089_01,Mujer,67.0,VICTORIA,,,,1.0,3.9,,,,3.9,,,,0,
2024_28041089,2024_28041089_02,Mujer,23.0,VICTORIA,43.5,161.5,,1.0,2.9,16.678008990788754,43.5,161.5,2.9,16.678008990788754,16.678008990788754,Bajo peso,0,
2024_28041090,2024_28041090_01,Mujer,50.0,VICTORIA,48.7,153.1,,1.0,3.6,20.776796200960685,48.7,153.1,3.6,20.776796200960685,20.776796200960685,Normal,0,
2024_29002001,2024_29002001_01,Hombre,47.0,APETATITLN DE ANTONIO CARVAJAL,85.95,163.6,,1.0,5.4,32.112881917253006,85.95,163.6,5.4,32.112881917253006,32.112881917253006,Obesidad I,0,
2024_29002001,2024_29002001_03,Hombre,21.0,APETATITLN DE ANTONIO CARVAJAL,68.75,168.1,,1.0,5.6,24.329729230462167,68.75,168.1,5.6,24.329729230462167,24.329729230462167,Normal,0,
2024_29002007,2024_29002007_02,Mujer,61.0,APETATITLN DE ANTONIO CARVAJAL,,,,1.0,4.3,,,,4.3,,,,0,
2024_29002011,2024_29002011_02,Mujer,75.0,APETATITLN DE ANTONIO CARVAJAL,,,,1.0,4.1,,,,4.1,,,,0,
2024_29002013,2024_29002013_01,Hombre,49.0,APETATITLN DE ANTONIO CARVAJAL,114.95,169.5,,1.0,5.5,40.01009389058571,114.95,169.5,5.5,40.01009389058571,40.01009389058571,Obesidad III,0,
2024_29002018,2024_29002018_02,Mujer,73.0,APETATITLN DE ANTONIO CARVAJAL,,,,1.0,7.7,,,,7.7,,,,1,
2024_29002018,2024_29002018_03,Mujer,40.0,APETATITLN DE ANTONIO CARVAJAL,61.4,157.0,,1.0,3.7,24.90973264635482,61.4,157.0,3.7,24.90973264635482,24.90973264635482,Normal,0,
2024_29002019,2024_29002019_01,Hombre,27.0,APETATITLN DE ANTONIO CARVAJAL,109.75,170.1,,1.0,8.1,37.93114055051478,109.75,170.1,8.1,37.93114055051478,37.93114055051478,Obesidad II,1,
2024_29002022,2024_29002022_02,Mujer,66.0,APETATITLN DE ANTONIO CARVAJAL,,,,1.0,4.7,,,,4.7,,,,0,
2024_29002026,2024_29002026_03,Hombre,22.0,APETATITLN DE ANTONIO CARVAJAL,96.2,178.5,,1.0,6.2,30.192469144520555,96.2,178.5,6.2,30.192469144520555,30.192469144520555,Obesidad I,0,
2024_29002032,2024_29002032_01,Hombre,39.0,APETATITLN DE ANTONIO CARVAJAL,83.3,170.0,,1.0,5.4,28.823529411764707,83.3,170.0,5.4,28.823529411764707,28.823529411764707,Sobrepeso,0,
2024_29002035,2024_29002035_02,Mujer,42.0,APETATITLN DE ANTONIO CARVAJAL,77.15,160.6,,1.0,5.2,29.911958424897925,77.15,160.6,5.2,29.911958424897925,29.911958424897925,Sobrepeso,0,
2024_29004013,2024_29004013_02,Hombre,54.0,ATLTZAYANCA,68.9,162.9,,1.0,9.1,25.96432599586757,68.9,162.9,9.1,25.96432599586757,25.96432599586757,Sobrepeso,1,
2024_29004016,2024_29004016_01,Hombre,58.0,ATLTZAYANCA,70.5,154.0,,1.0,7.3,29.726766739753753,70.5,154.0,7.3,29.726766739753753,29.726766739753753,Sobrepeso,1,
2024_29004016,2024_29004016_02,Mujer,30.0,ATLTZAYANCA,43.8,145.3,,1.0,3.9,20.746406442943353,43.8,145.3,3.9,20.746406442943353,20.746406442943353,Normal,0,
2024_29004018,2024_29004018_02,Mujer,34.0,ATLTZAYANCA,77.1,163.6,,1.0,4.9,28.806319904830794,77.1,163.6,4.9,28.806319904830794,28.806319904830794,Sobrepeso,0,
2024_29004021,2024_29004021_04,Mujer,39.0,ATLTZAYANCA,67.4,149.4,,1.0,6.1,30.196645573816912,67.4,149.4,6.1,30.196645573816912,30.196645573816912,Obesidad I,1,
2024_29004024,2024_29004024_02,Mujer,42.0,ATLTZAYANCA,84.8,150.2,,1.0,3.1,37.588585835840725,84.8,150.2,3.1,37.588585835840725,37.588585835840725,Obesidad II,0,
2024_29004026,2024_29004026_01,Hombre,67.0,ATLTZAYANCA,,,,1.0,4.1,,,,4.1,,,,0,
2024_29004026,2024_29004026_03,Mujer,33.0,ATLTZAYANCA,55.0,151.6,,1.0,4.7,23.931189562868543,55.0,151.6,4.7,23.931189562868543,23.931189562868543,Normal,0,
2024_29004029,2024_29004029_01,Mujer,46.0,ATLTZAYANCA,77.35,146.6,,1.0,4.9,35.990872696072316,77.35,146.6,4.9,35.990872696072316,35.990872696072316,Obesidad II,0,
2024_29004030,2024_29004030_02,Mujer,23.0,ATLTZAYANCA,41.5,148.2,,1.0,5.3,18.895208539359402,41.5,148.2,5.3,18.895208539359402,18.895208539359402,Normal,0,
2024_29007008,2024_29007008_01,Mujer,55.0,EL CARMEN TEQUEXQUITLA,86.8,153.2,,1.0,4.7,36.9830048606235,86.8,153.2,4.7,36.9830048606235,36.9830048606235,Obesidad II,0,
2024_29007021,2024_29007021_01,Mujer,46.0,EL CARMEN TEQUEXQUITLA,63.35,149.3,,1.0,4.2,28.42019174993461,63.35,149.3,4.2,28.42019174993461,28.42019174993461,Sobrepeso,0,
2024_29007023,2024_29007023_01,Hombre,44.0,EL CARMEN TEQUEXQUITLA,120.95,168.9,,1.0,5.6,42.39811744646602,120.95,168.9,5.6,42.39811744646602,42.39811744646602,Obesidad III,0,
2024_29007023,2024_29007023_02,Mujer,57.0,EL CARMEN TEQUEXQUITLA,58.25,152.2,,1.0,3.2,25.145867616612076,58.25,152.2,3.2,25.145867616612076,25.145867616612076,Sobrepeso,0,
2024_29013001,2024_29013001_01,Hombre,48.0,HUAMANTLA,63.8,164.5,,1.0,6.4,23.577017950684123,63.8,164.5,6.4,23.577017950684123,23.577017950684123,Normal,0,
2024_29013005,2024_29013005_01,Hombre,64.0,HUAMANTLA,,,,1.0,6.3,,,,6.3,,,,0,
2024_29013006,2024_29013006_02,Mujer,53.0,HUAMANTLA,58.85,144.5,,1.0,4.6,28.184528441948732,58.85,144.5,4.6,28.184528441948732,28.184528441948732,Sobrepeso,0,
2024_29013006,2024_29013006_04,Mujer,24.0,HUAMANTLA,57.2,156.6,,1.0,4.0,23.324509165879675,57.2,156.6,4.0,23.324509165879675,23.324509165879675,Normal,0,
2024_29013010,2024_29013010_02,Mujer,61.0,HUAMANTLA,,,,1.0,2.7,,,,2.7,,,,0,
2024_29013011,2024_29013011_01,Hombre,43.0,HUAMANTLA,72.6,157.0,,1.0,5.7,29.45352752647166,72.6,157.0,5.7,29.45352752647166,29.45352752647166,Sobrepeso,0,
2024_29013017,2024_29013017_02,Hombre,74.0,HUAMANTLA,,,,1.0,4.9,,,,4.9,,,,0,
2024_29013025,2024_29013025_01,Hombre,36.0,HUAMANTLA,79.1,163.7,,1.0,7.3,29.517469602790396,79.1,163.7,7.3,29.517469602790396,29.517469602790396,Sobrepeso,1,
2024_29013025,2024_29013025_03,Hombre,86.0,HUAMANTLA,,,,1.0,8.0,,,,8.0,,,,1,
2024_29013033,2024_29013033_01,Hombre,26.0,HUAMANTLA,64.85,162.5,,1.0,4.7,24.5585798816568,64.85,162.5,4.7,24.5585798816568,24.5585798816568,Normal,0,
2024_29019001,2024_29019001_01,Hombre,66.0,TEPETITLA DE LARDIZBAL,,,,1.0,5.8,,,,5.8,,,,0,
2024_29019012,2024_29019012_01,Mujer,55.0,TEPETITLA DE LARDIZBAL,85.15,140.5,,1.0,4.8,43.135218652246046,85.15,140.5,4.8,43.135218652246046,43.135218652246046,Obesidad III,0,
2024_29019014,2024_29019014_01,Mujer,67.0,TEPETITLA DE LARDIZBAL,,,,1.0,9.1,,,,9.1,,,,1,
2024_29019020,2024_29019020_02,Hombre,57.0,TEPETITLA DE LARDIZBAL,68.4,157.9,,1.0,3.5,27.434171024782607,68.4,157.9,3.5,27.434171024782607,27.434171024782607,Sobrepeso,0,
2024_29019020,2024_29019020_04,Hombre,23.0,TEPETITLA DE LARDIZBAL,61.6,159.2,,1.0,3.9,24.304941794399138,61.6,159.2,3.9,24.304941794399138,24.304941794399138,Normal,0,
2024_29019024,2024_29019024_02,Mujer,45.0,TEPETITLA DE LARDIZBAL,78.9,150.0,,1.0,5.4,35.06666666666667,78.9,150.0,5.4,35.06666666666667,35.06666666666667,Obesidad II,0,
2024_29019024,2024_29019024_03,Hombre,26.0,TEPETITLA DE LARDIZBAL,52.05,170.8,,1.0,6.5,17.842060231778813,52.05,170.8,6.5,17.842060231778813,17.842060231778813,Bajo peso,0,
2024_29019026,2024_29019026_01,Mujer,50.0,TEPETITLA DE LARDIZBAL,65.0,152.2,,1.0,4.2,28.05976643913794,65.0,152.2,4.2,28.05976643913794,28.05976643913794,Sobrepeso,0,
2024_29019029,2024_29019029_02,Mujer,45.0,TEPETITLA DE LARDIZBAL,84.4,150.7,,1.0,5.9,37.16344297282886,84.4,150.7,5.9,37.16344297282886,37.16344297282886,Obesidad II,0,
2024_29019029,2024_29019029_04,Mujer,21.0,TEPETITLA DE LARDIZBAL,50.35,149.9,,1.0,2.9,22.407644678395776,50.35,149.9,2.9,22.407644678395776,22.407644678395776,Normal,0,
2024_29023011,2024_29023011_01,Mujer,54.0,NATVITAS,71.75,160.0,,1.0,2.1,28.027343749999993,71.75,160.0,2.1,28.027343749999993,28.027343749999993,Sobrepeso,0,
2024_29023017,2024_29023017_01,Hombre,45.0,NATVITAS,80.05,166.5,,1.0,7.7,28.87572256941626,80.05,166.5,7.7,28.87572256941626,28.87572256941626,Sobrepeso,1,
2024_29023022,2024_29023022_01,Mujer,54.0,NATVITAS,88.25,159.3,,1.0,4.6,34.7762830872197,88.25,159.3,4.6,34.7762830872197,34.7762830872197,Obesidad I,0,
2024_29025019,2024_29025019_05,Mujer,64.0,SAN PABLO DEL MONTE,,,,1.0,2.7,,,,2.7,,,,0,
2024_29025021,2024_29025021_02,Mujer,62.0,SAN PABLO DEL MONTE,,,,1.0,2.6,,,,2.6,,,,0,
2024_29033002,2024_29033002_01,Hombre,68.0,TLAXCALA,,,,1.0,5.5,,,,5.5,,,,0,
2024_29033018,2024_29033018_01,Hombre,59.0,TLAXCALA,97.8,165.2,,1.0,5.8,35.83593736259227,97.8,165.2,5.8,35.83593736259227,35.83593736259227,Obesidad II,0,
2024_29033019,2024_29033019_01,Mujer,49.0,TLAXCALA,64.65,150.7,,1.0,3.5,28.46702118712543,64.65,150.7,3.5,28.46702118712543,28.46702118712543,Sobrepeso,0,
2024_29033019,2024_29033019_02,Hombre,22.0,TLAXCALA,61.75,167.3,,1.0,6.3,22.062010147452828,61.75,167.3,6.3,22.062010147452828,22.062010147452828,Normal,0,
2024_29033022,2024_29033022_02,Mujer,53.0,TLAXCALA,31.7,154.0,,1.0,3.3,13.366503626243887,31.7,154.0,3.3,13.366503626243887,13.366503626243887,Bajo peso,0,
2024_29033022,2024_29033022_03,Mujer,20.0,TLAXCALA,48.35,140.1,,1.0,4.2,24.633164543934917,48.35,140.1,4.2,24.633164543934917,24.633164543934917,Normal,0,
2024_29033025,2024_29033025_01,Hombre,68.0,TLAXCALA,,,,1.0,5.7,,,,5.7,,,,0,
2024_29033028,2024_29033028_02,Hombre,50.0,TLAXCALA,69.0,156.0,,1.0,6.9,28.353057199211044,69.0,156.0,6.9,28.353057199211044,28.353057199211044,Sobrepeso,0,
2024_29038022,2024_29038022_01,Hombre,61.0,TZOMPANTEPEC,,,,1.0,4.7,,,,4.7,,,,0,
2024_29038022,2024_29038022_02,Mujer,33.0,TZOMPANTEPEC,62.65,156.2,,1.0,1.6,25.677871208159214,62.65,156.2,1.6,25.677871208159214,25.677871208159214,Sobrepeso,0,
2024_29044005,2024_29044005_02,Mujer,59.0,ZACATELCO,59.6,152.5,,1.0,5.5,25.627519484009678,59.6,152.5,5.5,25.627519484009678,25.627519484009678,Sobrepeso,0,
2024_29044005,2024_29044005_03,Mujer,24.0,ZACATELCO,74.05,159.6,,1.0,4.5,29.070954328176335,74.05,159.6,4.5,29.070954328176335,29.070954328176335,Sobrepeso,0,
2024_29044008,2024_29044008_01,Hombre,53.0,ZACATELCO,74.35,163.0,,1.0,8.5,27.983740449395913,74.35,163.0,8.5,27.983740449395913,27.983740449395913,Sobrepeso,1,
2024_29044015,2024_29044015_02,Hombre,33.0,ZACATELCO,85.4,170.5,,1.0,6.7,29.377112339935156,85.4,170.5,6.7,29.377112339935156,29.377112339935156,Sobrepeso,0,
2024_29044021,2024_29044021_02,Mujer,73.0,ZACATELCO,,,,1.0,5.3,,,,5.3,,,,0,
2024_29044021,2024_29044021_03,Mujer,34.0,ZACATELCO,78.35,153.7,,1.0,4.3,33.16586020219534,78.35,153.7,4.3,33.16586020219534,33.16586020219534,Obesidad I,0,
2024_30008006,2024_30008006_01,Mujer,46.0,ALPATLAHUAC,60.6,147.2,,1.0,3.9,27.96771620982987,60.6,147.2,3.9,27.96771620982987,27.96771620982987,Sobrepeso,0,
2024_30008010,2024_30008010_01,Mujer,45.0,ALPATLAHUAC,65.65,141.5,,1.0,5.0,32.78852276842013,65.65,141.5,5.0,32.78852276842013,32.78852276842013,Obesidad I,0,
2024_30008011,2024_30008011_01,Mujer,22.0,ALPATLAHUAC,42.85,145.0,,1.0,3.9,20.380499405469678,42.85,145.0,3.9,20.380499405469678,20.380499405469678,Normal,0,
2024_30008016,2024_30008016_01,Hombre,56.0,ALPATLAHUAC,71.75,157.0,,1.0,5.4,29.10868595074851,71.75,157.0,5.4,29.10868595074851,29.10868595074851,Sobrepeso,0,
2024_30008016,2024_30008016_03,Mujer,23.0,ALPATLAHUAC,55.45,153.8,,1.0,4.0,23.441687902989884,55.45,153.8,4.0,23.441687902989884,23.441687902989884,Normal,0,
2024_30008017,2024_30008017_01,Hombre,48.0,ALPATLAHUAC,55.55,161.9,,1.0,5.9,21.192898871912103,55.55,161.9,5.9,21.192898871912103,21.192898871912103,Normal,0,
2024_30008022,2024_30008022_02,Mujer,48.0,ALPATLAHUAC,97.4,150.2,,1.0,5.5,43.17368231616612,97.4,150.2,5.5,43.17368231616612,43.17368231616612,Obesidad III,0,
2024_30008022,2024_30008022_03,Mujer,31.0,ALPATLAHUAC,54.25,146.1,,1.0,5.2,25.41553819334643,54.25,146.1,5.2,25.41553819334643,25.41553819334643,Sobrepeso,0,
2024_30008028,2024_30008028_01,Mujer,40.0,ALPATLAHUAC,58.15,147.0,,1.0,4.0,26.910083761395715,58.15,147.0,4.0,26.910083761395715,26.910083761395715,Sobrepeso,0,
2024_30008029,2024_30008029_01,Mujer,67.0,ALPATLAHUAC,,,,1.0,3.1,,,,3.1,,,,0,
2024_30008029,2024_30008029_02,Hombre,33.0,ALPATLAHUAC,70.9,162.5,,1.0,5.3,26.849704142011838,70.9,162.5,5.3,26.849704142011838,26.849704142011838,Sobrepeso,0,
2024_30008030,2024_30008030_01,Hombre,88.0,ALPATLAHUAC,,,,1.0,6.1,,,,6.1,,,,0,
2024_30008033,2024_30008033_01,Mujer,50.0,ALPATLAHUAC,73.75,147.3,,1.0,3.8,33.99042000176058,73.75,147.3,3.8,33.99042000176058,33.99042000176058,Obesidad I,0,
2024_30008037,2024_30008037_02,Mujer,78.0,ALPATLAHUAC,,,,1.0,3.8,,,,3.8,,,,0,
2024_30008037,2024_30008037_03,Mujer,38.0,ALPATLAHUAC,74.55,152.7,,1.0,3.6,31.971983022040728,74.55,152.7,3.6,31.971983022040728,31.971983022040728,Obesidad I,0,
2024_30008038,2024_30008038_01,Mujer,55.0,ALPATLAHUAC,45.55,140.8,,1.0,2.9,22.976457580061975,45.55,140.8,2.9,22.976457580061975,22.976457580061975,Normal,0,
2024_30008038,2024_30008038_02,Mujer,25.0,ALPATLAHUAC,63.45,155.6,,1.0,3.0,26.206706273418757,63.45,155.6,3.0,26.206706273418757,26.206706273418757,Sobrepeso,0,
2024_30026003,2024_30026003_01,Hombre,32.0,BANDERILLA,74.9,172.3,,1.0,5.0,25.229652150802583,74.9,172.3,5.0,25.229652150802583,25.229652150802583,Sobrepeso,0,
2024_30026014,2024_30026014_01,Mujer,45.0,BANDERILLA,90.95,159.5,,1.0,3.5,35.7504348424249,90.95,159.5,3.5,35.7504348424249,35.7504348424249,Obesidad II,0,
2024_30026029,2024_30026029_01,Hombre,30.0,BANDERILLA,79.55,165.6,,1.0,8.7,29.00811570865131,79.55,165.6,8.7,29.00811570865131,29.00811570865131,Sobrepeso,1,
2024_30026031,2024_30026031_02,Mujer,52.0,BANDERILLA,60.3,152.0,,1.0,3.7,26.099376731301938,60.3,152.0,3.7,26.099376731301938,26.099376731301938,Sobrepeso,0,
2024_30026031,2024_30026031_03,Hombre,22.0,BANDERILLA,68.6,165.1,,1.0,4.1,25.16691423915392,68.6,165.1,4.1,25.16691423915392,25.16691423915392,Sobrepeso,0,
2024_30026032,2024_30026032_02,Mujer,59.0,BANDERILLA,62.0,153.1,,1.0,3.7,26.450952042290808,62.0,153.1,3.7,26.450952042290808,26.450952042290808,Sobrepeso,0,
2024_30026032,2024_30026032_04,Mujer,27.0,BANDERILLA,62.1,167.8,,1.0,2.3,22.055031743618954,62.1,167.8,2.3,22.055031743618954,22.055031743618954,Normal,0,
2024_30026033,2024_30026033_01,Mujer,68.0,BANDERILLA,,,,1.0,6.3,,,,6.3,,,,1,
2024_30028006,2024_30028006_01,Mujer,74.0,BOCA DEL RO,,,,1.0,6.3,,,,6.3,,,,1,
2024_30028021,2024_30028021_02,Mujer,53.0,BOCA DEL RO,89.45,157.1,,1.0,4.9,36.24332010691881,89.45,157.1,4.9,36.24332010691881,36.24332010691881,Obesidad II,0,
2024_30032003,2024_30032003_01,Mujer,39.0,CATEMACO,77.75,146.6,,1.0,4.6,36.17699227045407,77.75,146.6,4.6,36.17699227045407,36.17699227045407,Obesidad II,0,
2024_30032010,2024_30032010_01,Hombre,48.0,CATEMACO,69.25,165.0,,1.0,6.2,25.43617998163453,69.25,165.0,6.2,25.43617998163453,25.43617998163453,Sobrepeso,0,
2024_30032010,2024_30032010_03,Hombre,24.0,CATEMACO,68.35,157.2,,1.0,6.1,27.658806466859613,68.35,157.2,6.1,27.658806466859613,27.658806466859613,Sobrepeso,0,
2024_30032013,2024_30032013_01,Mujer,40.0,CATEMACO,76.5,153.2,,1.0,3.7,32.594468569558735,76.5,153.2,3.7,32.594468569558735,32.594468569558735,Obesidad I,0,
2024_30032018,2024_30032018_02,Mujer,82.0,CATEMACO,,,,1.0,3.4,,,,3.4,,,,0,
2024_30032018,2024_30032018_03,Hombre,43.0,CATEMACO,57.1,159.0,,1.0,3.7,22.58613187769471,57.1,159.0,3.7,22.58613187769471,22.58613187769471,Normal,0,
2024_30032022,2024_30032022_02,Hombre,49.0,CATEMACO,90.2,166.1,,1.0,6.1,32.69394085586358,90.2,166.1,6.1,32.69394085586358,32.69394085586358,Obesidad I,0,
2024_30032023,2024_30032023_01,Hombre,71.0,CATEMACO,,,,1.0,4.8,,,,4.8,,,,0,
2024_30048002,2024_30048002_02,Mujer,42.0,COSOLEACAQUE,64.85,148.9,,1.0,3.5,29.249644020330866,64.85,148.9,3.5,29.249644020330866,29.249644020330866,Sobrepeso,0,
2024_30048005,2024_30048005_01,Mujer,38.0,COSOLEACAQUE,54.0,154.2,,1.0,5.4,22.71041196687308,54.0,154.2,5.4,22.71041196687308,22.71041196687308,Normal,0,
2024_30048020,2024_30048020_01,Mujer,43.0,COSOLEACAQUE,55.1,154.3,,1.0,3.5,23.14300486927142,55.1,154.3,3.5,23.14300486927142,23.14300486927142,Normal,0,
2024_30048022,2024_30048022_01,Hombre,26.0,COSOLEACAQUE,105.25,172.8,,1.0,6.0,35.248012045610416,105.25,172.8,6.0,35.248012045610416,35.248012045610416,Obesidad II,0,
2024_30048022,2024_30048022_02,Mujer,68.0,COSOLEACAQUE,,,,1.0,6.6,,,,6.6,,,,1,
2024_30048027,2024_30048027_02,Mujer,59.0,COSOLEACAQUE,57.95,143.4,,1.0,3.7,28.18091809005833,57.95,143.4,3.7,28.18091809005833,28.18091809005833,Sobrepeso,0,
2024_30048027,2024_30048027_04,Mujer,41.0,COSOLEACAQUE,70.5,151.3,,1.0,4.3,30.79720195407154,70.5,151.3,4.3,30.79720195407154,30.79720195407154,Obesidad I,0,
2024_30079004,2024_30079004_01,Mujer,47.0,IXHUACN DE LOS REYES,70.0,146.0,,1.0,4.7,32.839181835241135,70.0,146.0,4.7,32.839181835241135,32.839181835241135,Obesidad I,0,
2024_30079010,2024_30079010_02,Mujer,53.0,IXHUACN DE LOS REYES,64.4,146.8,,1.0,6.4,29.883657908218186,64.4,146.8,6.4,29.883657908218186,29.883657908218186,Sobrepeso,1,
2024_30079012,2024_30079012_02,Mujer,70.0,IXHUACN DE LOS REYES,,,,1.0,5.8,,,,5.8,,,,0,
2024_30079013,2024_30079013_01,Mujer,31.0,IXHUACN DE LOS REYES,63.3,149.9,,1.0,4.2,28.170881988926567,63.3,149.9,4.2,28.170881988926567,28.170881988926567,Sobrepeso,0,
2024_30079015,2024_30079015_01,Hombre,75.0,IXHUACN DE LOS REYES,,,25.0,1.0,6.4,,,,6.4,,25.0,Sobrepeso,0,25.0
2024_30079017,2024_30079017_01,Mujer,74.0,IXHUACN DE LOS REYES,,,,1.0,4.2,,,,4.2,,,,0,
2024_30079025,2024_30079025_01,Mujer,55.0,IXHUACN DE LOS REYES,56.7,147.4,,1.0,4.3,26.096850151610273,56.7,147.4,4.3,26.096850151610273,26.096850151610273,Sobrepeso,0,
2024_30079028,2024_30079028_02,Mujer,60.0,IXHUACN DE LOS REYES,56.85,142.4,,1.0,6.0,28.035641017548286,56.85,142.4,6.0,28.035641017548286,28.035641017548286,Sobrepeso,0,
2024_30079032,2024_30079032_01,Hombre,50.0,IXHUACN DE LOS REYES,76.7,153.2,,1.0,6.4,32.67968286647262,76.7,153.2,6.4,32.67968286647262,32.67968286647262,Obesidad I,0,
2024_30081001,2024_30081001_01,Hombre,39.0,IXHUATLANCILLO,86.0,161.5,,1.0,6.1,32.97261547604214,86.0,161.5,6.1,32.97261547604214,32.97261547604214,Obesidad I,0,
2024_30081020,2024_30081020_02,Hombre,46.0,IXHUATLANCILLO,74.25,163.7,,1.0,5.7,27.70761211134244,74.25,163.7,5.7,27.70761211134244,27.70761211134244,Sobrepeso,0,
2024_30081020,2024_30081020_03,Mujer,36.0,IXHUATLANCILLO,94.9,159.3,,1.0,5.0,37.3968188665966,94.9,159.3,5.0,37.3968188665966,37.3968188665966,Obesidad II,0,
2024_30087009,2024_30087009_01,Mujer,34.0,XALAPA,84.0,165.5,,1.0,4.5,30.667847135385763,84.0,165.5,4.5,30.667847135385763,30.667847135385763,Obesidad I,0,
2024_30087010,2024_30087010_02,Mujer,45.0,XALAPA,82.05,157.0,,1.0,6.6,33.28735445657024,82.05,157.0,6.6,33.28735445657024,33.28735445657024,Obesidad I,1,
2024_30087014,2024_30087014_01,Hombre,36.0,XALAPA,88.85,184.5,,1.0,6.5,26.101453426458384,88.85,184.5,6.5,26.101453426458384,26.101453426458384,Sobrepeso,0,
2024_30087030,2024_30087030_01,Mujer,51.0,XALAPA,53.8,155.4,,1.0,5.2,22.278207606392932,53.8,155.4,5.2,22.278207606392932,22.278207606392932,Normal,0,
2024_30087033,2024_30087033_02,Mujer,48.0,XALAPA,60.9,140.5,,1.0,4.3,30.850673117108443,60.9,140.5,4.3,30.850673117108443,30.850673117108443,Obesidad I,0,
2024_30087033,2024_30087033_04,Mujer,30.0,XALAPA,64.8,159.3,,1.0,3.4,25.535446391522225,64.8,159.3,3.4,25.535446391522225,25.535446391522225,Sobrepeso,0,
2024_30087036,2024_30087036_01,Hombre,63.0,XALAPA,,,,1.0,7.5,,,,7.5,,,,1,
2024_30087046,2024_30087046_01,Hombre,52.0,XALAPA,100.2,172.0,,1.0,6.0,33.869659275283944,100.2,172.0,6.0,33.869659275283944,33.869659275283944,Obesidad I,0,
2024_30087049,2024_30087049_01,Hombre,44.0,XALAPA,72.7,153.5,,1.0,6.0,30.854438773886198,72.7,153.5,6.0,30.854438773886198,30.854438773886198,Obesidad I,0,
2024_30087049,2024_30087049_02,Mujer,65.0,XALAPA,,,,1.0,5.3,,,,5.3,,,,0,
2024_30105001,2024_30105001_01,Hombre,46.0,MEDELLN DE BRAVO,75.5,165.4,,1.0,2.6,27.597893933434605,75.5,165.4,2.6,27.597893933434605,27.597893933434605,Sobrepeso,0,
2024_30105002,2024_30105002_02,Mujer,34.0,MEDELLN DE BRAVO,85.25,165.5,,1.0,4.8,31.124213908233767,85.25,165.5,4.8,31.124213908233767,31.124213908233767,Obesidad I,0,
2024_30105009,2024_30105009_01,Mujer,39.0,MEDELLN DE BRAVO,77.55,165.4,,1.0,2.4,28.34724072235568,77.55,165.4,2.4,28.34724072235568,28.34724072235568,Sobrepeso,0,
2024_30105012,2024_30105012_02,Hombre,,MEDELLN DE BRAVO,55.1,168.1,,1.0,3.4,19.499172081432224,55.1,168.1,3.4,19.499172081432224,19.499172081432224,Normal,0,
2024_30123001,2024_30123001_02,Mujer,49.0,PNUCO,50.0,155.4,,1.0,3.0,20.70465390928711,50.0,155.4,3.0,20.70465390928711,20.70465390928711,Normal,0,
2024_30123005,2024_30123005_01,Mujer,85.0,PNUCO,,,,1.0,3.0,,,,3.0,,,,0,
2024_30123012,2024_30123012_02,Mujer,28.0,PNUCO,61.45,157.4,,1.0,3.7,24.803469337341713,61.45,157.4,3.7,24.803469337341713,24.803469337341713,Normal,0,
2024_30123016,2024_30123016_02,Mujer,62.0,PNUCO,,,,1.0,8.3,,,,8.3,,,,1,
2024_30123018,2024_30123018_01,Hombre,47.0,PNUCO,70.85,170.0,,1.0,4.8,24.515570934256058,70.85,170.0,4.8,24.515570934256058,24.515570934256058,Normal,0,
2024_30123022,2024_30123022_01,Hombre,47.0,PNUCO,113.4,179.0,,1.0,5.2,35.39215380293999,113.4,179.0,5.2,35.39215380293999,35.39215380293999,Obesidad II,0,
2024_30123022,2024_30123022_03,Mujer,39.0,PNUCO,68.4,157.2,,1.0,4.8,27.679039683002163,68.4,157.2,4.8,27.679039683002163,27.679039683002163,Sobrepeso,0,
2024_30134001,2024_30134001_01,Hombre,72.0,PUENTE NACIONAL,,,,1.0,7.3,,,,7.3,,,,1,
2024_30134004,2024_30134004_01,Mujer,54.0,PUENTE NACIONAL,71.1,144.2,,1.0,4.6,34.193147520107104,71.1,144.2,4.6,34.193147520107104,34.193147520107104,Obesidad I,0,
2024_30134011,2024_30134011_01,Hombre,66.0,PUENTE NACIONAL,,,,1.0,5.2,,,,5.2,,,,0,
2024_30134019,2024_30134019_01,Mujer,59.0,PUENTE NACIONAL,93.65,147.4,,1.0,3.7,43.103527631363356,93.65,147.4,3.7,43.103527631363356,43.103527631363356,Obesidad III,0,
2024_30134019,2024_30134019_02,Hombre,36.0,PUENTE NACIONAL,163.0,176.9,,1.0,6.5,52.087311115591966,163.0,176.9,6.5,52.087311115591966,52.087311115591966,Obesidad III,0,
2024_30134020,2024_30134020_02,Mujer,42.0,PUENTE NACIONAL,88.1,164.2,,1.0,3.9,32.676053830553336,88.1,164.2,3.9,32.676053830553336,32.676053830553336,Obesidad I,0,
2024_30151003,2024_30151003_02,Mujer,58.0,TAMIAHUA,76.05,157.0,,1.0,9.6,30.853178627936224,76.05,157.0,9.6,30.853178627936224,30.853178627936224,Obesidad I,1,
2024_30151006,2024_30151006_01,Mujer,61.0,TAMIAHUA,,,,1.0,4.0,,,,4.0,,,,0,
2024_30151006,2024_30151006_03,Mujer,25.0,TAMIAHUA,44.15,147.5,,1.0,2.9,20.293019247342716,44.15,147.5,2.9,20.293019247342716,20.293019247342716,Normal,0,
2024_30151014,2024_30151014_02,Mujer,66.0,TAMIAHUA,,,,1.0,3.5,,,,3.5,,,,0,
2024_30151016,2024_30151016_02,Mujer,60.0,TAMIAHUA,,,30.0,1.0,3.9,,,,3.9,,30.0,Obesidad I,0,30.0
2024_30151016,2024_30151016_03,Hombre,20.0,TAMIAHUA,93.1,168.5,,1.0,8.4,32.79063829037853,93.1,168.5,8.4,32.79063829037853,32.79063829037853,Obesidad I,1,
2024_30151017,2024_30151017_01,Hombre,51.0,TAMIAHUA,73.7,164.5,,1.0,7.1,27.235520736135108,73.7,164.5,7.1,27.235520736135108,27.235520736135108,Sobrepeso,1,
2024_30151022,2024_30151022_01,Hombre,65.0,TAMIAHUA,,,,1.0,4.1,,,,4.1,,,,0,
2024_30151024,2024_30151024_01,Mujer,84.0,TAMIAHUA,,,,1.0,4.9,,,,4.9,,,,0,
2024_30151025,2024_30151025_02,Mujer,68.0,TAMIAHUA,,,,1.0,5.9,,,,5.9,,,,0,
2024_30151025,2024_30151025_03,Hombre,41.0,TAMIAHUA,59.9,173.0,,1.0,5.1,20.014033211934912,59.9,173.0,5.1,20.014033211934912,20.014033211934912,Normal,0,
2024_30151029,2024_30151029_01,Hombre,73.0,TAMIAHUA,,,,1.0,5.5,,,,5.5,,,,0,
2024_30151036,2024_30151036_02,Mujer,70.0,TAMIAHUA,,,,1.0,4.5,,,,4.5,,,,0,
2024_30175010,2024_30175010_01,Hombre,88.0,TIHUATLN,,,,1.0,4.8,,,,4.8,,,,0,
2024_30175014,2024_30175014_01,Mujer,41.0,TIHUATLN,97.85,143.5,,1.0,5.0,47.51787687115298,97.85,143.5,5.0,47.51787687115298,47.51787687115298,Obesidad III,0,
2024_30175019,2024_30175019_03,Mujer,59.0,TIHUATLN,47.65,147.7,,1.0,3.8,21.842478371820867,47.65,147.7,3.8,21.842478371820867,21.842478371820867,Normal,0,
2024_30175019,2024_30175019_04,Hombre,24.0,TIHUATLN,100.35,179.2,,1.0,4.7,31.249377192283166,100.35,179.2,4.7,31.249377192283166,31.249377192283166,Obesidad I,0,
2024_30175025,2024_30175025_01,Mujer,54.0,TIHUATLN,58.7,137.9,,1.0,6.2,30.86807657176092,58.7,137.9,6.2,30.86807657176092,30.86807657176092,Obesidad I,1,
2024_30175028,2024_30175028_01,Hombre,38.0,TIHUATLN,173.1,162.5,,1.0,6.0,65.55266272189348,173.1,162.5,6.0,65.55266272189348,65.55266272189348,Obesidad III,0,
2024_30175028,2024_30175028_03,Hombre,,TIHUATLN,,,,1.0,4.6,,,,4.6,,,,0,
2024_30177001,2024_30177001_02,Mujer,54.0,TLACOLULAN,86.1,153.3,,1.0,2.4,36.636910346799624,86.1,153.3,2.4,36.636910346799624,36.636910346799624,Obesidad II,0,
2024_30177004,2024_30177004_02,Mujer,61.0,TLACOLULAN,,,,1.0,2.5,,,,2.5,,,,0,
2024_30177004,2024_30177004_04,Mujer,27.0,TLACOLULAN,61.75,153.7,,1.0,5.2,26.139015539062697,61.75,153.7,5.2,26.139015539062697,26.139015539062697,Sobrepeso,0,
2024_30177006,2024_30177006_02,Mujer,23.0,TLACOLULAN,53.4,151.5,,1.0,3.7,23.265692905924258,53.4,151.5,3.7,23.265692905924258,23.265692905924258,Normal,0,
2024_30177009,2024_30177009_02,Mujer,51.0,TLACOLULAN,73.75,142.0,,1.0,4.4,36.57508430866891,73.75,142.0,4.4,36.57508430866891,36.57508430866891,Obesidad II,0,
2024_30177009,2024_30177009_03,Mujer,24.0,TLACOLULAN,72.5,155.6,,1.0,6.7,29.94462103739732,72.5,155.6,6.7,29.94462103739732,29.94462103739732,Sobrepeso,1,
2024_30177010,2024_30177010_02,Mujer,63.0,TLACOLULAN,,,,1.0,3.2,,,,3.2,,,,0,
2024_30177013,2024_30177013_01,Hombre,62.0,TLACOLULAN,,,,1.0,4.7,,,,4.7,,,,0,
2024_30177021,2024_30177021_01,Mujer,49.0,TLACOLULAN,68.35,152.0,,1.0,2.2,29.58362188365651,68.35,152.0,2.2,29.58362188365651,29.58362188365651,Sobrepeso,0,
2024_30177024,2024_30177024_01,Hombre,40.0,TLACOLULAN,125.15,168.4,,1.0,7.0,44.13129580627506,125.15,168.4,7.0,44.13129580627506,44.13129580627506,Obesidad III,0,
2024_30177024,2024_30177024_02,Mujer,54.0,TLACOLULAN,82.2,153.6,,1.0,5.5,34.840901692708336,82.2,153.6,5.5,34.840901692708336,34.840901692708336,Obesidad I,0,
2024_30177025,2024_30177025_02,Hombre,21.0,TLACOLULAN,79.2,160.4,,1.0,7.1,30.783390650555653,79.2,160.4,7.1,30.783390650555653,30.783390650555653,Obesidad I,1,
2024_30177026,2024_30177026_01,Hombre,69.0,TLACOLULAN,,,,1.0,6.6,,,,6.6,,,,0,
2024_30177026,2024_30177026_03,Mujer,40.0,TLACOLULAN,68.55,138.5,,1.0,5.6,35.7361623375777,68.55,138.5,5.6,35.7361623375777,35.7361623375777,Obesidad II,0,
2024_30177027,2024_30177027_01,Hombre,51.0,TLACOLULAN,99.6,165.4,,1.0,6.4,36.407287890994525,99.6,165.4,6.4,36.407287890994525,36.407287890994525,Obesidad II,0,
2024_30177027,2024_30177027_02,Mujer,42.0,TLACOLULAN,76.8,145.7,,1.0,3.6,36.17779691348749,76.8,145.7,3.6,36.17779691348749,36.17779691348749,Obesidad II,0,
2024_30177030,2024_30177030_01,Mujer,42.0,TLACOLULAN,70.8,144.7,,1.0,4.7,33.81397252566973,70.8,144.7,4.7,33.81397252566973,33.81397252566973,Obesidad I,0,
2024_30177031,2024_30177031_01,Mujer,55.0,TLACOLULAN,67.05,152.6,,1.0,3.3,28.793185483940228,67.05,152.6,3.3,28.793185483940228,28.793185483940228,Sobrepeso,0,
2024_30193003,2024_30193003_02,Mujer,47.0,VERACRUZ,75.25,156.1,,1.0,4.4,30.881664334981313,75.25,156.1,4.4,30.881664334981313,30.881664334981313,Obesidad I,0,
2024_30193017,2024_30193017_02,Mujer,92.0,VERACRUZ,,,,1.0,6.0,,,,6.0,,,,0,
2024_30193017,2024_30193017_03,Mujer,26.0,VERACRUZ,69.55,162.0,,1.0,3.3,26.501295534217338,69.55,162.0,3.3,26.501295534217338,26.501295534217338,Sobrepeso,0,
2024_30193022,2024_30193022_01,Mujer,90.0,VERACRUZ,,,,1.0,6.8,,,,6.8,,,,1,
2024_30196013,2024_30196013_02,Hombre,53.0,YANGA,107.2,164.7,,1.0,6.8,39.51914927658208,107.2,164.7,6.8,39.51914927658208,39.51914927658208,Obesidad II,0,
2024_30196014,2024_30196014_02,Mujer,28.0,YANGA,48.5,151.0,,1.0,4.4,21.270996886101486,48.5,151.0,4.4,21.270996886101486,21.270996886101486,Normal,0,
2024_30196018,2024_30196018_01,Mujer,56.0,YANGA,60.8,143.7,,1.0,5.0,29.443541283186338,60.8,143.7,5.0,29.443541283186338,29.443541283186338,Sobrepeso,0,
2024_30196018,2024_30196018_02,Mujer,27.0,YANGA,61.1,148.7,,1.0,4.8,27.63244238680988,61.1,148.7,4.8,27.63244238680988,27.63244238680988,Sobrepeso,0,
2024_30196025,2024_30196025_02,Mujer,39.0,YANGA,80.85,158.2,,1.0,3.3,32.304800689169085,80.85,158.2,3.3,32.304800689169085,32.304800689169085,Obesidad I,0,
2024_31023009,2024_31023009_01,Hombre,64.0,CHOCHOL,,,,1.0,4.1,,,,4.1,,,,0,
2024_31023011,2024_31023011_01,Hombre,85.0,CHOCHOL,,,,1.0,6.9,,,,6.9,,,,0,
2024_31023015,2024_31023015_02,Hombre,46.0,CHOCHOL,75.6,160.1,,1.0,5.3,29.494370515616996,75.6,160.1,5.3,29.494370515616996,29.494370515616996,Sobrepeso,0,
2024_31023015,2024_31023015_04,Mujer,33.0,CHOCHOL,65.55,140.2,,1.0,5.7,33.34852798427354,65.55,140.2,5.7,33.34852798427354,33.34852798427354,Obesidad I,0,
2024_31023032,2024_31023032_01,Hombre,40.0,CHOCHOL,83.85,155.1,,1.0,5.3,34.85615444955335,83.85,155.1,5.3,34.85615444955335,34.85615444955335,Obesidad I,0,
2024_31023037,2024_31023037_02,Mujer,64.0,CHOCHOL,,,,1.0,5.0,,,,5.0,,,,0,
2024_31023037,2024_31023037_04,Hombre,31.0,CHOCHOL,87.2,158.5,,1.0,8.8,34.71026679537064,87.2,158.5,8.8,34.71026679537064,34.71026679537064,Obesidad I,1,
2024_31023041,2024_31023041_04,Mujer,86.0,CHOCHOL,,,,1.0,6.6,,,,6.6,,,,1,
2024_31023041,2024_31023041_06,Mujer,21.0,CHOCHOL,77.2,141.4,,1.0,5.7,38.611660721537895,77.2,141.4,5.7,38.611660721537895,38.611660721537895,Obesidad II,0,
2024_31040003,2024_31040003_05,Mujer,31.0,IZAMAL,66.5,144.7,,1.0,3.3,31.7602990530655,66.5,144.7,3.3,31.7602990530655,31.7602990530655,Obesidad I,0,
2024_31040016,2024_31040016_01,Hombre,35.0,IZAMAL,102.7,165.5,,1.0,4.3,37.495094057191885,102.7,165.5,4.3,37.495094057191885,37.495094057191885,Obesidad II,0,
2024_31040017,2024_31040017_02,Mujer,37.0,IZAMAL,71.2,149.4,,1.0,4.9,31.899127075011336,71.2,149.4,4.9,31.899127075011336,31.899127075011336,Obesidad I,0,
2024_31040019,2024_31040019_01,Hombre,32.0,IZAMAL,73.95,160.4,,1.0,4.1,28.7428249824317,73.95,160.4,4.1,28.7428249824317,28.7428249824317,Sobrepeso,0,
2024_31041001,2024_31041001_01,Hombre,46.0,KANASN,66.1,156.2,,1.0,5.7,27.091896039254973,66.1,156.2,5.7,27.091896039254973,27.091896039254973,Sobrepeso,0,
2024_31041001,2024_31041001_02,Mujer,44.0,KANASN,75.25,157.3,,1.0,3.0,30.412285512557137,75.25,157.3,3.0,30.412285512557137,30.412285512557137,Obesidad I,0,
2024_31041009,2024_31041009_01,Hombre,55.0,KANASN,58.4,160.1,,1.0,4.1,22.784011086137998,58.4,160.1,4.1,22.784011086137998,22.784011086137998,Normal,0,
2024_31041009,2024_31041009_03,Mujer,21.0,KANASN,50.3,145.6,,1.0,4.0,23.727131385098417,50.3,145.6,4.0,23.727131385098417,23.727131385098417,Normal,0,
2024_31041014,2024_31041014_01,Mujer,48.0,KANASN,61.9,141.9,,1.0,3.7,30.74155687361843,61.9,141.9,3.7,30.74155687361843,30.74155687361843,Obesidad I,0,
2024_31041016,2024_31041016_01,Hombre,53.0,KANASN,68.85,164.7,,1.0,5.9,25.38146854190929,68.85,164.7,5.9,25.38146854190929,25.38146854190929,Sobrepeso,0,
2024_31041016,2024_31041016_03,Hombre,26.0,KANASN,90.5,165.2,,1.0,5.1,33.16106678235788,90.5,165.2,5.1,33.16106678235788,33.16106678235788,Obesidad I,0,
2024_31041019,2024_31041019_01,Hombre,43.0,KANASN,78.05,156.2,,1.0,6.0,31.989750164354778,78.05,156.2,6.0,31.989750164354778,31.989750164354778,Obesidad I,0,
2024_31041019,2024_31041019_02,Mujer,46.0,KANASN,68.9,153.5,,1.0,4.1,29.241689566998062,68.9,153.5,4.1,29.241689566998062,29.241689566998062,Sobrepeso,0,
2024_31041021,2024_31041021_01,Hombre,46.0,KANASN,73.2,149.2,,1.0,6.3,32.883151607500956,73.2,149.2,6.3,32.883151607500956,32.883151607500956,Obesidad I,0,
2024_31041021,2024_31041021_02,Mujer,45.0,KANASN,74.75,145.8,,1.0,3.3,35.16382815778232,74.75,145.8,3.3,35.16382815778232,35.16382815778232,Obesidad II,0,
2024_31041031,2024_31041031_02,Mujer,74.0,KANASN,,,,1.0,3.4,,,,3.4,,,,0,
2024_31041047,2024_31041047_01,Hombre,42.0,KANASN,71.2,156.5,,1.0,5.2,29.070420234972293,71.2,156.5,5.2,29.070420234972293,29.070420234972293,Sobrepeso,0,
2024_31041048,2024_31041048_01,Hombre,55.0,KANASN,90.4,164.5,,1.0,4.8,33.40693452573424,90.4,164.5,4.8,33.40693452573424,33.40693452573424,Obesidad I,0,
2024_31041056,2024_31041056_02,Mujer,27.0,KANASN,63.45,147.0,,1.0,5.0,29.362765514369016,63.45,147.0,5.0,29.362765514369016,29.362765514369016,Sobrepeso,0,
2024_31048002,2024_31048002_02,Mujer,64.0,MAXCAN,,,,1.0,4.3,,,,4.3,,,,0,
2024_31048005,2024_31048005_01,Hombre,61.0,MAXCAN,,,,1.0,5.2,,,,5.2,,,,0,
2024_31048020,2024_31048020_02,Mujer,29.0,MAXCAN,67.95,148.7,,1.0,4.2,30.73035123050297,67.95,148.7,4.2,30.73035123050297,30.73035123050297,Obesidad I,0,
2024_31048038,2024_31048038_02,Mujer,53.0,MAXCAN,64.1,140.5,,1.0,4.5,32.47172654854928,64.1,140.5,4.5,32.47172654854928,32.47172654854928,Obesidad I,0,
2024_31048042,2024_31048042_01,Mujer,39.0,MAXCAN,79.0,150.4,,1.0,3.2,34.92459823449525,79.0,150.4,3.2,34.92459823449525,34.92459823449525,Obesidad I,0,
2024_31048043,2024_31048043_02,Mujer,-7975.0,MAXCAN,,,,1.0,4.3,,,,4.3,,,,0,
2024_31050008,2024_31050008_01,Mujer,70.0,MRIDA,,,,1.0,2.7,,,,2.7,,,,0,
2024_31050012,2024_31050012_01,Hombre,47.0,MRIDA,84.4,161.7,,1.0,3.7,32.27917354606992,84.4,161.7,3.7,32.27917354606992,32.27917354606992,Obesidad I,0,
2024_31050012,2024_31050012_03,Mujer,40.0,MRIDA,130.3,153.3,,1.0,5.7,55.444708689756,130.3,153.3,5.7,55.444708689756,55.444708689756,Obesidad III,0,
2024_31050020,2024_31050020_03,Hombre,33.0,MRIDA,105.7,174.6,,1.0,4.8,34.672607918082115,105.7,174.6,4.8,34.672607918082115,34.672607918082115,Obesidad I,0,
2024_31050021,2024_31050021_01,Mujer,78.0,MRIDA,,,,1.0,5.0,,,,5.0,,,,0,
2024_31050040,2024_31050040_01,Mujer,46.0,MRIDA,71.05,159.4,,1.0,4.4,27.96323729670077,71.05,159.4,4.4,27.96323729670077,27.96323729670077,Sobrepeso,0,
2024_31050056,2024_31050056_01,Hombre,41.0,MRIDA,77.15,182.6,,1.0,3.1,23.138456444517495,77.15,182.6,3.1,23.138456444517495,23.138456444517495,Normal,0,
2024_31050064,2024_31050064_01,Hombre,63.0,MRIDA,,,,1.0,2.8,,,,2.8,,,,0,
2024_31050064,2024_31050064_03,Hombre,42.0,MRIDA,73.5,174.7,,1.0,3.3,24.08249779079944,73.5,174.7,3.3,24.08249779079944,24.08249779079944,Normal,0,
2024_31050074,2024_31050074_01,Hombre,75.0,MRIDA,,,,1.0,4.5,,,,4.5,,,,0,
2024_31050074,2024_31050074_03,Mujer,44.0,MRIDA,120.9,165.4,,1.0,5.4,44.19318379539396,120.9,165.4,5.4,44.19318379539396,44.19318379539396,Obesidad III,0,
2024_31050108,2024_31050108_01,Hombre,,MRIDA,,,,1.0,5.5,,,,5.5,,,,0,
2024_31050121,2024_31050121_01,Hombre,42.0,MRIDA,62.7,174.5,,1.0,4.0,20.59096394939286,62.7,174.5,4.0,20.59096394939286,20.59096394939286,Normal,0,
2024_31050124,2024_31050124_02,Mujer,31.0,MRIDA,100.3,162.2,,1.0,5.0,38.12406780382564,100.3,162.2,5.0,38.12406780382564,38.12406780382564,Obesidad II,0,
2024_31050129,2024_31050129_02,Mujer,63.0,MRIDA,,,,1.0,3.4,,,,3.4,,,,0,
2024_31050130,2024_31050130_01,Mujer,63.0,MRIDA,,,,1.0,3.3,,,,3.3,,,,0,
2024_31050130,2024_31050130_02,Hombre,33.0,MRIDA,89.85,176.5,,1.0,6.8,28.84221845934082,89.85,176.5,6.8,28.84221845934082,28.84221845934082,Sobrepeso,0,
2024_31050151,2024_31050151_01,Hombre,59.0,MRIDA,111.8,161.4,,1.0,4.5,42.917532310990104,111.8,161.4,4.5,42.917532310990104,42.917532310990104,Obesidad III,0,
2024_31050151,2024_31050151_02,Mujer,40.0,MRIDA,77.7,150.4,,1.0,4.9,34.34988965595292,77.7,150.4,4.9,34.34988965595292,34.34988965595292,Obesidad I,0,
2024_31050173,2024_31050173_01,Mujer,50.0,MRIDA,59.95,154.2,,1.0,3.3,25.21276291507484,59.95,154.2,3.3,25.21276291507484,25.21276291507484,Sobrepeso,0,
2024_31050173,2024_31050173_02,Mujer,26.0,MRIDA,64.4,150.5,,1.0,4.0,28.43235725874991,64.4,150.5,4.0,28.43235725874991,28.43235725874991,Sobrepeso,0,
2024_31050177,2024_31050177_01,Mujer,67.0,MRIDA,,,,1.0,3.8,,,,3.8,,,,0,
2024_31050182,2024_31050182_01,Mujer,49.0,MRIDA,64.1,144.5,,1.0,3.3,30.69886615342249,64.1,144.5,3.3,30.69886615342249,30.69886615342249,Obesidad I,0,
2024_31050196,2024_31050196_02,Mujer,46.0,MRIDA,68.15,145.8,,1.0,5.9,32.0590620595701,68.15,145.8,5.9,32.0590620595701,32.0590620595701,Obesidad I,0,
2024_31050207,2024_31050207_02,Mujer,48.0,MRIDA,50.35,146.5,,1.0,2.5,23.459795687777373,50.35,146.5,2.5,23.459795687777373,23.459795687777373,Normal,0,
2024_31050207,2024_31050207_03,Mujer,21.0,MRIDA,38.0,155.6,,1.0,2.4,15.695111716153077,38.0,155.6,2.4,15.695111716153077,15.695111716153077,Bajo peso,0,
2024_31056002,2024_31056002_01,Hombre,76.0,OXKUTZCAB,,,,1.0,4.9,,,,4.9,,,,0,
2024_31056007,2024_31056007_02,Mujer,58.0,OXKUTZCAB,87.15,145.0,,1.0,4.8,41.450653983353156,87.15,145.0,4.8,41.450653983353156,41.450653983353156,Obesidad III,0,
2024_31056007,2024_31056007_03,Mujer,30.0,OXKUTZCAB,61.2,143.1,,1.0,3.9,29.88630020788559,61.2,143.1,3.9,29.88630020788559,29.88630020788559,Sobrepeso,0,
2024_31056021,2024_31056021_01,Mujer,85.0,OXKUTZCAB,,,,1.0,2.7,,,,2.7,,,,0,
2024_31056021,2024_31056021_02,Mujer,36.0,OXKUTZCAB,44.35,146.1,,1.0,3.3,20.777495278800263,44.35,146.1,3.3,20.777495278800263,20.777495278800263,Normal,0,
2024_31056023,2024_31056023_01,Hombre,79.0,OXKUTZCAB,,,,1.0,6.9,,,,6.9,,,,0,
2024_31056024,2024_31056024_02,Mujer,39.0,OXKUTZCAB,80.95,162.7,,1.0,3.6,30.580300393369583,80.95,162.7,3.6,30.580300393369583,30.580300393369583,Obesidad I,0,
2024_31056035,2024_31056035_02,Mujer,29.0,OXKUTZCAB,54.85,145.5,,1.0,4.0,25.90899965753829,54.85,145.5,4.0,25.90899965753829,25.90899965753829,Sobrepeso,0,
2024_31056035,2024_31056035_03,Mujer,50.0,OXKUTZCAB,67.0,155.0,,1.0,3.8,27.887617065556707,67.0,155.0,3.8,27.887617065556707,27.887617065556707,Sobrepeso,0,
2024_31069003,2024_31069003_01,Mujer,36.0,SOTUTA,44.85,138.4,,1.0,3.1,23.414790003007113,44.85,138.4,3.1,23.414790003007113,23.414790003007113,Normal,0,
2024_31069004,2024_31069004_01,Mujer,42.0,SOTUTA,53.55,142.9,,1.0,3.7,26.223763381832192,53.55,142.9,3.7,26.223763381832192,26.223763381832192,Sobrepeso,0,
2024_31069007,2024_31069007_01,Hombre,63.0,SOTUTA,,,,1.0,5.5,,,,5.5,,,,0,
2024_31069010,2024_31069010_01,Mujer,46.0,SOTUTA,75.6,151.0,,1.0,2.6,33.1564405069953,75.6,151.0,2.6,33.1564405069953,33.1564405069953,Obesidad I,0,
2024_31069010,2024_31069010_02,Hombre,20.0,SOTUTA,55.65,168.8,,1.0,4.1,19.530811302531383,55.65,168.8,4.1,19.530811302531383,19.530811302531383,Normal,0,
2024_31069016,2024_31069016_01,Mujer,39.0,SOTUTA,62.8,141.4,,1.0,3.3,31.409485664670722,62.8,141.4,3.3,31.409485664670722,31.409485664670722,Obesidad I,0,
2024_31069018,2024_31069018_02,Mujer,25.0,SOTUTA,68.1,155.2,,1.0,2.4,28.27246519290042,68.1,155.2,2.4,28.27246519290042,28.27246519290042,Sobrepeso,0,
2024_31069019,2024_31069019_01,Mujer,69.0,SOTUTA,,,,1.0,3.7,,,,3.7,,,,0,
2024_31069019,2024_31069019_02,Mujer,35.0,SOTUTA,57.6,141.8,,1.0,2.4,28.64639801384973,57.6,141.8,2.4,28.64639801384973,28.64639801384973,Sobrepeso,0,
2024_31079012,2024_31079012_01,Mujer,26.0,TEKAX,97.25,145.7,,1.0,4.2,45.811077471831496,97.25,145.7,4.2,45.811077471831496,45.811077471831496,Obesidad III,0,
2024_31079019,2024_31079019_02,Mujer,48.0,TEKAX,69.0,144.5,,1.0,2.6,33.045581350798,69.0,144.5,2.6,33.045581350798,33.045581350798,Obesidad I,0,
2024_31079020,2024_31079020_01,Hombre,70.0,TEKAX,,,,1.0,8.7,,,,8.7,,,,1,
2024_31079020,2024_31079020_04,Hombre,20.0,TEKAX,77.25,159.0,,1.0,6.9,30.556544440488903,77.25,159.0,6.9,30.556544440488903,30.556544440488903,Obesidad I,0,
2024_31089009,2024_31089009_01,Hombre,84.0,TICUL,,,,1.0,4.4,,,,4.4,,,,0,
2024_31089012,2024_31089012_02,Mujer,31.0,TICUL,69.7,143.5,,1.0,3.9,33.84768541562967,69.7,143.5,3.9,33.84768541562967,33.84768541562967,Obesidad I,0,
2024_31089013,2024_31089013_02,Mujer,72.0,TICUL,,,,1.0,3.0,,,,3.0,,,,0,
2024_31089013,2024_31089013_04,Mujer,39.0,TICUL,74.65,152.7,,1.0,4.5,32.01486965251966,74.65,152.7,4.5,32.01486965251966,32.01486965251966,Obesidad I,0,
2024_31089018,2024_31089018_02,Mujer,66.0,TICUL,,,,1.0,4.2,,,,4.2,,,,0,
2024_31089025,2024_31089025_02,Mujer,39.0,TICUL,65.1,144.1,,1.0,3.4,31.35111758788066,65.1,144.1,3.4,31.35111758788066,31.35111758788066,Obesidad I,0,
2024_31089025,2024_31089025_03,Mujer,65.0,TICUL,,,,1.0,3.9,,,,3.9,,,,0,
2024_31089027,2024_31089027_02,Mujer,38.0,TICUL,79.0,141.0,,1.0,3.5,39.73643176902571,79.0,141.0,3.5,39.73643176902571,39.73643176902571,Obesidad II,0,
2024_31101001,2024_31101001_02,Mujer,30.0,UMN,110.4,171.6,,1.0,5.1,37.49164588325428,110.4,171.6,5.1,37.49164588325428,37.49164588325428,Obesidad II,0,
2024_31101003,2024_31101003_02,Mujer,,UMN,,,,1.0,2.8,,,,2.8,,,,0,
2024_31101012,2024_31101012_01,Hombre,70.0,UMN,,,,1.0,7.8,,,,7.8,,,,1,
2024_31101012,2024_31101012_02,Mujer,38.0,UMN,47.55,143.2,,1.0,3.6,23.188063730844853,47.55,143.2,3.6,23.188063730844853,23.188063730844853,Normal,0,
2024_31104003,2024_31104003_01,Mujer,40.0,YAXCAB,59.35,143.5,,1.0,3.0,28.82152266022411,59.35,143.5,3.0,28.82152266022411,28.82152266022411,Sobrepeso,0,
2024_31104005,2024_31104005_01,Hombre,49.0,YAXCAB,78.85,155.8,,1.0,16.4,32.483797238485856,78.85,155.8,16.4,32.483797238485856,32.483797238485856,Obesidad I,1,
2024_31104005,2024_31104005_03,Hombre,25.0,YAXCAB,74.25,156.0,,1.0,6.0,30.510355029585796,74.25,156.0,6.0,30.510355029585796,30.510355029585796,Obesidad I,0,
2024_31104006,2024_31104006_02,Mujer,62.0,YAXCAB,,,,1.0,4.3,,,,4.3,,,,0,
2024_31104012,2024_31104012_01,Hombre,69.0,YAXCAB,,,,1.0,6.0,,,,6.0,,,,0,
2024_31104026,2024_31104026_01,Hombre,33.0,YAXCAB,86.8,161.0,,1.0,7.1,33.48636240885768,86.8,161.0,7.1,33.48636240885768,33.48636240885768,Obesidad I,1,
2024_31104027,2024_31104027_02,Mujer,42.0,YAXCAB,75.75,146.6,,1.0,2.5,35.24639439854529,75.75,146.6,2.5,35.24639439854529,35.24639439854529,Obesidad II,0,
2024_31104035,2024_31104035_02,Mujer,29.0,YAXCAB,62.65,155.2,,1.0,3.8,26.009837655436293,62.65,155.2,3.8,26.009837655436293,26.009837655436293,Sobrepeso,0,
2024_31104037,2024_31104037_01,Hombre,46.0,YAXCAB,67.25,155.7,,1.0,5.6,27.740549753758796,67.25,155.7,5.6,27.740549753758796,27.740549753758796,Sobrepeso,0,
2024_31104037,2024_31104037_02,Mujer,41.0,YAXCAB,67.5,141.2,,1.0,3.6,33.85590125913859,67.5,141.2,3.6,33.85590125913859,33.85590125913859,Obesidad I,0,
2024_31104038,2024_31104038_01,Hombre,31.0,YAXCAB,69.4,156.7,,1.0,4.5,28.26320948699017,69.4,156.7,4.5,28.26320948699017,28.26320948699017,Sobrepeso,0,
2024_31104048,2024_31104048_01,Hombre,72.0,YAXCAB,,,,1.0,6.4,,,,6.4,,,,0,
2024_31104050,2024_31104050_01,Mujer,33.0,YAXCAB,64.9,147.5,,1.0,3.4,29.830508474576273,64.9,147.5,3.4,29.830508474576273,29.830508474576273,Sobrepeso,0,
2024_32005013,2024_32005013_02,Mujer,50.0,CALERA,70.05,158.5,,1.0,5.2,27.883648956602215,70.05,158.5,5.2,27.883648956602215,27.883648956602215,Sobrepeso,0,
2024_32005027,2024_32005027_01,Mujer,32.0,CALERA,88.7,155.0,,1.0,4.6,36.91987513007284,88.7,155.0,4.6,36.91987513007284,36.91987513007284,Obesidad II,0,
2024_32010015,2024_32010015_02,Mujer,39.0,FRESNILLO,96.15,163.1,,1.0,5.8,36.14442885223865,96.15,163.1,5.8,36.14442885223865,36.14442885223865,Obesidad II,0,
2024_32010020,2024_32010020_01,Hombre,38.0,FRESNILLO,79.45,169.2,,1.0,5.7,27.751929536296526,79.45,169.2,5.7,27.751929536296526,27.751929536296526,Sobrepeso,0,
2024_32010026,2024_32010026_01,Mujer,42.0,FRESNILLO,46.75,158.5,,1.0,4.7,18.609001980316254,46.75,158.5,4.7,18.609001980316254,18.609001980316254,Normal,0,
2024_32010038,2024_32010038_01,Hombre,47.0,FRESNILLO,73.6,163.6,,1.0,4.8,27.498640012912404,73.6,163.6,4.8,27.498640012912404,27.498640012912404,Sobrepeso,0,
2024_32010038,2024_32010038_02,Mujer,43.0,FRESNILLO,71.15,154.7,,1.0,5.5,29.729956723378532,71.15,154.7,5.5,29.729956723378532,29.729956723378532,Sobrepeso,0,
2024_32010045,2024_32010045_01,Mujer,29.0,FRESNILLO,57.55,156.7,,1.0,5.1,23.437286829629453,57.55,156.7,5.1,23.437286829629453,23.437286829629453,Normal,0,
2024_32010059,2024_32010059_03,Mujer,39.0,FRESNILLO,52.1,144.8,,1.0,3.2,24.848524159824176,52.1,144.8,3.2,24.848524159824176,24.848524159824176,Normal,0,
2024_32010060,2024_32010060_01,Hombre,75.0,FRESNILLO,,,,1.0,5.7,,,,5.7,,,,0,
2024_32010061,2024_32010061_01,Hombre,42.0,FRESNILLO,102.4,171.8,,1.0,5.8,34.69394116395462,102.4,171.8,5.8,34.69394116395462,34.69394116395462,Obesidad I,0,
2024_32017011,2024_32017011_01,Hombre,55.0,GUADALUPE,79.2,162.9,,1.0,6.3,29.84578546985067,79.2,162.9,6.3,29.84578546985067,29.84578546985067,Sobrepeso,0,
2024_32017011,2024_32017011_03,Hombre,23.0,GUADALUPE,78.15,163.9,,1.0,7.2,29.091832286610575,78.15,163.9,7.2,29.091832286610575,29.091832286610575,Sobrepeso,1,
2024_32017017,2024_32017017_01,Mujer,78.0,GUADALUPE,,,,1.0,3.0,,,,3.0,,,,0,
2024_32017036,2024_32017036_02,Hombre,73.0,GUADALUPE,,,,1.0,7.3,,,,7.3,,,,1,
2024_32017045,2024_32017045_01,Mujer,61.0,GUADALUPE,,,,1.0,2.9,,,,2.9,,,,0,
2024_32017045,2024_32017045_02,Hombre,43.0,GUADALUPE,73.75,165.5,,1.0,6.0,26.925639598032145,73.75,165.5,6.0,26.925639598032145,26.925639598032145,Sobrepeso,0,
2024_32017052,2024_32017052_02,Mujer,62.0,GUADALUPE,,,,1.0,4.8,,,,4.8,,,,0,
2024_32017052,2024_32017052_03,Hombre,41.0,GUADALUPE,98.55,160.5,,1.0,7.5,38.256616298366666,98.55,160.5,7.5,38.256616298366666,38.256616298366666,Obesidad II,1,
2024_32019011,2024_32019011_02,Hombre,51.0,JALPA,73.2,163.0,,1.0,4.8,27.55090519025933,73.2,163.0,4.8,27.55090519025933,27.55090519025933,Sobrepeso,0,
2024_32019018,2024_32019018_02,Mujer,37.0,JALPA,67.15,145.6,,1.0,5.7,31.6754845429296,67.15,145.6,5.7,31.6754845429296,31.6754845429296,Obesidad I,0,
2024_32019024,2024_32019024_01,Hombre,49.0,JALPA,98.45,176.5,,1.0,8.7,31.60285372645636,98.45,176.5,8.7,31.60285372645636,31.60285372645636,Obesidad I,1,
2024_32020004,2024_32020004_01,Mujer,74.0,JEREZ,,,,1.0,5.8,,,,5.8,,,,0,
2024_32020005,2024_32020005_02,Mujer,62.0,JEREZ,,,,1.0,6.7,,,,6.7,,,,1,
2024_32020013,2024_32020013_01,Hombre,51.0,JEREZ,81.1,155.9,,1.0,5.2,33.36788067876276,81.1,155.9,5.2,33.36788067876276,33.36788067876276,Obesidad I,0,
2024_32020013,2024_32020013_03,Hombre,24.0,JEREZ,70.9,162.7,,1.0,4.9,26.783734377886393,70.9,162.7,4.9,26.783734377886393,26.783734377886393,Sobrepeso,0,
2024_32020018,2024_32020018_01,Mujer,75.0,JEREZ,,,,1.0,4.3,,,,4.3,,,,0,
2024_32020026,2024_32020026_02,Mujer,61.0,JEREZ,,,,1.0,3.7,,,,3.7,,,,0,
2024_32020027,2024_32020027_01,Hombre,47.0,JEREZ,79.5,165.7,,1.0,6.7,28.954902829895598,79.5,165.7,6.7,28.954902829895598,28.954902829895598,Sobrepeso,0,
2024_32020027,2024_32020027_03,Mujer,21.0,JEREZ,35.8,149.1,,1.0,5.4,16.103776695496027,35.8,149.1,5.4,16.103776695496027,16.103776695496027,Bajo peso,0,
2024_32020031,2024_32020031_02,Mujer,35.0,JEREZ,70.5,158.9,,1.0,3.8,27.92166566795555,70.5,158.9,3.8,27.92166566795555,27.92166566795555,Sobrepeso,0,
2024_32020032,2024_32020032_02,Hombre,67.0,JEREZ,,,,1.0,5.6,,,,5.6,,,,0,
2024_32020033,2024_32020033_02,Mujer,60.0,JEREZ,,,,1.0,6.4,,,,6.4,,,,1,
2024_32020036,2024_32020036_02,Mujer,52.0,JEREZ,85.95,142.9,,1.0,5.9,42.090242066638226,85.95,142.9,5.9,42.090242066638226,42.090242066638226,Obesidad III,0,
2024_32020040,2024_32020040_01,Hombre,43.0,JEREZ,92.0,174.0,,1.0,7.5,30.38710529792575,92.0,174.0,7.5,30.38710529792575,30.38710529792575,Obesidad I,1,
2024_32025001,2024_32025001_01,Mujer,77.0,LUIS MOYA,,,,1.0,6.6,,,,6.6,,,,1,
2024_32025003,2024_32025003_02,Mujer,51.0,LUIS MOYA,53.3,151.7,,1.0,5.4,23.160932851110836,53.3,151.7,5.4,23.160932851110836,23.160932851110836,Normal,0,
2024_32025003,2024_32025003_03,Hombre,42.0,LUIS MOYA,59.0,167.2,,1.0,9.0,21.104713719923996,59.0,167.2,9.0,21.104713719923996,21.104713719923996,Normal,1,
2024_32025012,2024_32025012_01,Hombre,67.0,LUIS MOYA,,,,1.0,5.2,,,,5.2,,,,0,
2024_32025012,2024_32025012_03,Hombre,21.0,LUIS MOYA,62.6,175.9,,1.0,5.2,20.232178795577745,62.6,175.9,5.2,20.232178795577745,20.232178795577745,Normal,0,
2024_32025013,2024_32025013_02,Mujer,59.0,LUIS MOYA,222.22,222.2,,1.0,5.6,45.00855126016652,222.22,222.2,5.6,45.00855126016652,45.00855126016652,Obesidad III,0,
2024_32025028,2024_32025028_01,Hombre,37.0,LUIS MOYA,85.1,172.7,,1.0,6.4,28.532832371453893,85.1,172.7,6.4,28.532832371453893,28.532832371453893,Sobrepeso,0,
2024_32036005,2024_32036005_02,Mujer,63.0,OJOCALIENTE,,,,1.0,4.2,,,,4.2,,,,0,
2024_32036005,2024_32036005_05,Mujer,28.0,OJOCALIENTE,88.05,144.0,,1.0,6.2,42.46238425925926,88.05,144.0,6.2,42.46238425925926,42.46238425925926,Obesidad III,1,
2024_32036008,2024_32036008_02,Mujer,52.0,OJOCALIENTE,68.6,150.9,,1.0,5.3,30.126288875977615,68.6,150.9,5.3,30.126288875977615,30.126288875977615,Obesidad I,0,
2024_32036008,2024_32036008_04,Hombre,27.0,OJOCALIENTE,58.4,160.1,,1.0,4.8,22.784011086137998,58.4,160.1,4.8,22.784011086137998,22.784011086137998,Normal,0,
2024_32036017,2024_32036017_01,Mujer,54.0,OJOCALIENTE,99.35,153.0,,1.0,5.1,42.44094151821949,99.35,153.0,5.1,42.44094151821949,42.44094151821949,Obesidad III,0,
2024_32036019,2024_32036019_01,Mujer,33.0,OJOCALIENTE,69.25,163.0,,1.0,4.1,26.064210169746698,69.25,163.0,4.1,26.064210169746698,26.064210169746698,Sobrepeso,0,
2024_32036020,2024_32036020_02,Hombre,50.0,OJOCALIENTE,73.4,163.0,,1.0,4.6,27.626180887500475,73.4,163.0,4.6,27.626180887500475,27.626180887500475,Sobrepeso,0,
2024_32036025,2024_32036025_02,Mujer,50.0,OJOCALIENTE,85.65,165.0,,1.0,2.7,31.46005509641874,85.65,165.0,2.7,31.46005509641874,31.46005509641874,Obesidad I,0,
2024_32036027,2024_32036027_01,Hombre,91.0,OJOCALIENTE,,,,1.0,5.4,,,,5.4,,,,0,
2024_32036031,2024_32036031_02,Mujer,30.0,OJOCALIENTE,87.95,161.0,,1.0,5.5,33.93001813201651,87.95,161.0,5.5,33.93001813201651,33.93001813201651,Obesidad I,0,
2024_32036033,2024_32036033_02,Mujer,53.0,OJOCALIENTE,71.35,152.5,,1.0,3.5,30.679924751410915,71.35,152.5,3.5,30.679924751410915,30.679924751410915,Obesidad I,0,
2024_32039013,2024_32039013_01,Hombre,67.0,RO GRANDE,,,,1.0,3.2,,,,3.2,,,,0,
2024_32039018,2024_32039018_01,Mujer,35.0,RO GRANDE,90.1,159.7,,1.0,5.0,35.327667052617834,90.1,159.7,5.0,35.327667052617834,35.327667052617834,Obesidad II,0,
2024_32039030,2024_32039030_01,Mujer,39.0,RO GRANDE,70.25,153.9,,1.0,4.6,29.65985946504168,70.25,153.9,4.6,29.65985946504168,29.65985946504168,Sobrepeso,0,
2024_32040002,2024_32040002_01,Mujer,59.0,SAIN ALTO,63.1,157.0,,1.0,3.9,25.59941579780113,63.1,157.0,3.9,25.59941579780113,25.59941579780113,Sobrepeso,0,
2024_32040002,2024_32040002_03,Hombre,34.0,SAIN ALTO,90.6,176.7,,1.0,6.8,29.01717297790179,90.6,176.7,6.8,29.01717297790179,29.01717297790179,Sobrepeso,0,
2024_32040008,2024_32040008_02,Mujer,83.0,SAIN ALTO,,,,1.0,2.3,,,,2.3,,,,0,
2024_32040008,2024_32040008_03,Mujer,37.0,SAIN ALTO,81.8,161.5,,1.0,5.5,31.362324952793564,81.8,161.5,5.5,31.362324952793564,31.362324952793564,Obesidad I,0,
2024_32040010,2024_32040010_01,Hombre,79.0,SAIN ALTO,,,,1.0,8.6,,,,8.6,,,,1,
2024_32040015,2024_32040015_02,Mujer,72.0,SAIN ALTO,,,,1.0,4.5,,,,4.5,,,,0,
2024_32040017,2024_32040017_02,Mujer,37.0,SAIN ALTO,66.3,162.0,,1.0,4.5,25.262917238225874,66.3,162.0,4.5,25.262917238225874,25.262917238225874,Sobrepeso,0,
2024_32051015,2024_32051015_01,Hombre,63.0,VILLA DE COS,,,,1.0,5.8,,,,5.8,,,,0,
2024_32051017,2024_32051017_02,Hombre,72.0,VILLA DE COS,,,,1.0,6.7,,,,6.7,,,,0,
2024_32051018,2024_32051018_01,Hombre,60.0,VILLA DE COS,70.7,167.6,,1.0,3.9,25.169314369364496,70.7,167.6,3.9,25.169314369364496,25.169314369364496,Sobrepeso,0,
2024_32051021,2024_32051021_01,Hombre,68.0,VILLA DE COS,,,,1.0,7.1,,,,7.1,,,,1,
2024_32051028,2024_32051028_01,Mujer,30.0,VILLA DE COS,81.55,160.1,,1.0,3.6,31.815686713605373,81.55,160.1,3.6,31.815686713605373,31.815686713605373,Obesidad I,0,
2024_32051028,2024_32051028_02,Mujer,69.0,VILLA DE COS,,,,1.0,9.7,,,,9.7,,,,1,
2024_32052004,2024_32052004_01,Hombre,37.0,VILLA GARCA,79.7,168.6,,1.0,6.2,28.03775140751623,79.7,168.6,6.2,28.03775140751623,28.03775140751623,Sobrepeso,0,
2024_32052005,2024_32052005_01,Hombre,,VILLA GARCA,,,,1.0,4.2,,,,4.2,,,,0,
2024_32052006,2024_32052006_01,Mujer,60.0,VILLA GARCA,68.0,155.3,,1.0,3.7,28.194604133246038,68.0,155.3,3.7,28.194604133246038,28.194604133246038,Sobrepeso,0,
2024_32052006,2024_32052006_02,Mujer,20.0,VILLA GARCA,42.3,156.8,,1.0,3.5,17.20474541857559,42.3,156.8,3.5,17.20474541857559,17.20474541857559,Bajo peso,0,
2024_32052008,2024_32052008_03,Mujer,,VILLA GARCA,57.25,144.8,,1.0,5.8,27.30476023320411,57.25,144.8,5.8,27.30476023320411,27.30476023320411,Sobrepeso,0,
2024_32052008,2024_32052008_04,Hombre,22.0,VILLA GARCA,68.9,162.3,,1.0,5.4,26.156653679451534,68.9,162.3,5.4,26.156653679451534,26.156653679451534,Sobrepeso,0,
2024_32052009,2024_32052009_02,Mujer,48.0,VILLA GARCA,64.8,149.3,,1.0,3.2,29.070693376412986,64.8,149.3,3.2,29.070693376412986,29.070693376412986,Sobrepeso,0,
2024_32052014,2024_32052014_01,Hombre,44.0,VILLA GARCA,77.0,164.6,,1.0,4.6,28.420457414343694,77.0,164.6,4.6,28.420457414343694,28.420457414343694,Sobrepeso,0,
2024_32052014,2024_32052014_02,Mujer,45.0,VILLA GARCA,68.5,147.2,,1.0,5.9,31.613672613421553,68.5,147.2,5.9,31.613672613421553,31.613672613421553,Obesidad I,0,
2024_32052024,2024_32052024_02,Mujer,29.0,VILLA GARCA,66.3,160.5,,1.0,3.4,25.737327859783967,66.3,160.5,3.4,25.737327859783967,25.737327859783967,Sobrepeso,0,
2024_32052032,2024_32052032_01,Hombre,70.0,VILLA GARCA,,,,1.0,7.9,,,,7.9,,,,1,
2024_32052032,2024_32052032_02,Mujer,28.0,VILLA GARCA,99.2,160.7,,1.0,3.9,38.41314968853209,99.2,160.7,3.9,38.41314968853209,38.41314968853209,Obesidad II,0,
2024_32052033,2024_32052033_02,Mujer,27.0,VILLA GARCA,74.7,151.5,,1.0,3.7,32.545828840309774,74.7,151.5,3.7,32.545828840309774,32.545828840309774,Obesidad I,0,
2024_32056012,2024_32056012_01,Mujer,66.0,ZACATECAS,,,,1.0,4.8,,,,4.8,,,,0,
2024_32056022,2024_32056022_02,Mujer,51.0,ZACATECAS,97.6,171.2,,1.0,5.8,33.299851515416194,97.6,171.2,5.8,33.299851515416194,33.299851515416194,Obesidad I,0,
2024_32056024,2024_32056024_01,Hombre,45.0,ZACATECAS,90.95,172.4,,1.0,6.7,30.600475880297807,90.95,172.4,6.7,30.600475880297807,30.600475880297807,Obesidad I,0,
2024_32056024,2024_32056024_02,Mujer,38.0,ZACATECAS,69.3,152.8,,1.0,4.6,29.6815465584825,69.3,152.8,4.6,29.6815465584825,29.6815465584825,Sobrepeso,0,
2024_32056029,2024_32056029_01,Hombre,44.0,ZACATECAS,76.85,164.4,,1.0,6.5,28.4341496912758,76.85,164.4,6.5,28.4341496912758,28.4341496912758,Sobrepeso,0,
